Command line invocation:
    /Applications/Xcode.app/Contents/Developer/usr/bin/xcodebuild -workspace falcon.xcworkspace -scheme falcon -configuration Release -destination "generic/platform=iOS Simulator" build

2026-02-13 11:13:01.898 xcodebuild[1720:4292604] [MT] IDERunDestination: Supported platforms for the buildables in the current scheme is empty.
ComputePackagePrebuildTargetDependencyGraph

Prepare packages

CreateBuildRequest

SendProjectDescription

CreateBuildOperation

ComputeTargetDependencyGraph
note: Building targets in dependency order
note: Target dependency graph (48 targets)
    Target 'falcon' in project 'falcon'
        ➜ Implicit dependency on target 'Pods-falcon' in project 'Pods' via file 'Pods_falcon.framework' in build phase 'Link Binary'
        ➜ Implicit dependency on target 'Alamofire' in project 'Pods' via options '-framework Alamofire' in build setting 'OTHER_LDFLAGS'
        ➜ Implicit dependency on target 'Cache' in project 'Pods' via options '-framework Cache' in build setting 'OTHER_LDFLAGS'
        ➜ Implicit dependency on target 'DZNEmptyDataSet' in project 'Pods' via options '-framework DZNEmptyDataSet' in build setting 'OTHER_LDFLAGS'
        ➜ Implicit dependency on target 'DisplayCriteria' in project 'Pods' via options '-framework DisplayCriteria' in build setting 'OTHER_LDFLAGS'
        ➜ Implicit dependency on target 'ESTabBarController-swift' in project 'Pods' via options '-framework ESTabBarController_swift' in build setting 'OTHER_LDFLAGS'
        ➜ Implicit dependency on target 'FFmpegKit' in project 'Pods' via options '-framework FFmpegKit' in build setting 'OTHER_LDFLAGS'
        ➜ Implicit dependency on target 'IQKeyboardCore' in project 'Pods' via options '-framework IQKeyboardCore' in build setting 'OTHER_LDFLAGS'
        ➜ Implicit dependency on target 'IQKeyboardManagerSwift' in project 'Pods' via options '-framework IQKeyboardManagerSwift' in build setting 'OTHER_LDFLAGS'
        ➜ Implicit dependency on target 'IQKeyboardNotification' in project 'Pods' via options '-framework IQKeyboardNotification' in build setting 'OTHER_LDFLAGS'
        ➜ Implicit dependency on target 'IQKeyboardReturnManager' in project 'Pods' via options '-framework IQKeyboardReturnManager' in build setting 'OTHER_LDFLAGS'
        ➜ Implicit dependency on target 'IQKeyboardToolbar' in project 'Pods' via options '-framework IQKeyboardToolbar' in build setting 'OTHER_LDFLAGS'
        ➜ Implicit dependency on target 'IQKeyboardToolbarManager' in project 'Pods' via options '-framework IQKeyboardToolbarManager' in build setting 'OTHER_LDFLAGS'
        ➜ Implicit dependency on target 'IQTextInputViewNotification' in project 'Pods' via options '-framework IQTextInputViewNotification' in build setting 'OTHER_LDFLAGS'
        ➜ Implicit dependency on target 'IQTextView' in project 'Pods' via options '-framework IQTextView' in build setting 'OTHER_LDFLAGS'
        ➜ Implicit dependency on target 'JXPagingView' in project 'Pods' via options '-framework JXPagingView' in build setting 'OTHER_LDFLAGS'
        ➜ Implicit dependency on target 'JXSegmentedView' in project 'Pods' via options '-framework JXSegmentedView' in build setting 'OTHER_LDFLAGS'
        ➜ Implicit dependency on target 'KSPlayer' in project 'Pods' via options '-framework KSPlayer' in build setting 'OTHER_LDFLAGS'
        ➜ Implicit dependency on target 'Kingfisher' in project 'Pods' via options '-framework Kingfisher' in build setting 'OTHER_LDFLAGS'
        ➜ Implicit dependency on target 'lottie-ios' in project 'Pods' via options '-framework Lottie' in build setting 'OTHER_LDFLAGS'
        ➜ Implicit dependency on target 'MBProgressHUD' in project 'Pods' via options '-framework MBProgressHUD' in build setting 'OTHER_LDFLAGS'
        ➜ Implicit dependency on target 'SnapKit' in project 'Pods' via options '-framework SnapKit' in build setting 'OTHER_LDFLAGS'
        ➜ Implicit dependency on target 'Toast' in project 'Pods' via options '-framework Toast' in build setting 'OTHER_LDFLAGS'
        ➜ Implicit dependency on target 'YQKingfisher' in project 'Pods' via options '-framework YQKingfisher' in build setting 'OTHER_LDFLAGS'
        ➜ Implicit dependency on target 'YQPhotoBrowser' in project 'Pods' via options '-framework YQPhotoBrowser' in build setting 'OTHER_LDFLAGS'
        ➜ Implicit dependency on target 'YYCache' in project 'Pods' via options '-framework YYCache' in build setting 'OTHER_LDFLAGS'
        ➜ Implicit dependency on target 'YYText' in project 'Pods' via options '-framework YYText' in build setting 'OTHER_LDFLAGS'
        ➜ Implicit dependency on target 'ZLPhotoBrowser' in project 'Pods' via options '-framework ZLPhotoBrowser' in build setting 'OTHER_LDFLAGS'
    Target 'Pods-falcon' in project 'Pods'
        ➜ Explicit dependency on target 'Alamofire' in project 'Pods'
        ➜ Explicit dependency on target 'Cache' in project 'Pods'
        ➜ Explicit dependency on target 'DZNEmptyDataSet' in project 'Pods'
        ➜ Explicit dependency on target 'DisplayCriteria' in project 'Pods'
        ➜ Explicit dependency on target 'ESTabBarController-swift' in project 'Pods'
        ➜ Explicit dependency on target 'FFmpegKit' in project 'Pods'
        ➜ Explicit dependency on target 'IQKeyboardCore' in project 'Pods'
        ➜ Explicit dependency on target 'IQKeyboardManagerSwift' in project 'Pods'
        ➜ Explicit dependency on target 'IQKeyboardNotification' in project 'Pods'
        ➜ Explicit dependency on target 'IQKeyboardReturnManager' in project 'Pods'
        ➜ Explicit dependency on target 'IQKeyboardToolbar' in project 'Pods'
        ➜ Explicit dependency on target 'IQKeyboardToolbarManager' in project 'Pods'
        ➜ Explicit dependency on target 'IQTextInputViewNotification' in project 'Pods'
        ➜ Explicit dependency on target 'IQTextView' in project 'Pods'
        ➜ Explicit dependency on target 'JXPagingView' in project 'Pods'
        ➜ Explicit dependency on target 'JXSegmentedView' in project 'Pods'
        ➜ Explicit dependency on target 'KSPlayer' in project 'Pods'
        ➜ Explicit dependency on target 'Kingfisher' in project 'Pods'
        ➜ Explicit dependency on target 'Libass' in project 'Pods'
        ➜ Explicit dependency on target 'MBProgressHUD' in project 'Pods'
        ➜ Explicit dependency on target 'SnapKit' in project 'Pods'
        ➜ Explicit dependency on target 'Toast' in project 'Pods'
        ➜ Explicit dependency on target 'YQKingfisher' in project 'Pods'
        ➜ Explicit dependency on target 'YQPhotoBrowser' in project 'Pods'
        ➜ Explicit dependency on target 'YYCache' in project 'Pods'
        ➜ Explicit dependency on target 'YYText' in project 'Pods'
        ➜ Explicit dependency on target 'ZLPhotoBrowser' in project 'Pods'
        ➜ Explicit dependency on target 'lottie-ios' in project 'Pods'
    Target 'lottie-ios' in project 'Pods'
        ➜ Explicit dependency on target 'lottie-ios-LottiePrivacyInfo' in project 'Pods'
    Target 'lottie-ios-LottiePrivacyInfo' in project 'Pods' (no dependencies)
    Target 'ZLPhotoBrowser' in project 'Pods'
        ➜ Explicit dependency on target 'ZLPhotoBrowser-ZLPhotoBrowser_Privacy' in project 'Pods'
    Target 'ZLPhotoBrowser-ZLPhotoBrowser_Privacy' in project 'Pods' (no dependencies)
    Target 'YYText' in project 'Pods' (no dependencies)
    Target 'YYCache' in project 'Pods' (no dependencies)
    Target 'YQPhotoBrowser' in project 'Pods'
        ➜ Explicit dependency on target 'SnapKit' in project 'Pods'
        ➜ Explicit dependency on target 'YQKingfisher' in project 'Pods'
        ➜ Explicit dependency on target 'YQPhotoBrowser-YQPhotoBrowser' in project 'Pods'
    Target 'YQPhotoBrowser-YQPhotoBrowser' in project 'Pods'
        ➜ Implicit dependency on target 'SnapKit' in project 'Pods' via options '-framework SnapKit' in build setting 'OTHER_LDFLAGS'
        ➜ Implicit dependency on target 'YQKingfisher' in project 'Pods' via options '-framework YQKingfisher' in build setting 'OTHER_LDFLAGS'
    Target 'YQKingfisher' in project 'Pods' (no dependencies)
    Target 'Toast' in project 'Pods'
        ➜ Explicit dependency on target 'Toast-Toast' in project 'Pods'
    Target 'Toast-Toast' in project 'Pods' (no dependencies)
    Target 'SnapKit' in project 'Pods'
        ➜ Explicit dependency on target 'SnapKit-SnapKit_Privacy' in project 'Pods'
    Target 'SnapKit-SnapKit_Privacy' in project 'Pods' (no dependencies)
    Target 'MBProgressHUD' in project 'Pods' (no dependencies)
    Target 'Kingfisher' in project 'Pods'
        ➜ Explicit dependency on target 'Kingfisher-Kingfisher' in project 'Pods'
    Target 'Kingfisher-Kingfisher' in project 'Pods' (no dependencies)
    Target 'KSPlayer' in project 'Pods'
        ➜ Explicit dependency on target 'DisplayCriteria' in project 'Pods'
        ➜ Explicit dependency on target 'FFmpegKit' in project 'Pods'
        ➜ Explicit dependency on target 'KSPlayer-KSPlayer_KSPlayer' in project 'Pods'
    Target 'KSPlayer-KSPlayer_KSPlayer' in project 'Pods' (no dependencies)
    Target 'JXSegmentedView' in project 'Pods'
        ➜ Explicit dependency on target 'JXSegmentedView-JXSegmentedView' in project 'Pods'
    Target 'JXSegmentedView-JXSegmentedView' in project 'Pods' (no dependencies)
    Target 'JXPagingView' in project 'Pods'
        ➜ Explicit dependency on target 'JXPagingView-JXPagingView' in project 'Pods'
    Target 'JXPagingView-JXPagingView' in project 'Pods' (no dependencies)
    Target 'IQKeyboardManagerSwift' in project 'Pods'
        ➜ Explicit dependency on target 'IQKeyboardManagerSwift-IQKeyboardManagerSwift' in project 'Pods'
        ➜ Explicit dependency on target 'IQKeyboardNotification' in project 'Pods'
        ➜ Explicit dependency on target 'IQKeyboardReturnManager' in project 'Pods'
        ➜ Explicit dependency on target 'IQKeyboardToolbarManager' in project 'Pods'
        ➜ Explicit dependency on target 'IQTextInputViewNotification' in project 'Pods'
        ➜ Explicit dependency on target 'IQTextView' in project 'Pods'
    Target 'IQKeyboardManagerSwift-IQKeyboardManagerSwift' in project 'Pods'
        ➜ Implicit dependency on target 'IQKeyboardNotification' in project 'Pods' via options '-framework IQKeyboardNotification' in build setting 'OTHER_LDFLAGS'
        ➜ Implicit dependency on target 'IQKeyboardReturnManager' in project 'Pods' via options '-framework IQKeyboardReturnManager' in build setting 'OTHER_LDFLAGS'
        ➜ Implicit dependency on target 'IQKeyboardToolbarManager' in project 'Pods' via options '-framework IQKeyboardToolbarManager' in build setting 'OTHER_LDFLAGS'
        ➜ Implicit dependency on target 'IQTextInputViewNotification' in project 'Pods' via options '-framework IQTextInputViewNotification' in build setting 'OTHER_LDFLAGS'
        ➜ Implicit dependency on target 'IQTextView' in project 'Pods' via options '-framework IQTextView' in build setting 'OTHER_LDFLAGS'
    Target 'IQTextView' in project 'Pods'
        ➜ Explicit dependency on target 'IQKeyboardToolbar' in project 'Pods'
        ➜ Explicit dependency on target 'IQTextView-IQTextView' in project 'Pods'
    Target 'IQTextView-IQTextView' in project 'Pods'
        ➜ Implicit dependency on target 'IQKeyboardToolbar' in project 'Pods' via options '-framework IQKeyboardToolbar' in build setting 'OTHER_LDFLAGS'
    Target 'IQKeyboardToolbarManager' in project 'Pods'
        ➜ Explicit dependency on target 'IQKeyboardToolbar' in project 'Pods'
        ➜ Explicit dependency on target 'IQKeyboardToolbarManager-IQKeyboardToolbarManager' in project 'Pods'
        ➜ Explicit dependency on target 'IQTextInputViewNotification' in project 'Pods'
    Target 'IQKeyboardToolbarManager-IQKeyboardToolbarManager' in project 'Pods'
        ➜ Implicit dependency on target 'IQKeyboardToolbar' in project 'Pods' via options '-framework IQKeyboardToolbar' in build setting 'OTHER_LDFLAGS'
        ➜ Implicit dependency on target 'IQTextInputViewNotification' in project 'Pods' via options '-framework IQTextInputViewNotification' in build setting 'OTHER_LDFLAGS'
    Target 'IQTextInputViewNotification' in project 'Pods'
        ➜ Explicit dependency on target 'IQKeyboardCore' in project 'Pods'
        ➜ Explicit dependency on target 'IQTextInputViewNotification-IQTextInputViewNotification' in project 'Pods'
    Target 'IQTextInputViewNotification-IQTextInputViewNotification' in project 'Pods'
        ➜ Implicit dependency on target 'IQKeyboardCore' in project 'Pods' via options '-framework IQKeyboardCore' in build setting 'OTHER_LDFLAGS'
    Target 'IQKeyboardToolbar' in project 'Pods'
        ➜ Explicit dependency on target 'IQKeyboardCore' in project 'Pods'
        ➜ Explicit dependency on target 'IQKeyboardToolbar-IQKeyboardToolbar' in project 'Pods'
    Target 'IQKeyboardToolbar-IQKeyboardToolbar' in project 'Pods'
        ➜ Implicit dependency on target 'IQKeyboardCore' in project 'Pods' via options '-framework IQKeyboardCore' in build setting 'OTHER_LDFLAGS'
    Target 'IQKeyboardReturnManager' in project 'Pods'
        ➜ Explicit dependency on target 'IQKeyboardCore' in project 'Pods'
        ➜ Explicit dependency on target 'IQKeyboardReturnManager-IQKeyboardReturnManager' in project 'Pods'
    Target 'IQKeyboardReturnManager-IQKeyboardReturnManager' in project 'Pods'
        ➜ Implicit dependency on target 'IQKeyboardCore' in project 'Pods' via options '-framework IQKeyboardCore' in build setting 'OTHER_LDFLAGS'
    Target 'IQKeyboardNotification' in project 'Pods'
        ➜ Explicit dependency on target 'IQKeyboardNotification-IQKeyboardNotification' in project 'Pods'
    Target 'IQKeyboardNotification-IQKeyboardNotification' in project 'Pods' (no dependencies)
    Target 'IQKeyboardCore' in project 'Pods'
        ➜ Explicit dependency on target 'IQKeyboardCore-IQKeyboardCore' in project 'Pods'
    Target 'IQKeyboardCore-IQKeyboardCore' in project 'Pods' (no dependencies)
    Target 'FFmpegKit' in project 'Pods'
        ➜ Explicit dependency on target 'Libass' in project 'Pods'
    Target 'Libass' in project 'Pods' (no dependencies)
    Target 'ESTabBarController-swift' in project 'Pods' (no dependencies)
    Target 'DisplayCriteria' in project 'Pods' (no dependencies)
    Target 'DZNEmptyDataSet' in project 'Pods' (no dependencies)
    Target 'Cache' in project 'Pods' (no dependencies)
    Target 'Alamofire' in project 'Pods'
        ➜ Explicit dependency on target 'Alamofire-Alamofire' in project 'Pods'
    Target 'Alamofire-Alamofire' in project 'Pods' (no dependencies)

GatherProvisioningInputs

CreateBuildDescription

ExecuteExternalTool /Applications/Xcode.app/Contents/Developer/Toolchains/XcodeDefault.xctoolchain/usr/bin/clang -v -E -dM -arch arm64 -isysroot /Applications/Xcode.app/Contents/Developer/Platforms/iPhoneSimulator.platform/Developer/SDKs/iPhoneSimulator26.0.sdk -x c -c /dev/null

ExecuteExternalTool /Applications/Xcode.app/Contents/Developer/Toolchains/XcodeDefault.xctoolchain/usr/bin/clang -v -E -dM -isysroot /Applications/Xcode.app/Contents/Developer/Platforms/iPhoneSimulator.platform/Developer/SDKs/iPhoneSimulator26.0.sdk -x c -c /dev/null

ExecuteExternalTool /Applications/Xcode.app/Contents/Developer/usr/bin/actool --version --output-format xml1

ExecuteExternalTool /Applications/Xcode.app/Contents/Developer/usr/bin/ibtool --version --output-format xml1

ExecuteExternalTool /Applications/Xcode.app/Contents/Developer/usr/bin/actool --print-asset-tag-combinations --output-format xml1 /Users/zhouming/Desktop/falcon/falcon/Assets.xcassets

ExecuteExternalTool /Applications/Xcode.app/Contents/Developer/Toolchains/XcodeDefault.xctoolchain/usr/bin/clang -v -E -dM -arch arm64 -isysroot /Applications/Xcode.app/Contents/Developer/Platforms/iPhoneSimulator.platform/Developer/SDKs/iPhoneSimulator26.0.sdk -x objective-c -c /dev/null

ExecuteExternalTool /Applications/Xcode.app/Contents/Developer/Toolchains/XcodeDefault.xctoolchain/usr/bin/swiftc --version

ExecuteExternalTool /Applications/Xcode.app/Contents/Developer/Toolchains/XcodeDefault.xctoolchain/usr/bin/libtool -V

ExecuteExternalTool /Applications/Xcode.app/Contents/Developer/Toolchains/XcodeDefault.xctoolchain/usr/bin/ld -version_details

ExecuteExternalTool /Applications/Xcode.app/Contents/Developer/Toolchains/XcodeDefault.xctoolchain/usr/bin/clang -v -E -dM -arch x86_64 -isysroot /Applications/Xcode.app/Contents/Developer/Platforms/iPhoneSimulator.platform/Developer/SDKs/iPhoneSimulator26.0.sdk -x c -c /dev/null

ExecuteExternalTool /Applications/Xcode.app/Contents/Developer/Toolchains/XcodeDefault.xctoolchain/usr/bin/clang -v -E -dM -arch x86_64 -isysroot /Applications/Xcode.app/Contents/Developer/Platforms/iPhoneSimulator.platform/Developer/SDKs/iPhoneSimulator26.0.sdk -x objective-c -c /dev/null

ReadFileContents /Applications/Xcode.app/Contents/Developer/Toolchains/XcodeDefault.xctoolchain/usr/share/docc/features.json

Build description signature: e57c8cc2fa2864b6fd2992956841ad1d
Build description path: /Users/zhouming/Library/Developer/Xcode/DerivedData/falcon-gsoilikaxsflzjexzrtqkcenvrbo/Build/Intermediates.noindex/XCBuildData/e57c8cc2fa2864b6fd2992956841ad1d.xcbuilddata
ClangStatCache /Applications/Xcode.app/Contents/Developer/Toolchains/XcodeDefault.xctoolchain/usr/bin/clang-stat-cache /Applications/Xcode.app/Contents/Developer/Platforms/iPhoneSimulator.platform/Developer/SDKs/iPhoneSimulator26.0.sdk /Users/zhouming/Library/Developer/Xcode/DerivedData/SDKStatCaches.noindex/iphonesimulator26.0-23A339-3885c01c3e6b6a337905948deab2002e26257891a6c027eb51374368541b8346.sdkstatcache
    cd /Users/zhouming/Desktop/falcon
    /Applications/Xcode.app/Contents/Developer/Toolchains/XcodeDefault.xctoolchain/usr/bin/clang-stat-cache /Applications/Xcode.app/Contents/Developer/Platforms/iPhoneSimulator.platform/Developer/SDKs/iPhoneSimulator26.0.sdk -o /Users/zhouming/Library/Developer/Xcode/DerivedData/SDKStatCaches.noindex/iphonesimulator26.0-23A339-3885c01c3e6b6a337905948deab2002e26257891a6c027eb51374368541b8346.sdkstatcache

ProcessInfoPlistFile /Users/zhouming/Library/Developer/Xcode/DerivedData/falcon-gsoilikaxsflzjexzrtqkcenvrbo/Build/Products/Release-iphonesimulator/ZLPhotoBrowser/ZLPhotoBrowser_Privacy.bundle/Info.plist /Users/zhouming/Desktop/falcon/Pods/Target\ Support\ Files/ZLPhotoBrowser/ResourceBundle-ZLPhotoBrowser_Privacy-ZLPhotoBrowser-Info.plist (in target 'ZLPhotoBrowser-ZLPhotoBrowser_Privacy' from project 'Pods')
    cd /Users/zhouming/Desktop/falcon/Pods
    builtin-infoPlistUtility /Users/zhouming/Desktop/falcon/Pods/Target\ Support\ Files/ZLPhotoBrowser/ResourceBundle-ZLPhotoBrowser_Privacy-ZLPhotoBrowser-Info.plist -producttype com.apple.product-type.bundle -expandbuildsettings -format binary -platform iphonesimulator -o /Users/zhouming/Library/Developer/Xcode/DerivedData/falcon-gsoilikaxsflzjexzrtqkcenvrbo/Build/Products/Release-iphonesimulator/ZLPhotoBrowser/ZLPhotoBrowser_Privacy.bundle/Info.plist

ProcessInfoPlistFile /Users/zhouming/Library/Developer/Xcode/DerivedData/falcon-gsoilikaxsflzjexzrtqkcenvrbo/Build/Products/Release-iphonesimulator/YYText/YYText.framework/Info.plist /Users/zhouming/Desktop/falcon/Pods/Target\ Support\ Files/YYText/YYText-Info.plist (in target 'YYText' from project 'Pods')
    cd /Users/zhouming/Desktop/falcon/Pods
    builtin-infoPlistUtility /Users/zhouming/Desktop/falcon/Pods/Target\ Support\ Files/YYText/YYText-Info.plist -producttype com.apple.product-type.framework -expandbuildsettings -format binary -platform iphonesimulator -o /Users/zhouming/Library/Developer/Xcode/DerivedData/falcon-gsoilikaxsflzjexzrtqkcenvrbo/Build/Products/Release-iphonesimulator/YYText/YYText.framework/Info.plist

ProcessInfoPlistFile /Users/zhouming/Library/Developer/Xcode/DerivedData/falcon-gsoilikaxsflzjexzrtqkcenvrbo/Build/Products/Release-iphonesimulator/lottie-ios/LottiePrivacyInfo.bundle/Info.plist /Users/zhouming/Desktop/falcon/Pods/Target\ Support\ Files/lottie-ios/ResourceBundle-LottiePrivacyInfo-lottie-ios-Info.plist (in target 'lottie-ios-LottiePrivacyInfo' from project 'Pods')
    cd /Users/zhouming/Desktop/falcon/Pods
    builtin-infoPlistUtility /Users/zhouming/Desktop/falcon/Pods/Target\ Support\ Files/lottie-ios/ResourceBundle-LottiePrivacyInfo-lottie-ios-Info.plist -producttype com.apple.product-type.bundle -expandbuildsettings -format binary -platform iphonesimulator -o /Users/zhouming/Library/Developer/Xcode/DerivedData/falcon-gsoilikaxsflzjexzrtqkcenvrbo/Build/Products/Release-iphonesimulator/lottie-ios/LottiePrivacyInfo.bundle/Info.plist

ProcessInfoPlistFile /Users/zhouming/Library/Developer/Xcode/DerivedData/falcon-gsoilikaxsflzjexzrtqkcenvrbo/Build/Products/Release-iphonesimulator/YYCache/YYCache.framework/Info.plist /Users/zhouming/Desktop/falcon/Pods/Target\ Support\ Files/YYCache/YYCache-Info.plist (in target 'YYCache' from project 'Pods')
    cd /Users/zhouming/Desktop/falcon/Pods
    builtin-infoPlistUtility /Users/zhouming/Desktop/falcon/Pods/Target\ Support\ Files/YYCache/YYCache-Info.plist -producttype com.apple.product-type.framework -expandbuildsettings -format binary -platform iphonesimulator -o /Users/zhouming/Library/Developer/Xcode/DerivedData/falcon-gsoilikaxsflzjexzrtqkcenvrbo/Build/Products/Release-iphonesimulator/YYCache/YYCache.framework/Info.plist

ProcessInfoPlistFile /Users/zhouming/Library/Developer/Xcode/DerivedData/falcon-gsoilikaxsflzjexzrtqkcenvrbo/Build/Products/Release-iphonesimulator/YQKingfisher/YQKingfisher.framework/Info.plist /Users/zhouming/Desktop/falcon/Pods/Target\ Support\ Files/YQKingfisher/YQKingfisher-Info.plist (in target 'YQKingfisher' from project 'Pods')
    cd /Users/zhouming/Desktop/falcon/Pods
    builtin-infoPlistUtility /Users/zhouming/Desktop/falcon/Pods/Target\ Support\ Files/YQKingfisher/YQKingfisher-Info.plist -producttype com.apple.product-type.framework -expandbuildsettings -format binary -platform iphonesimulator -o /Users/zhouming/Library/Developer/Xcode/DerivedData/falcon-gsoilikaxsflzjexzrtqkcenvrbo/Build/Products/Release-iphonesimulator/YQKingfisher/YQKingfisher.framework/Info.plist

ProcessInfoPlistFile /Users/zhouming/Library/Developer/Xcode/DerivedData/falcon-gsoilikaxsflzjexzrtqkcenvrbo/Build/Products/Release-iphonesimulator/MBProgressHUD/MBProgressHUD.framework/Info.plist /Users/zhouming/Desktop/falcon/Pods/Target\ Support\ Files/MBProgressHUD/MBProgressHUD-Info.plist (in target 'MBProgressHUD' from project 'Pods')
    cd /Users/zhouming/Desktop/falcon/Pods
    builtin-infoPlistUtility /Users/zhouming/Desktop/falcon/Pods/Target\ Support\ Files/MBProgressHUD/MBProgressHUD-Info.plist -producttype com.apple.product-type.framework -expandbuildsettings -format binary -platform iphonesimulator -o /Users/zhouming/Library/Developer/Xcode/DerivedData/falcon-gsoilikaxsflzjexzrtqkcenvrbo/Build/Products/Release-iphonesimulator/MBProgressHUD/MBProgressHUD.framework/Info.plist

ProcessInfoPlistFile /Users/zhouming/Library/Developer/Xcode/DerivedData/falcon-gsoilikaxsflzjexzrtqkcenvrbo/Build/Products/Release-iphonesimulator/FFmpegKit/FFmpegKit.framework/Info.plist /Users/zhouming/Desktop/falcon/Pods/Target\ Support\ Files/FFmpegKit/FFmpegKit-Info.plist (in target 'FFmpegKit' from project 'Pods')
    cd /Users/zhouming/Desktop/falcon/Pods
    builtin-infoPlistUtility /Users/zhouming/Desktop/falcon/Pods/Target\ Support\ Files/FFmpegKit/FFmpegKit-Info.plist -producttype com.apple.product-type.framework -expandbuildsettings -format binary -platform iphonesimulator -o /Users/zhouming/Library/Developer/Xcode/DerivedData/falcon-gsoilikaxsflzjexzrtqkcenvrbo/Build/Products/Release-iphonesimulator/FFmpegKit/FFmpegKit.framework/Info.plist

ProcessInfoPlistFile /Users/zhouming/Library/Developer/Xcode/DerivedData/falcon-gsoilikaxsflzjexzrtqkcenvrbo/Build/Products/Release-iphonesimulator/Toast/Toast.bundle/Info.plist /Users/zhouming/Desktop/falcon/Pods/Target\ Support\ Files/Toast/ResourceBundle-Toast-Toast-Info.plist (in target 'Toast-Toast' from project 'Pods')
    cd /Users/zhouming/Desktop/falcon/Pods
    builtin-infoPlistUtility /Users/zhouming/Desktop/falcon/Pods/Target\ Support\ Files/Toast/ResourceBundle-Toast-Toast-Info.plist -producttype com.apple.product-type.bundle -expandbuildsettings -format binary -platform iphonesimulator -o /Users/zhouming/Library/Developer/Xcode/DerivedData/falcon-gsoilikaxsflzjexzrtqkcenvrbo/Build/Products/Release-iphonesimulator/Toast/Toast.bundle/Info.plist

ProcessInfoPlistFile /Users/zhouming/Library/Developer/Xcode/DerivedData/falcon-gsoilikaxsflzjexzrtqkcenvrbo/Build/Products/Release-iphonesimulator/SnapKit/SnapKit_Privacy.bundle/Info.plist /Users/zhouming/Desktop/falcon/Pods/Target\ Support\ Files/SnapKit/ResourceBundle-SnapKit_Privacy-SnapKit-Info.plist (in target 'SnapKit-SnapKit_Privacy' from project 'Pods')
    cd /Users/zhouming/Desktop/falcon/Pods
    builtin-infoPlistUtility /Users/zhouming/Desktop/falcon/Pods/Target\ Support\ Files/SnapKit/ResourceBundle-SnapKit_Privacy-SnapKit-Info.plist -producttype com.apple.product-type.bundle -expandbuildsettings -format binary -platform iphonesimulator -o /Users/zhouming/Library/Developer/Xcode/DerivedData/falcon-gsoilikaxsflzjexzrtqkcenvrbo/Build/Products/Release-iphonesimulator/SnapKit/SnapKit_Privacy.bundle/Info.plist

ProcessInfoPlistFile /Users/zhouming/Library/Developer/Xcode/DerivedData/falcon-gsoilikaxsflzjexzrtqkcenvrbo/Build/Products/Release-iphonesimulator/Kingfisher/Kingfisher.bundle/Info.plist /Users/zhouming/Desktop/falcon/Pods/Target\ Support\ Files/Kingfisher/ResourceBundle-Kingfisher-Kingfisher-Info.plist (in target 'Kingfisher-Kingfisher' from project 'Pods')
    cd /Users/zhouming/Desktop/falcon/Pods
    builtin-infoPlistUtility /Users/zhouming/Desktop/falcon/Pods/Target\ Support\ Files/Kingfisher/ResourceBundle-Kingfisher-Kingfisher-Info.plist -producttype com.apple.product-type.bundle -expandbuildsettings -format binary -platform iphonesimulator -o /Users/zhouming/Library/Developer/Xcode/DerivedData/falcon-gsoilikaxsflzjexzrtqkcenvrbo/Build/Products/Release-iphonesimulator/Kingfisher/Kingfisher.bundle/Info.plist

ProcessInfoPlistFile /Users/zhouming/Library/Developer/Xcode/DerivedData/falcon-gsoilikaxsflzjexzrtqkcenvrbo/Build/Products/Release-iphonesimulator/KSPlayer/KSPlayer_KSPlayer.bundle/Info.plist /Users/zhouming/Desktop/falcon/Pods/Target\ Support\ Files/KSPlayer/ResourceBundle-KSPlayer_KSPlayer-KSPlayer-Info.plist (in target 'KSPlayer-KSPlayer_KSPlayer' from project 'Pods')
    cd /Users/zhouming/Desktop/falcon/Pods
    builtin-infoPlistUtility /Users/zhouming/Desktop/falcon/Pods/Target\ Support\ Files/KSPlayer/ResourceBundle-KSPlayer_KSPlayer-KSPlayer-Info.plist -producttype com.apple.product-type.bundle -expandbuildsettings -format binary -platform iphonesimulator -o /Users/zhouming/Library/Developer/Xcode/DerivedData/falcon-gsoilikaxsflzjexzrtqkcenvrbo/Build/Products/Release-iphonesimulator/KSPlayer/KSPlayer_KSPlayer.bundle/Info.plist

ProcessInfoPlistFile /Users/zhouming/Library/Developer/Xcode/DerivedData/falcon-gsoilikaxsflzjexzrtqkcenvrbo/Build/Products/Release-iphonesimulator/JXSegmentedView/JXSegmentedView.bundle/Info.plist /Users/zhouming/Desktop/falcon/Pods/Target\ Support\ Files/JXSegmentedView/ResourceBundle-JXSegmentedView-JXSegmentedView-Info.plist (in target 'JXSegmentedView-JXSegmentedView' from project 'Pods')
    cd /Users/zhouming/Desktop/falcon/Pods
    builtin-infoPlistUtility /Users/zhouming/Desktop/falcon/Pods/Target\ Support\ Files/JXSegmentedView/ResourceBundle-JXSegmentedView-JXSegmentedView-Info.plist -producttype com.apple.product-type.bundle -expandbuildsettings -format binary -platform iphonesimulator -o /Users/zhouming/Library/Developer/Xcode/DerivedData/falcon-gsoilikaxsflzjexzrtqkcenvrbo/Build/Products/Release-iphonesimulator/JXSegmentedView/JXSegmentedView.bundle/Info.plist

ProcessInfoPlistFile /Users/zhouming/Library/Developer/Xcode/DerivedData/falcon-gsoilikaxsflzjexzrtqkcenvrbo/Build/Products/Release-iphonesimulator/JXPagingView/JXPagingView.bundle/Info.plist /Users/zhouming/Desktop/falcon/Pods/Target\ Support\ Files/JXPagingView/ResourceBundle-JXPagingView-JXPagingView-Info.plist (in target 'JXPagingView-JXPagingView' from project 'Pods')
    cd /Users/zhouming/Desktop/falcon/Pods
    builtin-infoPlistUtility /Users/zhouming/Desktop/falcon/Pods/Target\ Support\ Files/JXPagingView/ResourceBundle-JXPagingView-JXPagingView-Info.plist -producttype com.apple.product-type.bundle -expandbuildsettings -format binary -platform iphonesimulator -o /Users/zhouming/Library/Developer/Xcode/DerivedData/falcon-gsoilikaxsflzjexzrtqkcenvrbo/Build/Products/Release-iphonesimulator/JXPagingView/JXPagingView.bundle/Info.plist

ProcessInfoPlistFile /Users/zhouming/Library/Developer/Xcode/DerivedData/falcon-gsoilikaxsflzjexzrtqkcenvrbo/Build/Products/Release-iphonesimulator/lottie-ios/Lottie.framework/Info.plist /Users/zhouming/Desktop/falcon/Pods/Target\ Support\ Files/lottie-ios/lottie-ios-Info.plist (in target 'lottie-ios' from project 'Pods')
    cd /Users/zhouming/Desktop/falcon/Pods
    builtin-infoPlistUtility /Users/zhouming/Desktop/falcon/Pods/Target\ Support\ Files/lottie-ios/lottie-ios-Info.plist -producttype com.apple.product-type.framework -expandbuildsettings -format binary -platform iphonesimulator -o /Users/zhouming/Library/Developer/Xcode/DerivedData/falcon-gsoilikaxsflzjexzrtqkcenvrbo/Build/Products/Release-iphonesimulator/lottie-ios/Lottie.framework/Info.plist

ProcessInfoPlistFile /Users/zhouming/Library/Developer/Xcode/DerivedData/falcon-gsoilikaxsflzjexzrtqkcenvrbo/Build/Products/Release-iphonesimulator/ZLPhotoBrowser/ZLPhotoBrowser.framework/Info.plist /Users/zhouming/Desktop/falcon/Pods/Target\ Support\ Files/ZLPhotoBrowser/ZLPhotoBrowser-Info.plist (in target 'ZLPhotoBrowser' from project 'Pods')
    cd /Users/zhouming/Desktop/falcon/Pods
    builtin-infoPlistUtility /Users/zhouming/Desktop/falcon/Pods/Target\ Support\ Files/ZLPhotoBrowser/ZLPhotoBrowser-Info.plist -producttype com.apple.product-type.framework -expandbuildsettings -format binary -platform iphonesimulator -o /Users/zhouming/Library/Developer/Xcode/DerivedData/falcon-gsoilikaxsflzjexzrtqkcenvrbo/Build/Products/Release-iphonesimulator/ZLPhotoBrowser/ZLPhotoBrowser.framework/Info.plist

CpResource /Users/zhouming/Library/Developer/Xcode/DerivedData/falcon-gsoilikaxsflzjexzrtqkcenvrbo/Build/Products/Release-iphonesimulator/ZLPhotoBrowser/ZLPhotoBrowser.framework/ZLPhotoBrowser_Privacy.bundle /Users/zhouming/Library/Developer/Xcode/DerivedData/falcon-gsoilikaxsflzjexzrtqkcenvrbo/Build/Products/Release-iphonesimulator/ZLPhotoBrowser/ZLPhotoBrowser_Privacy.bundle (in target 'ZLPhotoBrowser' from project 'Pods')
    cd /Users/zhouming/Desktop/falcon/Pods
    builtin-copy -exclude .DS_Store -exclude CVS -exclude .svn -exclude .git -exclude .hg -resolve-src-symlinks /Users/zhouming/Library/Developer/Xcode/DerivedData/falcon-gsoilikaxsflzjexzrtqkcenvrbo/Build/Products/Release-iphonesimulator/ZLPhotoBrowser/ZLPhotoBrowser_Privacy.bundle /Users/zhouming/Library/Developer/Xcode/DerivedData/falcon-gsoilikaxsflzjexzrtqkcenvrbo/Build/Products/Release-iphonesimulator/ZLPhotoBrowser/ZLPhotoBrowser.framework

ProcessInfoPlistFile /Users/zhouming/Library/Developer/Xcode/DerivedData/falcon-gsoilikaxsflzjexzrtqkcenvrbo/Build/Products/Release-iphonesimulator/IQKeyboardNotification/IQKeyboardNotification.bundle/Info.plist /Users/zhouming/Desktop/falcon/Pods/Target\ Support\ Files/IQKeyboardNotification/ResourceBundle-IQKeyboardNotification-IQKeyboardNotification-Info.plist (in target 'IQKeyboardNotification-IQKeyboardNotification' from project 'Pods')
    cd /Users/zhouming/Desktop/falcon/Pods
    builtin-infoPlistUtility /Users/zhouming/Desktop/falcon/Pods/Target\ Support\ Files/IQKeyboardNotification/ResourceBundle-IQKeyboardNotification-IQKeyboardNotification-Info.plist -producttype com.apple.product-type.bundle -expandbuildsettings -format binary -platform iphonesimulator -o /Users/zhouming/Library/Developer/Xcode/DerivedData/falcon-gsoilikaxsflzjexzrtqkcenvrbo/Build/Products/Release-iphonesimulator/IQKeyboardNotification/IQKeyboardNotification.bundle/Info.plist

ProcessInfoPlistFile /Users/zhouming/Library/Developer/Xcode/DerivedData/falcon-gsoilikaxsflzjexzrtqkcenvrbo/Build/Products/Release-iphonesimulator/IQKeyboardCore/IQKeyboardCore.bundle/Info.plist /Users/zhouming/Desktop/falcon/Pods/Target\ Support\ Files/IQKeyboardCore/ResourceBundle-IQKeyboardCore-IQKeyboardCore-Info.plist (in target 'IQKeyboardCore-IQKeyboardCore' from project 'Pods')
    cd /Users/zhouming/Desktop/falcon/Pods
    builtin-infoPlistUtility /Users/zhouming/Desktop/falcon/Pods/Target\ Support\ Files/IQKeyboardCore/ResourceBundle-IQKeyboardCore-IQKeyboardCore-Info.plist -producttype com.apple.product-type.bundle -expandbuildsettings -format binary -platform iphonesimulator -o /Users/zhouming/Library/Developer/Xcode/DerivedData/falcon-gsoilikaxsflzjexzrtqkcenvrbo/Build/Products/Release-iphonesimulator/IQKeyboardCore/IQKeyboardCore.bundle/Info.plist

CpResource /Users/zhouming/Library/Developer/Xcode/DerivedData/falcon-gsoilikaxsflzjexzrtqkcenvrbo/Build/Products/Release-iphonesimulator/lottie-ios/Lottie.framework/LottiePrivacyInfo.bundle /Users/zhouming/Library/Developer/Xcode/DerivedData/falcon-gsoilikaxsflzjexzrtqkcenvrbo/Build/Products/Release-iphonesimulator/lottie-ios/LottiePrivacyInfo.bundle (in target 'lottie-ios' from project 'Pods')
    cd /Users/zhouming/Desktop/falcon/Pods
    builtin-copy -exclude .DS_Store -exclude CVS -exclude .svn -exclude .git -exclude .hg -resolve-src-symlinks /Users/zhouming/Library/Developer/Xcode/DerivedData/falcon-gsoilikaxsflzjexzrtqkcenvrbo/Build/Products/Release-iphonesimulator/lottie-ios/LottiePrivacyInfo.bundle /Users/zhouming/Library/Developer/Xcode/DerivedData/falcon-gsoilikaxsflzjexzrtqkcenvrbo/Build/Products/Release-iphonesimulator/lottie-ios/Lottie.framework

ProcessInfoPlistFile /Users/zhouming/Library/Developer/Xcode/DerivedData/falcon-gsoilikaxsflzjexzrtqkcenvrbo/Build/Products/Release-iphonesimulator/Toast/Toast.framework/Info.plist /Users/zhouming/Desktop/falcon/Pods/Target\ Support\ Files/Toast/Toast-Info.plist (in target 'Toast' from project 'Pods')
    cd /Users/zhouming/Desktop/falcon/Pods
    builtin-infoPlistUtility /Users/zhouming/Desktop/falcon/Pods/Target\ Support\ Files/Toast/Toast-Info.plist -producttype com.apple.product-type.framework -expandbuildsettings -format binary -platform iphonesimulator -o /Users/zhouming/Library/Developer/Xcode/DerivedData/falcon-gsoilikaxsflzjexzrtqkcenvrbo/Build/Products/Release-iphonesimulator/Toast/Toast.framework/Info.plist

CpResource /Users/zhouming/Library/Developer/Xcode/DerivedData/falcon-gsoilikaxsflzjexzrtqkcenvrbo/Build/Products/Release-iphonesimulator/Toast/Toast.framework/Toast.bundle /Users/zhouming/Library/Developer/Xcode/DerivedData/falcon-gsoilikaxsflzjexzrtqkcenvrbo/Build/Products/Release-iphonesimulator/Toast/Toast.bundle (in target 'Toast' from project 'Pods')
    cd /Users/zhouming/Desktop/falcon/Pods
    builtin-copy -exclude .DS_Store -exclude CVS -exclude .svn -exclude .git -exclude .hg -resolve-src-symlinks /Users/zhouming/Library/Developer/Xcode/DerivedData/falcon-gsoilikaxsflzjexzrtqkcenvrbo/Build/Products/Release-iphonesimulator/Toast/Toast.bundle /Users/zhouming/Library/Developer/Xcode/DerivedData/falcon-gsoilikaxsflzjexzrtqkcenvrbo/Build/Products/Release-iphonesimulator/Toast/Toast.framework

ProcessInfoPlistFile /Users/zhouming/Library/Developer/Xcode/DerivedData/falcon-gsoilikaxsflzjexzrtqkcenvrbo/Build/Products/Release-iphonesimulator/SnapKit/SnapKit.framework/Info.plist /Users/zhouming/Desktop/falcon/Pods/Target\ Support\ Files/SnapKit/SnapKit-Info.plist (in target 'SnapKit' from project 'Pods')
    cd /Users/zhouming/Desktop/falcon/Pods
    builtin-infoPlistUtility /Users/zhouming/Desktop/falcon/Pods/Target\ Support\ Files/SnapKit/SnapKit-Info.plist -producttype com.apple.product-type.framework -expandbuildsettings -format binary -platform iphonesimulator -o /Users/zhouming/Library/Developer/Xcode/DerivedData/falcon-gsoilikaxsflzjexzrtqkcenvrbo/Build/Products/Release-iphonesimulator/SnapKit/SnapKit.framework/Info.plist

CpResource /Users/zhouming/Library/Developer/Xcode/DerivedData/falcon-gsoilikaxsflzjexzrtqkcenvrbo/Build/Products/Release-iphonesimulator/SnapKit/SnapKit.framework/SnapKit_Privacy.bundle /Users/zhouming/Library/Developer/Xcode/DerivedData/falcon-gsoilikaxsflzjexzrtqkcenvrbo/Build/Products/Release-iphonesimulator/SnapKit/SnapKit_Privacy.bundle (in target 'SnapKit' from project 'Pods')
    cd /Users/zhouming/Desktop/falcon/Pods
    builtin-copy -exclude .DS_Store -exclude CVS -exclude .svn -exclude .git -exclude .hg -resolve-src-symlinks /Users/zhouming/Library/Developer/Xcode/DerivedData/falcon-gsoilikaxsflzjexzrtqkcenvrbo/Build/Products/Release-iphonesimulator/SnapKit/SnapKit_Privacy.bundle /Users/zhouming/Library/Developer/Xcode/DerivedData/falcon-gsoilikaxsflzjexzrtqkcenvrbo/Build/Products/Release-iphonesimulator/SnapKit/SnapKit.framework

ProcessInfoPlistFile /Users/zhouming/Library/Developer/Xcode/DerivedData/falcon-gsoilikaxsflzjexzrtqkcenvrbo/Build/Products/Release-iphonesimulator/Kingfisher/Kingfisher.framework/Info.plist /Users/zhouming/Desktop/falcon/Pods/Target\ Support\ Files/Kingfisher/Kingfisher-Info.plist (in target 'Kingfisher' from project 'Pods')
    cd /Users/zhouming/Desktop/falcon/Pods
    builtin-infoPlistUtility /Users/zhouming/Desktop/falcon/Pods/Target\ Support\ Files/Kingfisher/Kingfisher-Info.plist -producttype com.apple.product-type.framework -expandbuildsettings -format binary -platform iphonesimulator -o /Users/zhouming/Library/Developer/Xcode/DerivedData/falcon-gsoilikaxsflzjexzrtqkcenvrbo/Build/Products/Release-iphonesimulator/Kingfisher/Kingfisher.framework/Info.plist

CpResource /Users/zhouming/Library/Developer/Xcode/DerivedData/falcon-gsoilikaxsflzjexzrtqkcenvrbo/Build/Products/Release-iphonesimulator/Kingfisher/Kingfisher.framework/Kingfisher.bundle /Users/zhouming/Library/Developer/Xcode/DerivedData/falcon-gsoilikaxsflzjexzrtqkcenvrbo/Build/Products/Release-iphonesimulator/Kingfisher/Kingfisher.bundle (in target 'Kingfisher' from project 'Pods')
    cd /Users/zhouming/Desktop/falcon/Pods
    builtin-copy -exclude .DS_Store -exclude CVS -exclude .svn -exclude .git -exclude .hg -resolve-src-symlinks /Users/zhouming/Library/Developer/Xcode/DerivedData/falcon-gsoilikaxsflzjexzrtqkcenvrbo/Build/Products/Release-iphonesimulator/Kingfisher/Kingfisher.bundle /Users/zhouming/Library/Developer/Xcode/DerivedData/falcon-gsoilikaxsflzjexzrtqkcenvrbo/Build/Products/Release-iphonesimulator/Kingfisher/Kingfisher.framework

ProcessInfoPlistFile /Users/zhouming/Library/Developer/Xcode/DerivedData/falcon-gsoilikaxsflzjexzrtqkcenvrbo/Build/Products/Release-iphonesimulator/JXSegmentedView/JXSegmentedView.framework/Info.plist /Users/zhouming/Desktop/falcon/Pods/Target\ Support\ Files/JXSegmentedView/JXSegmentedView-Info.plist (in target 'JXSegmentedView' from project 'Pods')
    cd /Users/zhouming/Desktop/falcon/Pods
    builtin-infoPlistUtility /Users/zhouming/Desktop/falcon/Pods/Target\ Support\ Files/JXSegmentedView/JXSegmentedView-Info.plist -producttype com.apple.product-type.framework -expandbuildsettings -format binary -platform iphonesimulator -o /Users/zhouming/Library/Developer/Xcode/DerivedData/falcon-gsoilikaxsflzjexzrtqkcenvrbo/Build/Products/Release-iphonesimulator/JXSegmentedView/JXSegmentedView.framework/Info.plist

CpResource /Users/zhouming/Library/Developer/Xcode/DerivedData/falcon-gsoilikaxsflzjexzrtqkcenvrbo/Build/Products/Release-iphonesimulator/JXSegmentedView/JXSegmentedView.framework/JXSegmentedView.bundle /Users/zhouming/Library/Developer/Xcode/DerivedData/falcon-gsoilikaxsflzjexzrtqkcenvrbo/Build/Products/Release-iphonesimulator/JXSegmentedView/JXSegmentedView.bundle (in target 'JXSegmentedView' from project 'Pods')
    cd /Users/zhouming/Desktop/falcon/Pods
    builtin-copy -exclude .DS_Store -exclude CVS -exclude .svn -exclude .git -exclude .hg -resolve-src-symlinks /Users/zhouming/Library/Developer/Xcode/DerivedData/falcon-gsoilikaxsflzjexzrtqkcenvrbo/Build/Products/Release-iphonesimulator/JXSegmentedView/JXSegmentedView.bundle /Users/zhouming/Library/Developer/Xcode/DerivedData/falcon-gsoilikaxsflzjexzrtqkcenvrbo/Build/Products/Release-iphonesimulator/JXSegmentedView/JXSegmentedView.framework

ProcessInfoPlistFile /Users/zhouming/Library/Developer/Xcode/DerivedData/falcon-gsoilikaxsflzjexzrtqkcenvrbo/Build/Products/Release-iphonesimulator/JXPagingView/JXPagingView.framework/Info.plist /Users/zhouming/Desktop/falcon/Pods/Target\ Support\ Files/JXPagingView/JXPagingView-Info.plist (in target 'JXPagingView' from project 'Pods')
    cd /Users/zhouming/Desktop/falcon/Pods
    builtin-infoPlistUtility /Users/zhouming/Desktop/falcon/Pods/Target\ Support\ Files/JXPagingView/JXPagingView-Info.plist -producttype com.apple.product-type.framework -expandbuildsettings -format binary -platform iphonesimulator -o /Users/zhouming/Library/Developer/Xcode/DerivedData/falcon-gsoilikaxsflzjexzrtqkcenvrbo/Build/Products/Release-iphonesimulator/JXPagingView/JXPagingView.framework/Info.plist

CpResource /Users/zhouming/Library/Developer/Xcode/DerivedData/falcon-gsoilikaxsflzjexzrtqkcenvrbo/Build/Products/Release-iphonesimulator/JXPagingView/JXPagingView.framework/JXPagingView.bundle /Users/zhouming/Library/Developer/Xcode/DerivedData/falcon-gsoilikaxsflzjexzrtqkcenvrbo/Build/Products/Release-iphonesimulator/JXPagingView/JXPagingView.bundle (in target 'JXPagingView' from project 'Pods')
    cd /Users/zhouming/Desktop/falcon/Pods
    builtin-copy -exclude .DS_Store -exclude CVS -exclude .svn -exclude .git -exclude .hg -resolve-src-symlinks /Users/zhouming/Library/Developer/Xcode/DerivedData/falcon-gsoilikaxsflzjexzrtqkcenvrbo/Build/Products/Release-iphonesimulator/JXPagingView/JXPagingView.bundle /Users/zhouming/Library/Developer/Xcode/DerivedData/falcon-gsoilikaxsflzjexzrtqkcenvrbo/Build/Products/Release-iphonesimulator/JXPagingView/JXPagingView.framework

ProcessInfoPlistFile /Users/zhouming/Library/Developer/Xcode/DerivedData/falcon-gsoilikaxsflzjexzrtqkcenvrbo/Build/Products/Release-iphonesimulator/IQKeyboardNotification/IQKeyboardNotification.framework/Info.plist /Users/zhouming/Desktop/falcon/Pods/Target\ Support\ Files/IQKeyboardNotification/IQKeyboardNotification-Info.plist (in target 'IQKeyboardNotification' from project 'Pods')
    cd /Users/zhouming/Desktop/falcon/Pods
    builtin-infoPlistUtility /Users/zhouming/Desktop/falcon/Pods/Target\ Support\ Files/IQKeyboardNotification/IQKeyboardNotification-Info.plist -producttype com.apple.product-type.framework -expandbuildsettings -format binary -platform iphonesimulator -o /Users/zhouming/Library/Developer/Xcode/DerivedData/falcon-gsoilikaxsflzjexzrtqkcenvrbo/Build/Products/Release-iphonesimulator/IQKeyboardNotification/IQKeyboardNotification.framework/Info.plist

CpResource /Users/zhouming/Library/Developer/Xcode/DerivedData/falcon-gsoilikaxsflzjexzrtqkcenvrbo/Build/Products/Release-iphonesimulator/IQKeyboardNotification/IQKeyboardNotification.framework/IQKeyboardNotification.bundle /Users/zhouming/Library/Developer/Xcode/DerivedData/falcon-gsoilikaxsflzjexzrtqkcenvrbo/Build/Products/Release-iphonesimulator/IQKeyboardNotification/IQKeyboardNotification.bundle (in target 'IQKeyboardNotification' from project 'Pods')
    cd /Users/zhouming/Desktop/falcon/Pods
    builtin-copy -exclude .DS_Store -exclude CVS -exclude .svn -exclude .git -exclude .hg -resolve-src-symlinks /Users/zhouming/Library/Developer/Xcode/DerivedData/falcon-gsoilikaxsflzjexzrtqkcenvrbo/Build/Products/Release-iphonesimulator/IQKeyboardNotification/IQKeyboardNotification.bundle /Users/zhouming/Library/Developer/Xcode/DerivedData/falcon-gsoilikaxsflzjexzrtqkcenvrbo/Build/Products/Release-iphonesimulator/IQKeyboardNotification/IQKeyboardNotification.framework

ProcessInfoPlistFile /Users/zhouming/Library/Developer/Xcode/DerivedData/falcon-gsoilikaxsflzjexzrtqkcenvrbo/Build/Products/Release-iphonesimulator/ESTabBarController-swift/ESTabBarController_swift.framework/Info.plist /Users/zhouming/Desktop/falcon/Pods/Target\ Support\ Files/ESTabBarController-swift/ESTabBarController-swift-Info.plist (in target 'ESTabBarController-swift' from project 'Pods')
    cd /Users/zhouming/Desktop/falcon/Pods
    builtin-infoPlistUtility /Users/zhouming/Desktop/falcon/Pods/Target\ Support\ Files/ESTabBarController-swift/ESTabBarController-swift-Info.plist -producttype com.apple.product-type.framework -expandbuildsettings -format binary -platform iphonesimulator -o /Users/zhouming/Library/Developer/Xcode/DerivedData/falcon-gsoilikaxsflzjexzrtqkcenvrbo/Build/Products/Release-iphonesimulator/ESTabBarController-swift/ESTabBarController_swift.framework/Info.plist

ProcessInfoPlistFile /Users/zhouming/Library/Developer/Xcode/DerivedData/falcon-gsoilikaxsflzjexzrtqkcenvrbo/Build/Products/Release-iphonesimulator/DisplayCriteria/DisplayCriteria.framework/Info.plist /Users/zhouming/Desktop/falcon/Pods/Target\ Support\ Files/DisplayCriteria/DisplayCriteria-Info.plist (in target 'DisplayCriteria' from project 'Pods')
    cd /Users/zhouming/Desktop/falcon/Pods
    builtin-infoPlistUtility /Users/zhouming/Desktop/falcon/Pods/Target\ Support\ Files/DisplayCriteria/DisplayCriteria-Info.plist -producttype com.apple.product-type.framework -expandbuildsettings -format binary -platform iphonesimulator -o /Users/zhouming/Library/Developer/Xcode/DerivedData/falcon-gsoilikaxsflzjexzrtqkcenvrbo/Build/Products/Release-iphonesimulator/DisplayCriteria/DisplayCriteria.framework/Info.plist

ProcessInfoPlistFile /Users/zhouming/Library/Developer/Xcode/DerivedData/falcon-gsoilikaxsflzjexzrtqkcenvrbo/Build/Products/Release-iphonesimulator/DZNEmptyDataSet/DZNEmptyDataSet.framework/Info.plist /Users/zhouming/Desktop/falcon/Pods/Target\ Support\ Files/DZNEmptyDataSet/DZNEmptyDataSet-Info.plist (in target 'DZNEmptyDataSet' from project 'Pods')
    cd /Users/zhouming/Desktop/falcon/Pods
    builtin-infoPlistUtility /Users/zhouming/Desktop/falcon/Pods/Target\ Support\ Files/DZNEmptyDataSet/DZNEmptyDataSet-Info.plist -producttype com.apple.product-type.framework -expandbuildsettings -format binary -platform iphonesimulator -o /Users/zhouming/Library/Developer/Xcode/DerivedData/falcon-gsoilikaxsflzjexzrtqkcenvrbo/Build/Products/Release-iphonesimulator/DZNEmptyDataSet/DZNEmptyDataSet.framework/Info.plist

ProcessInfoPlistFile /Users/zhouming/Library/Developer/Xcode/DerivedData/falcon-gsoilikaxsflzjexzrtqkcenvrbo/Build/Products/Release-iphonesimulator/Cache/Cache.framework/Info.plist /Users/zhouming/Desktop/falcon/Pods/Target\ Support\ Files/Cache/Cache-Info.plist (in target 'Cache' from project 'Pods')
    cd /Users/zhouming/Desktop/falcon/Pods
    builtin-infoPlistUtility /Users/zhouming/Desktop/falcon/Pods/Target\ Support\ Files/Cache/Cache-Info.plist -producttype com.apple.product-type.framework -expandbuildsettings -format binary -platform iphonesimulator -o /Users/zhouming/Library/Developer/Xcode/DerivedData/falcon-gsoilikaxsflzjexzrtqkcenvrbo/Build/Products/Release-iphonesimulator/Cache/Cache.framework/Info.plist

ProcessInfoPlistFile /Users/zhouming/Library/Developer/Xcode/DerivedData/falcon-gsoilikaxsflzjexzrtqkcenvrbo/Build/Products/Release-iphonesimulator/Alamofire/Alamofire.bundle/Info.plist /Users/zhouming/Desktop/falcon/Pods/Target\ Support\ Files/Alamofire/ResourceBundle-Alamofire-Alamofire-Info.plist (in target 'Alamofire-Alamofire' from project 'Pods')
    cd /Users/zhouming/Desktop/falcon/Pods
    builtin-infoPlistUtility /Users/zhouming/Desktop/falcon/Pods/Target\ Support\ Files/Alamofire/ResourceBundle-Alamofire-Alamofire-Info.plist -producttype com.apple.product-type.bundle -expandbuildsettings -format binary -platform iphonesimulator -o /Users/zhouming/Library/Developer/Xcode/DerivedData/falcon-gsoilikaxsflzjexzrtqkcenvrbo/Build/Products/Release-iphonesimulator/Alamofire/Alamofire.bundle/Info.plist

CodeSign /Users/zhouming/Library/Developer/Xcode/DerivedData/falcon-gsoilikaxsflzjexzrtqkcenvrbo/Build/Products/Release-iphonesimulator/ZLPhotoBrowser/ZLPhotoBrowser.framework (in target 'ZLPhotoBrowser' from project 'Pods')
    cd /Users/zhouming/Desktop/falcon/Pods
    
    Signing Identity:     "Sign to Run Locally"
    
    /usr/bin/codesign --force --sign - --timestamp\=none --generate-entitlement-der /Users/zhouming/Library/Developer/Xcode/DerivedData/falcon-gsoilikaxsflzjexzrtqkcenvrbo/Build/Products/Release-iphonesimulator/ZLPhotoBrowser/ZLPhotoBrowser.framework
/Users/zhouming/Library/Developer/Xcode/DerivedData/falcon-gsoilikaxsflzjexzrtqkcenvrbo/Build/Products/Release-iphonesimulator/ZLPhotoBrowser/ZLPhotoBrowser.framework: replacing existing signature

ProcessInfoPlistFile /Users/zhouming/Library/Developer/Xcode/DerivedData/falcon-gsoilikaxsflzjexzrtqkcenvrbo/Build/Products/Release-iphonesimulator/KSPlayer/KSPlayer.framework/Info.plist /Users/zhouming/Desktop/falcon/Pods/Target\ Support\ Files/KSPlayer/KSPlayer-Info.plist (in target 'KSPlayer' from project 'Pods')
    cd /Users/zhouming/Desktop/falcon/Pods
    builtin-infoPlistUtility /Users/zhouming/Desktop/falcon/Pods/Target\ Support\ Files/KSPlayer/KSPlayer-Info.plist -producttype com.apple.product-type.framework -expandbuildsettings -format binary -platform iphonesimulator -o /Users/zhouming/Library/Developer/Xcode/DerivedData/falcon-gsoilikaxsflzjexzrtqkcenvrbo/Build/Products/Release-iphonesimulator/KSPlayer/KSPlayer.framework/Info.plist

ProcessInfoPlistFile /Users/zhouming/Library/Developer/Xcode/DerivedData/falcon-gsoilikaxsflzjexzrtqkcenvrbo/Build/Products/Release-iphonesimulator/IQKeyboardCore/IQKeyboardCore.framework/Info.plist /Users/zhouming/Desktop/falcon/Pods/Target\ Support\ Files/IQKeyboardCore/IQKeyboardCore-Info.plist (in target 'IQKeyboardCore' from project 'Pods')
    cd /Users/zhouming/Desktop/falcon/Pods
    builtin-infoPlistUtility /Users/zhouming/Desktop/falcon/Pods/Target\ Support\ Files/IQKeyboardCore/IQKeyboardCore-Info.plist -producttype com.apple.product-type.framework -expandbuildsettings -format binary -platform iphonesimulator -o /Users/zhouming/Library/Developer/Xcode/DerivedData/falcon-gsoilikaxsflzjexzrtqkcenvrbo/Build/Products/Release-iphonesimulator/IQKeyboardCore/IQKeyboardCore.framework/Info.plist

ProcessInfoPlistFile /Users/zhouming/Library/Developer/Xcode/DerivedData/falcon-gsoilikaxsflzjexzrtqkcenvrbo/Build/Products/Release-iphonesimulator/Alamofire/Alamofire.framework/Info.plist /Users/zhouming/Desktop/falcon/Pods/Target\ Support\ Files/Alamofire/Alamofire-Info.plist (in target 'Alamofire' from project 'Pods')
    cd /Users/zhouming/Desktop/falcon/Pods
    builtin-infoPlistUtility /Users/zhouming/Desktop/falcon/Pods/Target\ Support\ Files/Alamofire/Alamofire-Info.plist -producttype com.apple.product-type.framework -expandbuildsettings -format binary -platform iphonesimulator -o /Users/zhouming/Library/Developer/Xcode/DerivedData/falcon-gsoilikaxsflzjexzrtqkcenvrbo/Build/Products/Release-iphonesimulator/Alamofire/Alamofire.framework/Info.plist

CpResource /Users/zhouming/Library/Developer/Xcode/DerivedData/falcon-gsoilikaxsflzjexzrtqkcenvrbo/Build/Products/Release-iphonesimulator/IQKeyboardCore/IQKeyboardCore.framework/IQKeyboardCore.bundle /Users/zhouming/Library/Developer/Xcode/DerivedData/falcon-gsoilikaxsflzjexzrtqkcenvrbo/Build/Products/Release-iphonesimulator/IQKeyboardCore/IQKeyboardCore.bundle (in target 'IQKeyboardCore' from project 'Pods')
    cd /Users/zhouming/Desktop/falcon/Pods
    builtin-copy -exclude .DS_Store -exclude CVS -exclude .svn -exclude .git -exclude .hg -resolve-src-symlinks /Users/zhouming/Library/Developer/Xcode/DerivedData/falcon-gsoilikaxsflzjexzrtqkcenvrbo/Build/Products/Release-iphonesimulator/IQKeyboardCore/IQKeyboardCore.bundle /Users/zhouming/Library/Developer/Xcode/DerivedData/falcon-gsoilikaxsflzjexzrtqkcenvrbo/Build/Products/Release-iphonesimulator/IQKeyboardCore/IQKeyboardCore.framework

CpResource /Users/zhouming/Library/Developer/Xcode/DerivedData/falcon-gsoilikaxsflzjexzrtqkcenvrbo/Build/Products/Release-iphonesimulator/Alamofire/Alamofire.framework/Alamofire.bundle /Users/zhouming/Library/Developer/Xcode/DerivedData/falcon-gsoilikaxsflzjexzrtqkcenvrbo/Build/Products/Release-iphonesimulator/Alamofire/Alamofire.bundle (in target 'Alamofire' from project 'Pods')
    cd /Users/zhouming/Desktop/falcon/Pods
    builtin-copy -exclude .DS_Store -exclude CVS -exclude .svn -exclude .git -exclude .hg -resolve-src-symlinks /Users/zhouming/Library/Developer/Xcode/DerivedData/falcon-gsoilikaxsflzjexzrtqkcenvrbo/Build/Products/Release-iphonesimulator/Alamofire/Alamofire.bundle /Users/zhouming/Library/Developer/Xcode/DerivedData/falcon-gsoilikaxsflzjexzrtqkcenvrbo/Build/Products/Release-iphonesimulator/Alamofire/Alamofire.framework

CodeSign /Users/zhouming/Library/Developer/Xcode/DerivedData/falcon-gsoilikaxsflzjexzrtqkcenvrbo/Build/Products/Release-iphonesimulator/lottie-ios/Lottie.framework (in target 'lottie-ios' from project 'Pods')
    cd /Users/zhouming/Desktop/falcon/Pods
    
    Signing Identity:     "Sign to Run Locally"
    
    /usr/bin/codesign --force --sign - --timestamp\=none --generate-entitlement-der /Users/zhouming/Library/Developer/Xcode/DerivedData/falcon-gsoilikaxsflzjexzrtqkcenvrbo/Build/Products/Release-iphonesimulator/lottie-ios/Lottie.framework
/Users/zhouming/Library/Developer/Xcode/DerivedData/falcon-gsoilikaxsflzjexzrtqkcenvrbo/Build/Products/Release-iphonesimulator/lottie-ios/Lottie.framework: replacing existing signature

CodeSign /Users/zhouming/Library/Developer/Xcode/DerivedData/falcon-gsoilikaxsflzjexzrtqkcenvrbo/Build/Products/Release-iphonesimulator/Toast/Toast.framework (in target 'Toast' from project 'Pods')
    cd /Users/zhouming/Desktop/falcon/Pods
    
    Signing Identity:     "Sign to Run Locally"
    
    /usr/bin/codesign --force --sign - --timestamp\=none --generate-entitlement-der /Users/zhouming/Library/Developer/Xcode/DerivedData/falcon-gsoilikaxsflzjexzrtqkcenvrbo/Build/Products/Release-iphonesimulator/Toast/Toast.framework
/Users/zhouming/Library/Developer/Xcode/DerivedData/falcon-gsoilikaxsflzjexzrtqkcenvrbo/Build/Products/Release-iphonesimulator/Toast/Toast.framework: replacing existing signature

CodeSign /Users/zhouming/Library/Developer/Xcode/DerivedData/falcon-gsoilikaxsflzjexzrtqkcenvrbo/Build/Products/Release-iphonesimulator/SnapKit/SnapKit.framework (in target 'SnapKit' from project 'Pods')
    cd /Users/zhouming/Desktop/falcon/Pods
    
    Signing Identity:     "Sign to Run Locally"
    
    /usr/bin/codesign --force --sign - --timestamp\=none --generate-entitlement-der /Users/zhouming/Library/Developer/Xcode/DerivedData/falcon-gsoilikaxsflzjexzrtqkcenvrbo/Build/Products/Release-iphonesimulator/SnapKit/SnapKit.framework
/Users/zhouming/Library/Developer/Xcode/DerivedData/falcon-gsoilikaxsflzjexzrtqkcenvrbo/Build/Products/Release-iphonesimulator/SnapKit/SnapKit.framework: replacing existing signature

CodeSign /Users/zhouming/Library/Developer/Xcode/DerivedData/falcon-gsoilikaxsflzjexzrtqkcenvrbo/Build/Products/Release-iphonesimulator/JXPagingView/JXPagingView.framework (in target 'JXPagingView' from project 'Pods')
    cd /Users/zhouming/Desktop/falcon/Pods
    
    Signing Identity:     "Sign to Run Locally"
    
    /usr/bin/codesign --force --sign - --timestamp\=none --generate-entitlement-der /Users/zhouming/Library/Developer/Xcode/DerivedData/falcon-gsoilikaxsflzjexzrtqkcenvrbo/Build/Products/Release-iphonesimulator/JXPagingView/JXPagingView.framework
/Users/zhouming/Library/Developer/Xcode/DerivedData/falcon-gsoilikaxsflzjexzrtqkcenvrbo/Build/Products/Release-iphonesimulator/JXPagingView/JXPagingView.framework: replacing existing signature

CodeSign /Users/zhouming/Library/Developer/Xcode/DerivedData/falcon-gsoilikaxsflzjexzrtqkcenvrbo/Build/Products/Release-iphonesimulator/IQKeyboardNotification/IQKeyboardNotification.framework (in target 'IQKeyboardNotification' from project 'Pods')
    cd /Users/zhouming/Desktop/falcon/Pods
    
    Signing Identity:     "Sign to Run Locally"
    
    /usr/bin/codesign --force --sign - --timestamp\=none --generate-entitlement-der /Users/zhouming/Library/Developer/Xcode/DerivedData/falcon-gsoilikaxsflzjexzrtqkcenvrbo/Build/Products/Release-iphonesimulator/IQKeyboardNotification/IQKeyboardNotification.framework
/Users/zhouming/Library/Developer/Xcode/DerivedData/falcon-gsoilikaxsflzjexzrtqkcenvrbo/Build/Products/Release-iphonesimulator/IQKeyboardNotification/IQKeyboardNotification.framework: replacing existing signature

CodeSign /Users/zhouming/Library/Developer/Xcode/DerivedData/falcon-gsoilikaxsflzjexzrtqkcenvrbo/Build/Products/Release-iphonesimulator/Kingfisher/Kingfisher.framework (in target 'Kingfisher' from project 'Pods')
    cd /Users/zhouming/Desktop/falcon/Pods
    
    Signing Identity:     "Sign to Run Locally"
    
    /usr/bin/codesign --force --sign - --timestamp\=none --generate-entitlement-der /Users/zhouming/Library/Developer/Xcode/DerivedData/falcon-gsoilikaxsflzjexzrtqkcenvrbo/Build/Products/Release-iphonesimulator/Kingfisher/Kingfisher.framework
/Users/zhouming/Library/Developer/Xcode/DerivedData/falcon-gsoilikaxsflzjexzrtqkcenvrbo/Build/Products/Release-iphonesimulator/Kingfisher/Kingfisher.framework: replacing existing signature

CodeSign /Users/zhouming/Library/Developer/Xcode/DerivedData/falcon-gsoilikaxsflzjexzrtqkcenvrbo/Build/Products/Release-iphonesimulator/JXSegmentedView/JXSegmentedView.framework (in target 'JXSegmentedView' from project 'Pods')
    cd /Users/zhouming/Desktop/falcon/Pods
    
    Signing Identity:     "Sign to Run Locally"
    
    /usr/bin/codesign --force --sign - --timestamp\=none --generate-entitlement-der /Users/zhouming/Library/Developer/Xcode/DerivedData/falcon-gsoilikaxsflzjexzrtqkcenvrbo/Build/Products/Release-iphonesimulator/JXSegmentedView/JXSegmentedView.framework
/Users/zhouming/Library/Developer/Xcode/DerivedData/falcon-gsoilikaxsflzjexzrtqkcenvrbo/Build/Products/Release-iphonesimulator/JXSegmentedView/JXSegmentedView.framework: replacing existing signature

CodeSign /Users/zhouming/Library/Developer/Xcode/DerivedData/falcon-gsoilikaxsflzjexzrtqkcenvrbo/Build/Products/Release-iphonesimulator/IQKeyboardCore/IQKeyboardCore.framework (in target 'IQKeyboardCore' from project 'Pods')
    cd /Users/zhouming/Desktop/falcon/Pods
    
    Signing Identity:     "Sign to Run Locally"
    
    /usr/bin/codesign --force --sign - --timestamp\=none --generate-entitlement-der /Users/zhouming/Library/Developer/Xcode/DerivedData/falcon-gsoilikaxsflzjexzrtqkcenvrbo/Build/Products/Release-iphonesimulator/IQKeyboardCore/IQKeyboardCore.framework
/Users/zhouming/Library/Developer/Xcode/DerivedData/falcon-gsoilikaxsflzjexzrtqkcenvrbo/Build/Products/Release-iphonesimulator/IQKeyboardCore/IQKeyboardCore.framework: replacing existing signature

CodeSign /Users/zhouming/Library/Developer/Xcode/DerivedData/falcon-gsoilikaxsflzjexzrtqkcenvrbo/Build/Products/Release-iphonesimulator/Alamofire/Alamofire.framework (in target 'Alamofire' from project 'Pods')
    cd /Users/zhouming/Desktop/falcon/Pods
    
    Signing Identity:     "Sign to Run Locally"
    
    /usr/bin/codesign --force --sign - --timestamp\=none --generate-entitlement-der /Users/zhouming/Library/Developer/Xcode/DerivedData/falcon-gsoilikaxsflzjexzrtqkcenvrbo/Build/Products/Release-iphonesimulator/Alamofire/Alamofire.framework
/Users/zhouming/Library/Developer/Xcode/DerivedData/falcon-gsoilikaxsflzjexzrtqkcenvrbo/Build/Products/Release-iphonesimulator/Alamofire/Alamofire.framework: replacing existing signature

ProcessInfoPlistFile /Users/zhouming/Library/Developer/Xcode/DerivedData/falcon-gsoilikaxsflzjexzrtqkcenvrbo/Build/Products/Release-iphonesimulator/YQPhotoBrowser/YQPhotoBrowser.bundle/Info.plist /Users/zhouming/Desktop/falcon/Pods/Target\ Support\ Files/YQPhotoBrowser/ResourceBundle-YQPhotoBrowser-YQPhotoBrowser-Info.plist (in target 'YQPhotoBrowser-YQPhotoBrowser' from project 'Pods')
    cd /Users/zhouming/Desktop/falcon/Pods
    builtin-infoPlistUtility /Users/zhouming/Desktop/falcon/Pods/Target\ Support\ Files/YQPhotoBrowser/ResourceBundle-YQPhotoBrowser-YQPhotoBrowser-Info.plist -producttype com.apple.product-type.bundle -expandbuildsettings -format binary -platform iphonesimulator -additionalcontentfile /Users/zhouming/Library/Developer/Xcode/DerivedData/falcon-gsoilikaxsflzjexzrtqkcenvrbo/Build/Intermediates.noindex/Pods.build/Release-iphonesimulator/YQPhotoBrowser-YQPhotoBrowser.build/assetcatalog_generated_info.plist -o /Users/zhouming/Library/Developer/Xcode/DerivedData/falcon-gsoilikaxsflzjexzrtqkcenvrbo/Build/Products/Release-iphonesimulator/YQPhotoBrowser/YQPhotoBrowser.bundle/Info.plist

ProcessInfoPlistFile /Users/zhouming/Library/Developer/Xcode/DerivedData/falcon-gsoilikaxsflzjexzrtqkcenvrbo/Build/Products/Release-iphonesimulator/YQPhotoBrowser/YQPhotoBrowser.framework/Info.plist /Users/zhouming/Desktop/falcon/Pods/Target\ Support\ Files/YQPhotoBrowser/YQPhotoBrowser-Info.plist (in target 'YQPhotoBrowser' from project 'Pods')
    cd /Users/zhouming/Desktop/falcon/Pods
    builtin-infoPlistUtility /Users/zhouming/Desktop/falcon/Pods/Target\ Support\ Files/YQPhotoBrowser/YQPhotoBrowser-Info.plist -producttype com.apple.product-type.framework -expandbuildsettings -format binary -platform iphonesimulator -o /Users/zhouming/Library/Developer/Xcode/DerivedData/falcon-gsoilikaxsflzjexzrtqkcenvrbo/Build/Products/Release-iphonesimulator/YQPhotoBrowser/YQPhotoBrowser.framework/Info.plist

ProcessInfoPlistFile /Users/zhouming/Library/Developer/Xcode/DerivedData/falcon-gsoilikaxsflzjexzrtqkcenvrbo/Build/Products/Release-iphonesimulator/IQTextInputViewNotification/IQTextInputViewNotification.bundle/Info.plist /Users/zhouming/Desktop/falcon/Pods/Target\ Support\ Files/IQTextInputViewNotification/ResourceBundle-IQTextInputViewNotification-IQTextInputViewNotification-Info.plist (in target 'IQTextInputViewNotification-IQTextInputViewNotification' from project 'Pods')
    cd /Users/zhouming/Desktop/falcon/Pods
    builtin-infoPlistUtility /Users/zhouming/Desktop/falcon/Pods/Target\ Support\ Files/IQTextInputViewNotification/ResourceBundle-IQTextInputViewNotification-IQTextInputViewNotification-Info.plist -producttype com.apple.product-type.bundle -expandbuildsettings -format binary -platform iphonesimulator -o /Users/zhouming/Library/Developer/Xcode/DerivedData/falcon-gsoilikaxsflzjexzrtqkcenvrbo/Build/Products/Release-iphonesimulator/IQTextInputViewNotification/IQTextInputViewNotification.bundle/Info.plist

ProcessInfoPlistFile /Users/zhouming/Library/Developer/Xcode/DerivedData/falcon-gsoilikaxsflzjexzrtqkcenvrbo/Build/Products/Release-iphonesimulator/IQKeyboardToolbar/IQKeyboardToolbar.bundle/Info.plist /Users/zhouming/Desktop/falcon/Pods/Target\ Support\ Files/IQKeyboardToolbar/ResourceBundle-IQKeyboardToolbar-IQKeyboardToolbar-Info.plist (in target 'IQKeyboardToolbar-IQKeyboardToolbar' from project 'Pods')
    cd /Users/zhouming/Desktop/falcon/Pods
    builtin-infoPlistUtility /Users/zhouming/Desktop/falcon/Pods/Target\ Support\ Files/IQKeyboardToolbar/ResourceBundle-IQKeyboardToolbar-IQKeyboardToolbar-Info.plist -producttype com.apple.product-type.bundle -expandbuildsettings -format binary -platform iphonesimulator -o /Users/zhouming/Library/Developer/Xcode/DerivedData/falcon-gsoilikaxsflzjexzrtqkcenvrbo/Build/Products/Release-iphonesimulator/IQKeyboardToolbar/IQKeyboardToolbar.bundle/Info.plist

ProcessInfoPlistFile /Users/zhouming/Library/Developer/Xcode/DerivedData/falcon-gsoilikaxsflzjexzrtqkcenvrbo/Build/Products/Release-iphonesimulator/IQKeyboardReturnManager/IQKeyboardReturnManager.bundle/Info.plist /Users/zhouming/Desktop/falcon/Pods/Target\ Support\ Files/IQKeyboardReturnManager/ResourceBundle-IQKeyboardReturnManager-IQKeyboardReturnManager-Info.plist (in target 'IQKeyboardReturnManager-IQKeyboardReturnManager' from project 'Pods')
    cd /Users/zhouming/Desktop/falcon/Pods
    builtin-infoPlistUtility /Users/zhouming/Desktop/falcon/Pods/Target\ Support\ Files/IQKeyboardReturnManager/ResourceBundle-IQKeyboardReturnManager-IQKeyboardReturnManager-Info.plist -producttype com.apple.product-type.bundle -expandbuildsettings -format binary -platform iphonesimulator -o /Users/zhouming/Library/Developer/Xcode/DerivedData/falcon-gsoilikaxsflzjexzrtqkcenvrbo/Build/Products/Release-iphonesimulator/IQKeyboardReturnManager/IQKeyboardReturnManager.bundle/Info.plist

CpResource /Users/zhouming/Library/Developer/Xcode/DerivedData/falcon-gsoilikaxsflzjexzrtqkcenvrbo/Build/Products/Release-iphonesimulator/YQPhotoBrowser/YQPhotoBrowser.framework/YQPhotoBrowser.bundle /Users/zhouming/Library/Developer/Xcode/DerivedData/falcon-gsoilikaxsflzjexzrtqkcenvrbo/Build/Products/Release-iphonesimulator/YQPhotoBrowser/YQPhotoBrowser.bundle (in target 'YQPhotoBrowser' from project 'Pods')
    cd /Users/zhouming/Desktop/falcon/Pods
    builtin-copy -exclude .DS_Store -exclude CVS -exclude .svn -exclude .git -exclude .hg -resolve-src-symlinks /Users/zhouming/Library/Developer/Xcode/DerivedData/falcon-gsoilikaxsflzjexzrtqkcenvrbo/Build/Products/Release-iphonesimulator/YQPhotoBrowser/YQPhotoBrowser.bundle /Users/zhouming/Library/Developer/Xcode/DerivedData/falcon-gsoilikaxsflzjexzrtqkcenvrbo/Build/Products/Release-iphonesimulator/YQPhotoBrowser/YQPhotoBrowser.framework

ProcessInfoPlistFile /Users/zhouming/Library/Developer/Xcode/DerivedData/falcon-gsoilikaxsflzjexzrtqkcenvrbo/Build/Products/Release-iphonesimulator/IQTextInputViewNotification/IQTextInputViewNotification.framework/Info.plist /Users/zhouming/Desktop/falcon/Pods/Target\ Support\ Files/IQTextInputViewNotification/IQTextInputViewNotification-Info.plist (in target 'IQTextInputViewNotification' from project 'Pods')
    cd /Users/zhouming/Desktop/falcon/Pods
    builtin-infoPlistUtility /Users/zhouming/Desktop/falcon/Pods/Target\ Support\ Files/IQTextInputViewNotification/IQTextInputViewNotification-Info.plist -producttype com.apple.product-type.framework -expandbuildsettings -format binary -platform iphonesimulator -o /Users/zhouming/Library/Developer/Xcode/DerivedData/falcon-gsoilikaxsflzjexzrtqkcenvrbo/Build/Products/Release-iphonesimulator/IQTextInputViewNotification/IQTextInputViewNotification.framework/Info.plist

ProcessInfoPlistFile /Users/zhouming/Library/Developer/Xcode/DerivedData/falcon-gsoilikaxsflzjexzrtqkcenvrbo/Build/Products/Release-iphonesimulator/IQKeyboardToolbar/IQKeyboardToolbar.framework/Info.plist /Users/zhouming/Desktop/falcon/Pods/Target\ Support\ Files/IQKeyboardToolbar/IQKeyboardToolbar-Info.plist (in target 'IQKeyboardToolbar' from project 'Pods')
    cd /Users/zhouming/Desktop/falcon/Pods
    builtin-infoPlistUtility /Users/zhouming/Desktop/falcon/Pods/Target\ Support\ Files/IQKeyboardToolbar/IQKeyboardToolbar-Info.plist -producttype com.apple.product-type.framework -expandbuildsettings -format binary -platform iphonesimulator -o /Users/zhouming/Library/Developer/Xcode/DerivedData/falcon-gsoilikaxsflzjexzrtqkcenvrbo/Build/Products/Release-iphonesimulator/IQKeyboardToolbar/IQKeyboardToolbar.framework/Info.plist

CpResource /Users/zhouming/Library/Developer/Xcode/DerivedData/falcon-gsoilikaxsflzjexzrtqkcenvrbo/Build/Products/Release-iphonesimulator/IQTextInputViewNotification/IQTextInputViewNotification.framework/IQTextInputViewNotification.bundle /Users/zhouming/Library/Developer/Xcode/DerivedData/falcon-gsoilikaxsflzjexzrtqkcenvrbo/Build/Products/Release-iphonesimulator/IQTextInputViewNotification/IQTextInputViewNotification.bundle (in target 'IQTextInputViewNotification' from project 'Pods')
    cd /Users/zhouming/Desktop/falcon/Pods
    builtin-copy -exclude .DS_Store -exclude CVS -exclude .svn -exclude .git -exclude .hg -resolve-src-symlinks /Users/zhouming/Library/Developer/Xcode/DerivedData/falcon-gsoilikaxsflzjexzrtqkcenvrbo/Build/Products/Release-iphonesimulator/IQTextInputViewNotification/IQTextInputViewNotification.bundle /Users/zhouming/Library/Developer/Xcode/DerivedData/falcon-gsoilikaxsflzjexzrtqkcenvrbo/Build/Products/Release-iphonesimulator/IQTextInputViewNotification/IQTextInputViewNotification.framework

CpResource /Users/zhouming/Library/Developer/Xcode/DerivedData/falcon-gsoilikaxsflzjexzrtqkcenvrbo/Build/Products/Release-iphonesimulator/IQKeyboardToolbar/IQKeyboardToolbar.framework/IQKeyboardToolbar.bundle /Users/zhouming/Library/Developer/Xcode/DerivedData/falcon-gsoilikaxsflzjexzrtqkcenvrbo/Build/Products/Release-iphonesimulator/IQKeyboardToolbar/IQKeyboardToolbar.bundle (in target 'IQKeyboardToolbar' from project 'Pods')
    cd /Users/zhouming/Desktop/falcon/Pods
    builtin-copy -exclude .DS_Store -exclude CVS -exclude .svn -exclude .git -exclude .hg -resolve-src-symlinks /Users/zhouming/Library/Developer/Xcode/DerivedData/falcon-gsoilikaxsflzjexzrtqkcenvrbo/Build/Products/Release-iphonesimulator/IQKeyboardToolbar/IQKeyboardToolbar.bundle /Users/zhouming/Library/Developer/Xcode/DerivedData/falcon-gsoilikaxsflzjexzrtqkcenvrbo/Build/Products/Release-iphonesimulator/IQKeyboardToolbar/IQKeyboardToolbar.framework

ProcessInfoPlistFile /Users/zhouming/Library/Developer/Xcode/DerivedData/falcon-gsoilikaxsflzjexzrtqkcenvrbo/Build/Products/Release-iphonesimulator/IQKeyboardReturnManager/IQKeyboardReturnManager.framework/Info.plist /Users/zhouming/Desktop/falcon/Pods/Target\ Support\ Files/IQKeyboardReturnManager/IQKeyboardReturnManager-Info.plist (in target 'IQKeyboardReturnManager' from project 'Pods')
    cd /Users/zhouming/Desktop/falcon/Pods
    builtin-infoPlistUtility /Users/zhouming/Desktop/falcon/Pods/Target\ Support\ Files/IQKeyboardReturnManager/IQKeyboardReturnManager-Info.plist -producttype com.apple.product-type.framework -expandbuildsettings -format binary -platform iphonesimulator -o /Users/zhouming/Library/Developer/Xcode/DerivedData/falcon-gsoilikaxsflzjexzrtqkcenvrbo/Build/Products/Release-iphonesimulator/IQKeyboardReturnManager/IQKeyboardReturnManager.framework/Info.plist

CpResource /Users/zhouming/Library/Developer/Xcode/DerivedData/falcon-gsoilikaxsflzjexzrtqkcenvrbo/Build/Products/Release-iphonesimulator/IQKeyboardReturnManager/IQKeyboardReturnManager.framework/IQKeyboardReturnManager.bundle /Users/zhouming/Library/Developer/Xcode/DerivedData/falcon-gsoilikaxsflzjexzrtqkcenvrbo/Build/Products/Release-iphonesimulator/IQKeyboardReturnManager/IQKeyboardReturnManager.bundle (in target 'IQKeyboardReturnManager' from project 'Pods')
    cd /Users/zhouming/Desktop/falcon/Pods
    builtin-copy -exclude .DS_Store -exclude CVS -exclude .svn -exclude .git -exclude .hg -resolve-src-symlinks /Users/zhouming/Library/Developer/Xcode/DerivedData/falcon-gsoilikaxsflzjexzrtqkcenvrbo/Build/Products/Release-iphonesimulator/IQKeyboardReturnManager/IQKeyboardReturnManager.bundle /Users/zhouming/Library/Developer/Xcode/DerivedData/falcon-gsoilikaxsflzjexzrtqkcenvrbo/Build/Products/Release-iphonesimulator/IQKeyboardReturnManager/IQKeyboardReturnManager.framework

CodeSign /Users/zhouming/Library/Developer/Xcode/DerivedData/falcon-gsoilikaxsflzjexzrtqkcenvrbo/Build/Products/Release-iphonesimulator/YQPhotoBrowser/YQPhotoBrowser.framework (in target 'YQPhotoBrowser' from project 'Pods')
    cd /Users/zhouming/Desktop/falcon/Pods
    
    Signing Identity:     "Sign to Run Locally"
    
    /usr/bin/codesign --force --sign - --timestamp\=none --generate-entitlement-der /Users/zhouming/Library/Developer/Xcode/DerivedData/falcon-gsoilikaxsflzjexzrtqkcenvrbo/Build/Products/Release-iphonesimulator/YQPhotoBrowser/YQPhotoBrowser.framework
/Users/zhouming/Library/Developer/Xcode/DerivedData/falcon-gsoilikaxsflzjexzrtqkcenvrbo/Build/Products/Release-iphonesimulator/YQPhotoBrowser/YQPhotoBrowser.framework: replacing existing signature

CodeSign /Users/zhouming/Library/Developer/Xcode/DerivedData/falcon-gsoilikaxsflzjexzrtqkcenvrbo/Build/Products/Release-iphonesimulator/IQTextInputViewNotification/IQTextInputViewNotification.framework (in target 'IQTextInputViewNotification' from project 'Pods')
    cd /Users/zhouming/Desktop/falcon/Pods
    
    Signing Identity:     "Sign to Run Locally"
    
    /usr/bin/codesign --force --sign - --timestamp\=none --generate-entitlement-der /Users/zhouming/Library/Developer/Xcode/DerivedData/falcon-gsoilikaxsflzjexzrtqkcenvrbo/Build/Products/Release-iphonesimulator/IQTextInputViewNotification/IQTextInputViewNotification.framework
/Users/zhouming/Library/Developer/Xcode/DerivedData/falcon-gsoilikaxsflzjexzrtqkcenvrbo/Build/Products/Release-iphonesimulator/IQTextInputViewNotification/IQTextInputViewNotification.framework: replacing existing signature

CodeSign /Users/zhouming/Library/Developer/Xcode/DerivedData/falcon-gsoilikaxsflzjexzrtqkcenvrbo/Build/Products/Release-iphonesimulator/IQKeyboardToolbar/IQKeyboardToolbar.framework (in target 'IQKeyboardToolbar' from project 'Pods')
    cd /Users/zhouming/Desktop/falcon/Pods
    
    Signing Identity:     "Sign to Run Locally"
    
    /usr/bin/codesign --force --sign - --timestamp\=none --generate-entitlement-der /Users/zhouming/Library/Developer/Xcode/DerivedData/falcon-gsoilikaxsflzjexzrtqkcenvrbo/Build/Products/Release-iphonesimulator/IQKeyboardToolbar/IQKeyboardToolbar.framework
/Users/zhouming/Library/Developer/Xcode/DerivedData/falcon-gsoilikaxsflzjexzrtqkcenvrbo/Build/Products/Release-iphonesimulator/IQKeyboardToolbar/IQKeyboardToolbar.framework: replacing existing signature

CodeSign /Users/zhouming/Library/Developer/Xcode/DerivedData/falcon-gsoilikaxsflzjexzrtqkcenvrbo/Build/Products/Release-iphonesimulator/IQKeyboardReturnManager/IQKeyboardReturnManager.framework (in target 'IQKeyboardReturnManager' from project 'Pods')
    cd /Users/zhouming/Desktop/falcon/Pods
    
    Signing Identity:     "Sign to Run Locally"
    
    /usr/bin/codesign --force --sign - --timestamp\=none --generate-entitlement-der /Users/zhouming/Library/Developer/Xcode/DerivedData/falcon-gsoilikaxsflzjexzrtqkcenvrbo/Build/Products/Release-iphonesimulator/IQKeyboardReturnManager/IQKeyboardReturnManager.framework
/Users/zhouming/Library/Developer/Xcode/DerivedData/falcon-gsoilikaxsflzjexzrtqkcenvrbo/Build/Products/Release-iphonesimulator/IQKeyboardReturnManager/IQKeyboardReturnManager.framework: replacing existing signature

ProcessInfoPlistFile /Users/zhouming/Library/Developer/Xcode/DerivedData/falcon-gsoilikaxsflzjexzrtqkcenvrbo/Build/Products/Release-iphonesimulator/IQTextView/IQTextView.bundle/Info.plist /Users/zhouming/Desktop/falcon/Pods/Target\ Support\ Files/IQTextView/ResourceBundle-IQTextView-IQTextView-Info.plist (in target 'IQTextView-IQTextView' from project 'Pods')
    cd /Users/zhouming/Desktop/falcon/Pods
    builtin-infoPlistUtility /Users/zhouming/Desktop/falcon/Pods/Target\ Support\ Files/IQTextView/ResourceBundle-IQTextView-IQTextView-Info.plist -producttype com.apple.product-type.bundle -expandbuildsettings -format binary -platform iphonesimulator -o /Users/zhouming/Library/Developer/Xcode/DerivedData/falcon-gsoilikaxsflzjexzrtqkcenvrbo/Build/Products/Release-iphonesimulator/IQTextView/IQTextView.bundle/Info.plist

ProcessInfoPlistFile /Users/zhouming/Library/Developer/Xcode/DerivedData/falcon-gsoilikaxsflzjexzrtqkcenvrbo/Build/Products/Release-iphonesimulator/IQKeyboardToolbarManager/IQKeyboardToolbarManager.bundle/Info.plist /Users/zhouming/Desktop/falcon/Pods/Target\ Support\ Files/IQKeyboardToolbarManager/ResourceBundle-IQKeyboardToolbarManager-IQKeyboardToolbarManager-Info.plist (in target 'IQKeyboardToolbarManager-IQKeyboardToolbarManager' from project 'Pods')
    cd /Users/zhouming/Desktop/falcon/Pods
    builtin-infoPlistUtility /Users/zhouming/Desktop/falcon/Pods/Target\ Support\ Files/IQKeyboardToolbarManager/ResourceBundle-IQKeyboardToolbarManager-IQKeyboardToolbarManager-Info.plist -producttype com.apple.product-type.bundle -expandbuildsettings -format binary -platform iphonesimulator -o /Users/zhouming/Library/Developer/Xcode/DerivedData/falcon-gsoilikaxsflzjexzrtqkcenvrbo/Build/Products/Release-iphonesimulator/IQKeyboardToolbarManager/IQKeyboardToolbarManager.bundle/Info.plist

ProcessInfoPlistFile /Users/zhouming/Library/Developer/Xcode/DerivedData/falcon-gsoilikaxsflzjexzrtqkcenvrbo/Build/Products/Release-iphonesimulator/IQTextView/IQTextView.framework/Info.plist /Users/zhouming/Desktop/falcon/Pods/Target\ Support\ Files/IQTextView/IQTextView-Info.plist (in target 'IQTextView' from project 'Pods')
    cd /Users/zhouming/Desktop/falcon/Pods
    builtin-infoPlistUtility /Users/zhouming/Desktop/falcon/Pods/Target\ Support\ Files/IQTextView/IQTextView-Info.plist -producttype com.apple.product-type.framework -expandbuildsettings -format binary -platform iphonesimulator -o /Users/zhouming/Library/Developer/Xcode/DerivedData/falcon-gsoilikaxsflzjexzrtqkcenvrbo/Build/Products/Release-iphonesimulator/IQTextView/IQTextView.framework/Info.plist

CpResource /Users/zhouming/Library/Developer/Xcode/DerivedData/falcon-gsoilikaxsflzjexzrtqkcenvrbo/Build/Products/Release-iphonesimulator/IQTextView/IQTextView.framework/IQTextView.bundle /Users/zhouming/Library/Developer/Xcode/DerivedData/falcon-gsoilikaxsflzjexzrtqkcenvrbo/Build/Products/Release-iphonesimulator/IQTextView/IQTextView.bundle (in target 'IQTextView' from project 'Pods')
    cd /Users/zhouming/Desktop/falcon/Pods
    builtin-copy -exclude .DS_Store -exclude CVS -exclude .svn -exclude .git -exclude .hg -resolve-src-symlinks /Users/zhouming/Library/Developer/Xcode/DerivedData/falcon-gsoilikaxsflzjexzrtqkcenvrbo/Build/Products/Release-iphonesimulator/IQTextView/IQTextView.bundle /Users/zhouming/Library/Developer/Xcode/DerivedData/falcon-gsoilikaxsflzjexzrtqkcenvrbo/Build/Products/Release-iphonesimulator/IQTextView/IQTextView.framework

ProcessInfoPlistFile /Users/zhouming/Library/Developer/Xcode/DerivedData/falcon-gsoilikaxsflzjexzrtqkcenvrbo/Build/Products/Release-iphonesimulator/IQKeyboardToolbarManager/IQKeyboardToolbarManager.framework/Info.plist /Users/zhouming/Desktop/falcon/Pods/Target\ Support\ Files/IQKeyboardToolbarManager/IQKeyboardToolbarManager-Info.plist (in target 'IQKeyboardToolbarManager' from project 'Pods')
    cd /Users/zhouming/Desktop/falcon/Pods
    builtin-infoPlistUtility /Users/zhouming/Desktop/falcon/Pods/Target\ Support\ Files/IQKeyboardToolbarManager/IQKeyboardToolbarManager-Info.plist -producttype com.apple.product-type.framework -expandbuildsettings -format binary -platform iphonesimulator -o /Users/zhouming/Library/Developer/Xcode/DerivedData/falcon-gsoilikaxsflzjexzrtqkcenvrbo/Build/Products/Release-iphonesimulator/IQKeyboardToolbarManager/IQKeyboardToolbarManager.framework/Info.plist

CpResource /Users/zhouming/Library/Developer/Xcode/DerivedData/falcon-gsoilikaxsflzjexzrtqkcenvrbo/Build/Products/Release-iphonesimulator/IQKeyboardToolbarManager/IQKeyboardToolbarManager.framework/IQKeyboardToolbarManager.bundle /Users/zhouming/Library/Developer/Xcode/DerivedData/falcon-gsoilikaxsflzjexzrtqkcenvrbo/Build/Products/Release-iphonesimulator/IQKeyboardToolbarManager/IQKeyboardToolbarManager.bundle (in target 'IQKeyboardToolbarManager' from project 'Pods')
    cd /Users/zhouming/Desktop/falcon/Pods
    builtin-copy -exclude .DS_Store -exclude CVS -exclude .svn -exclude .git -exclude .hg -resolve-src-symlinks /Users/zhouming/Library/Developer/Xcode/DerivedData/falcon-gsoilikaxsflzjexzrtqkcenvrbo/Build/Products/Release-iphonesimulator/IQKeyboardToolbarManager/IQKeyboardToolbarManager.bundle /Users/zhouming/Library/Developer/Xcode/DerivedData/falcon-gsoilikaxsflzjexzrtqkcenvrbo/Build/Products/Release-iphonesimulator/IQKeyboardToolbarManager/IQKeyboardToolbarManager.framework

CodeSign /Users/zhouming/Library/Developer/Xcode/DerivedData/falcon-gsoilikaxsflzjexzrtqkcenvrbo/Build/Products/Release-iphonesimulator/IQTextView/IQTextView.framework (in target 'IQTextView' from project 'Pods')
    cd /Users/zhouming/Desktop/falcon/Pods
    
    Signing Identity:     "Sign to Run Locally"
    
    /usr/bin/codesign --force --sign - --timestamp\=none --generate-entitlement-der /Users/zhouming/Library/Developer/Xcode/DerivedData/falcon-gsoilikaxsflzjexzrtqkcenvrbo/Build/Products/Release-iphonesimulator/IQTextView/IQTextView.framework
/Users/zhouming/Library/Developer/Xcode/DerivedData/falcon-gsoilikaxsflzjexzrtqkcenvrbo/Build/Products/Release-iphonesimulator/IQTextView/IQTextView.framework: replacing existing signature

CodeSign /Users/zhouming/Library/Developer/Xcode/DerivedData/falcon-gsoilikaxsflzjexzrtqkcenvrbo/Build/Products/Release-iphonesimulator/IQKeyboardToolbarManager/IQKeyboardToolbarManager.framework (in target 'IQKeyboardToolbarManager' from project 'Pods')
    cd /Users/zhouming/Desktop/falcon/Pods
    
    Signing Identity:     "Sign to Run Locally"
    
    /usr/bin/codesign --force --sign - --timestamp\=none --generate-entitlement-der /Users/zhouming/Library/Developer/Xcode/DerivedData/falcon-gsoilikaxsflzjexzrtqkcenvrbo/Build/Products/Release-iphonesimulator/IQKeyboardToolbarManager/IQKeyboardToolbarManager.framework
/Users/zhouming/Library/Developer/Xcode/DerivedData/falcon-gsoilikaxsflzjexzrtqkcenvrbo/Build/Products/Release-iphonesimulator/IQKeyboardToolbarManager/IQKeyboardToolbarManager.framework: replacing existing signature

ProcessInfoPlistFile /Users/zhouming/Library/Developer/Xcode/DerivedData/falcon-gsoilikaxsflzjexzrtqkcenvrbo/Build/Products/Release-iphonesimulator/IQKeyboardManagerSwift/IQKeyboardManagerSwift.bundle/Info.plist /Users/zhouming/Desktop/falcon/Pods/Target\ Support\ Files/IQKeyboardManagerSwift/ResourceBundle-IQKeyboardManagerSwift-IQKeyboardManagerSwift-Info.plist (in target 'IQKeyboardManagerSwift-IQKeyboardManagerSwift' from project 'Pods')
    cd /Users/zhouming/Desktop/falcon/Pods
    builtin-infoPlistUtility /Users/zhouming/Desktop/falcon/Pods/Target\ Support\ Files/IQKeyboardManagerSwift/ResourceBundle-IQKeyboardManagerSwift-IQKeyboardManagerSwift-Info.plist -producttype com.apple.product-type.bundle -expandbuildsettings -format binary -platform iphonesimulator -o /Users/zhouming/Library/Developer/Xcode/DerivedData/falcon-gsoilikaxsflzjexzrtqkcenvrbo/Build/Products/Release-iphonesimulator/IQKeyboardManagerSwift/IQKeyboardManagerSwift.bundle/Info.plist

ProcessInfoPlistFile /Users/zhouming/Library/Developer/Xcode/DerivedData/falcon-gsoilikaxsflzjexzrtqkcenvrbo/Build/Products/Release-iphonesimulator/IQKeyboardManagerSwift/IQKeyboardManagerSwift.framework/Info.plist /Users/zhouming/Desktop/falcon/Pods/Target\ Support\ Files/IQKeyboardManagerSwift/IQKeyboardManagerSwift-Info.plist (in target 'IQKeyboardManagerSwift' from project 'Pods')
    cd /Users/zhouming/Desktop/falcon/Pods
    builtin-infoPlistUtility /Users/zhouming/Desktop/falcon/Pods/Target\ Support\ Files/IQKeyboardManagerSwift/IQKeyboardManagerSwift-Info.plist -producttype com.apple.product-type.framework -expandbuildsettings -format binary -platform iphonesimulator -o /Users/zhouming/Library/Developer/Xcode/DerivedData/falcon-gsoilikaxsflzjexzrtqkcenvrbo/Build/Products/Release-iphonesimulator/IQKeyboardManagerSwift/IQKeyboardManagerSwift.framework/Info.plist

CpResource /Users/zhouming/Library/Developer/Xcode/DerivedData/falcon-gsoilikaxsflzjexzrtqkcenvrbo/Build/Products/Release-iphonesimulator/IQKeyboardManagerSwift/IQKeyboardManagerSwift.framework/IQKeyboardManagerSwift.bundle /Users/zhouming/Library/Developer/Xcode/DerivedData/falcon-gsoilikaxsflzjexzrtqkcenvrbo/Build/Products/Release-iphonesimulator/IQKeyboardManagerSwift/IQKeyboardManagerSwift.bundle (in target 'IQKeyboardManagerSwift' from project 'Pods')
    cd /Users/zhouming/Desktop/falcon/Pods
    builtin-copy -exclude .DS_Store -exclude CVS -exclude .svn -exclude .git -exclude .hg -resolve-src-symlinks /Users/zhouming/Library/Developer/Xcode/DerivedData/falcon-gsoilikaxsflzjexzrtqkcenvrbo/Build/Products/Release-iphonesimulator/IQKeyboardManagerSwift/IQKeyboardManagerSwift.bundle /Users/zhouming/Library/Developer/Xcode/DerivedData/falcon-gsoilikaxsflzjexzrtqkcenvrbo/Build/Products/Release-iphonesimulator/IQKeyboardManagerSwift/IQKeyboardManagerSwift.framework

CodeSign /Users/zhouming/Library/Developer/Xcode/DerivedData/falcon-gsoilikaxsflzjexzrtqkcenvrbo/Build/Products/Release-iphonesimulator/IQKeyboardManagerSwift/IQKeyboardManagerSwift.framework (in target 'IQKeyboardManagerSwift' from project 'Pods')
    cd /Users/zhouming/Desktop/falcon/Pods
    
    Signing Identity:     "Sign to Run Locally"
    
    /usr/bin/codesign --force --sign - --timestamp\=none --generate-entitlement-der /Users/zhouming/Library/Developer/Xcode/DerivedData/falcon-gsoilikaxsflzjexzrtqkcenvrbo/Build/Products/Release-iphonesimulator/IQKeyboardManagerSwift/IQKeyboardManagerSwift.framework
/Users/zhouming/Library/Developer/Xcode/DerivedData/falcon-gsoilikaxsflzjexzrtqkcenvrbo/Build/Products/Release-iphonesimulator/IQKeyboardManagerSwift/IQKeyboardManagerSwift.framework: replacing existing signature

ProcessInfoPlistFile /Users/zhouming/Library/Developer/Xcode/DerivedData/falcon-gsoilikaxsflzjexzrtqkcenvrbo/Build/Products/Release-iphonesimulator/Pods_falcon.framework/Info.plist /Users/zhouming/Desktop/falcon/Pods/Target\ Support\ Files/Pods-falcon/Pods-falcon-Info.plist (in target 'Pods-falcon' from project 'Pods')
    cd /Users/zhouming/Desktop/falcon/Pods
    builtin-infoPlistUtility /Users/zhouming/Desktop/falcon/Pods/Target\ Support\ Files/Pods-falcon/Pods-falcon-Info.plist -producttype com.apple.product-type.framework -expandbuildsettings -format binary -platform iphonesimulator -o /Users/zhouming/Library/Developer/Xcode/DerivedData/falcon-gsoilikaxsflzjexzrtqkcenvrbo/Build/Products/Release-iphonesimulator/Pods_falcon.framework/Info.plist

SwiftDriver falcon normal arm64 com.apple.xcode.tools.swift.compiler (in target 'falcon' from project 'falcon')
    cd /Users/zhouming/Desktop/falcon
    builtin-SwiftDriver -- /Applications/Xcode.app/Contents/Developer/Toolchains/XcodeDefault.xctoolchain/usr/bin/swiftc -module-name falcon -O -enforce-exclusivity\=checked @/Users/zhouming/Library/Developer/Xcode/DerivedData/falcon-gsoilikaxsflzjexzrtqkcenvrbo/Build/Intermediates.noindex/falcon.build/Release-iphonesimulator/falcon.build/Objects-normal/arm64/falcon.SwiftFileList -D COCOAPODS -default-isolation\=MainActor -enable-bare-slash-regex -enable-upcoming-feature DisableOutwardActorInference -enable-upcoming-feature InferSendableFromCaptures -enable-upcoming-feature GlobalActorIsolatedTypesUsability -enable-upcoming-feature MemberImportVisibility -enable-upcoming-feature InferIsolatedConformances -enable-upcoming-feature NonisolatedNonsendingByDefault -enable-experimental-feature DebugDescriptionMacro -sdk /Applications/Xcode.app/Contents/Developer/Platforms/iPhoneSimulator.platform/Developer/SDKs/iPhoneSimulator26.0.sdk -target arm64-apple-ios15.5-simulator -g -module-cache-path /Users/zhouming/Library/Developer/Xcode/DerivedData/ModuleCache.noindex -Xfrontend -serialize-debugging-options -profile-coverage-mapping -profile-generate -swift-version 5 -I /Users/zhouming/Library/Developer/Xcode/DerivedData/falcon-gsoilikaxsflzjexzrtqkcenvrbo/Build/Products/Release-iphonesimulator -F /Users/zhouming/Library/Developer/Xcode/DerivedData/falcon-gsoilikaxsflzjexzrtqkcenvrbo/Build/Products/Release-iphonesimulator -F /Users/zhouming/Library/Developer/Xcode/DerivedData/falcon-gsoilikaxsflzjexzrtqkcenvrbo/Build/Products/Release-iphonesimulator/Alamofire -F /Users/zhouming/Library/Developer/Xcode/DerivedData/falcon-gsoilikaxsflzjexzrtqkcenvrbo/Build/Products/Release-iphonesimulator/Cache -F /Users/zhouming/Library/Developer/Xcode/DerivedData/falcon-gsoilikaxsflzjexzrtqkcenvrbo/Build/Products/Release-iphonesimulator/DZNEmptyDataSet -F /Users/zhouming/Library/Developer/Xcode/DerivedData/falcon-gsoilikaxsflzjexzrtqkcenvrbo/Build/Products/Release-iphonesimulator/DisplayCriteria -F /Users/zhouming/Library/Developer/Xcode/DerivedData/falcon-gsoilikaxsflzjexzrtqkcenvrbo/Build/Products/Release-iphonesimulator/ESTabBarController-swift -F /Users/zhouming/Library/Developer/Xcode/DerivedData/falcon-gsoilikaxsflzjexzrtqkcenvrbo/Build/Products/Release-iphonesimulator/FFmpegKit -F /Users/zhouming/Library/Developer/Xcode/DerivedData/falcon-gsoilikaxsflzjexzrtqkcenvrbo/Build/Products/Release-iphonesimulator/IQKeyboardCore -F /Users/zhouming/Library/Developer/Xcode/DerivedData/falcon-gsoilikaxsflzjexzrtqkcenvrbo/Build/Products/Release-iphonesimulator/IQKeyboardManagerSwift -F /Users/zhouming/Library/Developer/Xcode/DerivedData/falcon-gsoilikaxsflzjexzrtqkcenvrbo/Build/Products/Release-iphonesimulator/IQKeyboardNotification -F /Users/zhouming/Library/Developer/Xcode/DerivedData/falcon-gsoilikaxsflzjexzrtqkcenvrbo/Build/Products/Release-iphonesimulator/IQKeyboardReturnManager -F /Users/zhouming/Library/Developer/Xcode/DerivedData/falcon-gsoilikaxsflzjexzrtqkcenvrbo/Build/Products/Release-iphonesimulator/IQKeyboardToolbar -F /Users/zhouming/Library/Developer/Xcode/DerivedData/falcon-gsoilikaxsflzjexzrtqkcenvrbo/Build/Products/Release-iphonesimulator/IQKeyboardToolbarManager -F /Users/zhouming/Library/Developer/Xcode/DerivedData/falcon-gsoilikaxsflzjexzrtqkcenvrbo/Build/Products/Release-iphonesimulator/IQTextInputViewNotification -F /Users/zhouming/Library/Developer/Xcode/DerivedData/falcon-gsoilikaxsflzjexzrtqkcenvrbo/Build/Products/Release-iphonesimulator/IQTextView -F /Users/zhouming/Library/Developer/Xcode/DerivedData/falcon-gsoilikaxsflzjexzrtqkcenvrbo/Build/Products/Release-iphonesimulator/JXPagingView -F /Users/zhouming/Library/Developer/Xcode/DerivedData/falcon-gsoilikaxsflzjexzrtqkcenvrbo/Build/Products/Release-iphonesimulator/JXSegmentedView -F /Users/zhouming/Library/Developer/Xcode/DerivedData/falcon-gsoilikaxsflzjexzrtqkcenvrbo/Build/Products/Release-iphonesimulator/KSPlayer -F /Users/zhouming/Library/Developer/Xcode/DerivedData/falcon-gsoilikaxsflzjexzrtqkcenvrbo/Build/Products/Release-iphonesimulator/Kingfisher -F /Users/zhouming/Library/Developer/Xcode/DerivedData/falcon-gsoilikaxsflzjexzrtqkcenvrbo/Build/Products/Release-iphonesimulator/MBProgressHUD -F /Users/zhouming/Library/Developer/Xcode/DerivedData/falcon-gsoilikaxsflzjexzrtqkcenvrbo/Build/Products/Release-iphonesimulator/SnapKit -F /Users/zhouming/Library/Developer/Xcode/DerivedData/falcon-gsoilikaxsflzjexzrtqkcenvrbo/Build/Products/Release-iphonesimulator/Toast -F /Users/zhouming/Library/Developer/Xcode/DerivedData/falcon-gsoilikaxsflzjexzrtqkcenvrbo/Build/Products/Release-iphonesimulator/YQKingfisher -F /Users/zhouming/Library/Developer/Xcode/DerivedData/falcon-gsoilikaxsflzjexzrtqkcenvrbo/Build/Products/Release-iphonesimulator/YQPhotoBrowser -F /Users/zhouming/Library/Developer/Xcode/DerivedData/falcon-gsoilikaxsflzjexzrtqkcenvrbo/Build/Products/Release-iphonesimulator/YYCache -F /Users/zhouming/Library/Developer/Xcode/DerivedData/falcon-gsoilikaxsflzjexzrtqkcenvrbo/Build/Products/Release-iphonesimulator/YYText -F /Users/zhouming/Library/Developer/Xcode/DerivedData/falcon-gsoilikaxsflzjexzrtqkcenvrbo/Build/Products/Release-iphonesimulator/ZLPhotoBrowser -F /Users/zhouming/Library/Developer/Xcode/DerivedData/falcon-gsoilikaxsflzjexzrtqkcenvrbo/Build/Products/Release-iphonesimulator/lottie-ios -F /Users/zhouming/Desktop/falcon/Pods/FFmpegKit/Sources -F /Users/zhouming/Desktop/falcon/Pods/Libass/Sources -F /Users/zhouming/Library/Developer/Xcode/DerivedData/falcon-gsoilikaxsflzjexzrtqkcenvrbo/Build/Products/Release-iphonesimulator/XCFrameworkIntermediates/FFmpegKit/FFmpegKit -F /Users/zhouming/Library/Developer/Xcode/DerivedData/falcon-gsoilikaxsflzjexzrtqkcenvrbo/Build/Products/Release-iphonesimulator/XCFrameworkIntermediates/Libass/Libass -emit-localized-strings -emit-localized-strings-path /Users/zhouming/Library/Developer/Xcode/DerivedData/falcon-gsoilikaxsflzjexzrtqkcenvrbo/Build/Intermediates.noindex/falcon.build/Release-iphonesimulator/falcon.build/Objects-normal/arm64 -c -j8 -enable-batch-mode -incremental -Xcc -ivfsstatcache -Xcc /Users/zhouming/Library/Developer/Xcode/DerivedData/SDKStatCaches.noindex/iphonesimulator26.0-23A339-3885c01c3e6b6a337905948deab2002e26257891a6c027eb51374368541b8346.sdkstatcache -output-file-map /Users/zhouming/Library/Developer/Xcode/DerivedData/falcon-gsoilikaxsflzjexzrtqkcenvrbo/Build/Intermediates.noindex/falcon.build/Release-iphonesimulator/falcon.build/Objects-normal/arm64/falcon-OutputFileMap.json -use-frontend-parseable-output -save-temps -no-color-diagnostics -explicit-module-build -module-cache-path /Users/zhouming/Library/Developer/Xcode/DerivedData/falcon-gsoilikaxsflzjexzrtqkcenvrbo/Build/Intermediates.noindex/SwiftExplicitPrecompiledModules -clang-scanner-module-cache-path /Users/zhouming/Library/Developer/Xcode/DerivedData/ModuleCache.noindex -sdk-module-cache-path /Users/zhouming/Library/Developer/Xcode/DerivedData/ModuleCache.noindex -serialize-diagnostics -emit-dependencies -emit-module -emit-module-path /Users/zhouming/Library/Developer/Xcode/DerivedData/falcon-gsoilikaxsflzjexzrtqkcenvrbo/Build/Intermediates.noindex/falcon.build/Release-iphonesimulator/falcon.build/Objects-normal/arm64/falcon.swiftmodule -validate-clang-modules-once -clang-build-session-file /Users/zhouming/Library/Developer/Xcode/DerivedData/ModuleCache.noindex/Session.modulevalidation -Xcc -I/Users/zhouming/Library/Developer/Xcode/DerivedData/falcon-gsoilikaxsflzjexzrtqkcenvrbo/Build/Intermediates.noindex/falcon.build/Release-iphonesimulator/falcon.build/swift-overrides.hmap -emit-const-values -Xfrontend -const-gather-protocols-file -Xfrontend /Users/zhouming/Library/Developer/Xcode/DerivedData/falcon-gsoilikaxsflzjexzrtqkcenvrbo/Build/Intermediates.noindex/falcon.build/Release-iphonesimulator/falcon.build/Objects-normal/arm64/falcon_const_extract_protocols.json -Xcc -iquote -Xcc /Users/zhouming/Library/Developer/Xcode/DerivedData/falcon-gsoilikaxsflzjexzrtqkcenvrbo/Build/Intermediates.noindex/falcon.build/Release-iphonesimulator/falcon.build/falcon-generated-files.hmap -Xcc -I/Users/zhouming/Library/Developer/Xcode/DerivedData/falcon-gsoilikaxsflzjexzrtqkcenvrbo/Build/Intermediates.noindex/falcon.build/Release-iphonesimulator/falcon.build/falcon-own-target-headers.hmap -Xcc -I/Users/zhouming/Library/Developer/Xcode/DerivedData/falcon-gsoilikaxsflzjexzrtqkcenvrbo/Build/Intermediates.noindex/falcon.build/Release-iphonesimulator/falcon.build/falcon-all-non-framework-target-headers.hmap -Xcc -ivfsoverlay -Xcc /Users/zhouming/Library/Developer/Xcode/DerivedData/falcon-gsoilikaxsflzjexzrtqkcenvrbo/Build/Intermediates.noindex/falcon.build/Release-iphonesimulator/falcon-0daf7a28aeb72ccd5ee13e2bf2731ec9-VFS-iphonesimulator/all-product-headers.yaml -Xcc -iquote -Xcc /Users/zhouming/Library/Developer/Xcode/DerivedData/falcon-gsoilikaxsflzjexzrtqkcenvrbo/Build/Intermediates.noindex/falcon.build/Release-iphonesimulator/falcon.build/falcon-project-headers.hmap -Xcc -I/Users/zhouming/Library/Developer/Xcode/DerivedData/falcon-gsoilikaxsflzjexzrtqkcenvrbo/Build/Products/Release-iphonesimulator/include -Xcc -I/Users/zhouming/Library/Developer/Xcode/DerivedData/falcon-gsoilikaxsflzjexzrtqkcenvrbo/Build/Products/Release-iphonesimulator/Alamofire/Alamofire.framework/Headers -Xcc -I/Users/zhouming/Library/Developer/Xcode/DerivedData/falcon-gsoilikaxsflzjexzrtqkcenvrbo/Build/Products/Release-iphonesimulator/Cache/Cache.framework/Headers -Xcc -I/Users/zhouming/Library/Developer/Xcode/DerivedData/falcon-gsoilikaxsflzjexzrtqkcenvrbo/Build/Products/Release-iphonesimulator/DZNEmptyDataSet/DZNEmptyDataSet.framework/Headers -Xcc -I/Users/zhouming/Library/Developer/Xcode/DerivedData/falcon-gsoilikaxsflzjexzrtqkcenvrbo/Build/Products/Release-iphonesimulator/DisplayCriteria/DisplayCriteria.framework/Headers -Xcc -I/Users/zhouming/Library/Developer/Xcode/DerivedData/falcon-gsoilikaxsflzjexzrtqkcenvrbo/Build/Products/Release-iphonesimulator/ESTabBarController-swift/ESTabBarController_swift.framework/Headers -Xcc -I/Users/zhouming/Library/Developer/Xcode/DerivedData/falcon-gsoilikaxsflzjexzrtqkcenvrbo/Build/Products/Release-iphonesimulator/FFmpegKit/FFmpegKit.framework/Headers -Xcc -I/Users/zhouming/Library/Developer/Xcode/DerivedData/falcon-gsoilikaxsflzjexzrtqkcenvrbo/Build/Products/Release-iphonesimulator/IQKeyboardCore/IQKeyboardCore.framework/Headers -Xcc -I/Users/zhouming/Library/Developer/Xcode/DerivedData/falcon-gsoilikaxsflzjexzrtqkcenvrbo/Build/Products/Release-iphonesimulator/IQKeyboardManagerSwift/IQKeyboardManagerSwift.framework/Headers -Xcc -I/Users/zhouming/Library/Developer/Xcode/DerivedData/falcon-gsoilikaxsflzjexzrtqkcenvrbo/Build/Products/Release-iphonesimulator/IQKeyboardNotification/IQKeyboardNotification.framework/Headers -Xcc -I/Users/zhouming/Library/Developer/Xcode/DerivedData/falcon-gsoilikaxsflzjexzrtqkcenvrbo/Build/Products/Release-iphonesimulator/IQKeyboardReturnManager/IQKeyboardReturnManager.framework/Headers -Xcc -I/Users/zhouming/Library/Developer/Xcode/DerivedData/falcon-gsoilikaxsflzjexzrtqkcenvrbo/Build/Products/Release-iphonesimulator/IQKeyboardToolbar/IQKeyboardToolbar.framework/Headers -Xcc -I/Users/zhouming/Library/Developer/Xcode/DerivedData/falcon-gsoilikaxsflzjexzrtqkcenvrbo/Build/Products/Release-iphonesimulator/IQKeyboardToolbarManager/IQKeyboardToolbarManager.framework/Headers -Xcc -I/Users/zhouming/Library/Developer/Xcode/DerivedData/falcon-gsoilikaxsflzjexzrtqkcenvrbo/Build/Products/Release-iphonesimulator/IQTextInputViewNotification/IQTextInputViewNotification.framework/Headers -Xcc -I/Users/zhouming/Library/Developer/Xcode/DerivedData/falcon-gsoilikaxsflzjexzrtqkcenvrbo/Build/Products/Release-iphonesimulator/IQTextView/IQTextView.framework/Headers -Xcc -I/Users/zhouming/Library/Developer/Xcode/DerivedData/falcon-gsoilikaxsflzjexzrtqkcenvrbo/Build/Products/Release-iphonesimulator/JXPagingView/JXPagingView.framework/Headers -Xcc -I/Users/zhouming/Library/Developer/Xcode/DerivedData/falcon-gsoilikaxsflzjexzrtqkcenvrbo/Build/Products/Release-iphonesimulator/JXSegmentedView/JXSegmentedView.framework/Headers -Xcc -I/Users/zhouming/Library/Developer/Xcode/DerivedData/falcon-gsoilikaxsflzjexzrtqkcenvrbo/Build/Products/Release-iphonesimulator/KSPlayer/KSPlayer.framework/Headers -Xcc -I/Users/zhouming/Library/Developer/Xcode/DerivedData/falcon-gsoilikaxsflzjexzrtqkcenvrbo/Build/Products/Release-iphonesimulator/Kingfisher/Kingfisher.framework/Headers -Xcc -I/Users/zhouming/Library/Developer/Xcode/DerivedData/falcon-gsoilikaxsflzjexzrtqkcenvrbo/Build/Products/Release-iphonesimulator/MBProgressHUD/MBProgressHUD.framework/Headers -Xcc -I/Users/zhouming/Library/Developer/Xcode/DerivedData/falcon-gsoilikaxsflzjexzrtqkcenvrbo/Build/Products/Release-iphonesimulator/SnapKit/SnapKit.framework/Headers -Xcc -I/Users/zhouming/Library/Developer/Xcode/DerivedData/falcon-gsoilikaxsflzjexzrtqkcenvrbo/Build/Products/Release-iphonesimulator/Toast/Toast.framework/Headers -Xcc -I/Users/zhouming/Library/Developer/Xcode/DerivedData/falcon-gsoilikaxsflzjexzrtqkcenvrbo/Build/Products/Release-iphonesimulator/YQKingfisher/YQKingfisher.framework/Headers -Xcc -I/Users/zhouming/Library/Developer/Xcode/DerivedData/falcon-gsoilikaxsflzjexzrtqkcenvrbo/Build/Products/Release-iphonesimulator/YQPhotoBrowser/YQPhotoBrowser.framework/Headers -Xcc -I/Users/zhouming/Library/Developer/Xcode/DerivedData/falcon-gsoilikaxsflzjexzrtqkcenvrbo/Build/Products/Release-iphonesimulator/YYCache/YYCache.framework/Headers -Xcc -I/Users/zhouming/Library/Developer/Xcode/DerivedData/falcon-gsoilikaxsflzjexzrtqkcenvrbo/Build/Products/Release-iphonesimulator/YYText/YYText.framework/Headers -Xcc -I/Users/zhouming/Library/Developer/Xcode/DerivedData/falcon-gsoilikaxsflzjexzrtqkcenvrbo/Build/Products/Release-iphonesimulator/ZLPhotoBrowser/ZLPhotoBrowser.framework/Headers -Xcc -I/Users/zhouming/Library/Developer/Xcode/DerivedData/falcon-gsoilikaxsflzjexzrtqkcenvrbo/Build/Products/Release-iphonesimulator/lottie-ios/Lottie.framework/Headers -Xcc -I/Users/zhouming/Library/Developer/Xcode/DerivedData/falcon-gsoilikaxsflzjexzrtqkcenvrbo/Build/Products/Release-iphonesimulator/XCFrameworkIntermediates/FFmpegKit/FFmpegKit/Headers -Xcc -I/Users/zhouming/Library/Developer/Xcode/DerivedData/falcon-gsoilikaxsflzjexzrtqkcenvrbo/Build/Intermediates.noindex/falcon.build/Release-iphonesimulator/falcon.build/DerivedSources-normal/arm64 -Xcc -I/Users/zhouming/Library/Developer/Xcode/DerivedData/falcon-gsoilikaxsflzjexzrtqkcenvrbo/Build/Intermediates.noindex/falcon.build/Release-iphonesimulator/falcon.build/DerivedSources/arm64 -Xcc -I/Users/zhouming/Library/Developer/Xcode/DerivedData/falcon-gsoilikaxsflzjexzrtqkcenvrbo/Build/Intermediates.noindex/falcon.build/Release-iphonesimulator/falcon.build/DerivedSources -Xcc -DCOCOAPODS\=1 -emit-objc-header -emit-objc-header-path /Users/zhouming/Library/Developer/Xcode/DerivedData/falcon-gsoilikaxsflzjexzrtqkcenvrbo/Build/Intermediates.noindex/falcon.build/Release-iphonesimulator/falcon.build/Objects-normal/arm64/falcon-Swift.h -working-directory /Users/zhouming/Desktop/falcon -experimental-emit-module-separately -disable-cmo

SwiftDriver falcon normal x86_64 com.apple.xcode.tools.swift.compiler (in target 'falcon' from project 'falcon')
    cd /Users/zhouming/Desktop/falcon
    builtin-SwiftDriver -- /Applications/Xcode.app/Contents/Developer/Toolchains/XcodeDefault.xctoolchain/usr/bin/swiftc -module-name falcon -O -enforce-exclusivity\=checked @/Users/zhouming/Library/Developer/Xcode/DerivedData/falcon-gsoilikaxsflzjexzrtqkcenvrbo/Build/Intermediates.noindex/falcon.build/Release-iphonesimulator/falcon.build/Objects-normal/x86_64/falcon.SwiftFileList -D COCOAPODS -default-isolation\=MainActor -enable-bare-slash-regex -enable-upcoming-feature DisableOutwardActorInference -enable-upcoming-feature InferSendableFromCaptures -enable-upcoming-feature GlobalActorIsolatedTypesUsability -enable-upcoming-feature MemberImportVisibility -enable-upcoming-feature InferIsolatedConformances -enable-upcoming-feature NonisolatedNonsendingByDefault -enable-experimental-feature DebugDescriptionMacro -sdk /Applications/Xcode.app/Contents/Developer/Platforms/iPhoneSimulator.platform/Developer/SDKs/iPhoneSimulator26.0.sdk -target x86_64-apple-ios15.5-simulator -g -module-cache-path /Users/zhouming/Library/Developer/Xcode/DerivedData/ModuleCache.noindex -Xfrontend -serialize-debugging-options -profile-coverage-mapping -profile-generate -swift-version 5 -I /Users/zhouming/Library/Developer/Xcode/DerivedData/falcon-gsoilikaxsflzjexzrtqkcenvrbo/Build/Products/Release-iphonesimulator -F /Users/zhouming/Library/Developer/Xcode/DerivedData/falcon-gsoilikaxsflzjexzrtqkcenvrbo/Build/Products/Release-iphonesimulator -F /Users/zhouming/Library/Developer/Xcode/DerivedData/falcon-gsoilikaxsflzjexzrtqkcenvrbo/Build/Products/Release-iphonesimulator/Alamofire -F /Users/zhouming/Library/Developer/Xcode/DerivedData/falcon-gsoilikaxsflzjexzrtqkcenvrbo/Build/Products/Release-iphonesimulator/Cache -F /Users/zhouming/Library/Developer/Xcode/DerivedData/falcon-gsoilikaxsflzjexzrtqkcenvrbo/Build/Products/Release-iphonesimulator/DZNEmptyDataSet -F /Users/zhouming/Library/Developer/Xcode/DerivedData/falcon-gsoilikaxsflzjexzrtqkcenvrbo/Build/Products/Release-iphonesimulator/DisplayCriteria -F /Users/zhouming/Library/Developer/Xcode/DerivedData/falcon-gsoilikaxsflzjexzrtqkcenvrbo/Build/Products/Release-iphonesimulator/ESTabBarController-swift -F /Users/zhouming/Library/Developer/Xcode/DerivedData/falcon-gsoilikaxsflzjexzrtqkcenvrbo/Build/Products/Release-iphonesimulator/FFmpegKit -F /Users/zhouming/Library/Developer/Xcode/DerivedData/falcon-gsoilikaxsflzjexzrtqkcenvrbo/Build/Products/Release-iphonesimulator/IQKeyboardCore -F /Users/zhouming/Library/Developer/Xcode/DerivedData/falcon-gsoilikaxsflzjexzrtqkcenvrbo/Build/Products/Release-iphonesimulator/IQKeyboardManagerSwift -F /Users/zhouming/Library/Developer/Xcode/DerivedData/falcon-gsoilikaxsflzjexzrtqkcenvrbo/Build/Products/Release-iphonesimulator/IQKeyboardNotification -F /Users/zhouming/Library/Developer/Xcode/DerivedData/falcon-gsoilikaxsflzjexzrtqkcenvrbo/Build/Products/Release-iphonesimulator/IQKeyboardReturnManager -F /Users/zhouming/Library/Developer/Xcode/DerivedData/falcon-gsoilikaxsflzjexzrtqkcenvrbo/Build/Products/Release-iphonesimulator/IQKeyboardToolbar -F /Users/zhouming/Library/Developer/Xcode/DerivedData/falcon-gsoilikaxsflzjexzrtqkcenvrbo/Build/Products/Release-iphonesimulator/IQKeyboardToolbarManager -F /Users/zhouming/Library/Developer/Xcode/DerivedData/falcon-gsoilikaxsflzjexzrtqkcenvrbo/Build/Products/Release-iphonesimulator/IQTextInputViewNotification -F /Users/zhouming/Library/Developer/Xcode/DerivedData/falcon-gsoilikaxsflzjexzrtqkcenvrbo/Build/Products/Release-iphonesimulator/IQTextView -F /Users/zhouming/Library/Developer/Xcode/DerivedData/falcon-gsoilikaxsflzjexzrtqkcenvrbo/Build/Products/Release-iphonesimulator/JXPagingView -F /Users/zhouming/Library/Developer/Xcode/DerivedData/falcon-gsoilikaxsflzjexzrtqkcenvrbo/Build/Products/Release-iphonesimulator/JXSegmentedView -F /Users/zhouming/Library/Developer/Xcode/DerivedData/falcon-gsoilikaxsflzjexzrtqkcenvrbo/Build/Products/Release-iphonesimulator/KSPlayer -F /Users/zhouming/Library/Developer/Xcode/DerivedData/falcon-gsoilikaxsflzjexzrtqkcenvrbo/Build/Products/Release-iphonesimulator/Kingfisher -F /Users/zhouming/Library/Developer/Xcode/DerivedData/falcon-gsoilikaxsflzjexzrtqkcenvrbo/Build/Products/Release-iphonesimulator/MBProgressHUD -F /Users/zhouming/Library/Developer/Xcode/DerivedData/falcon-gsoilikaxsflzjexzrtqkcenvrbo/Build/Products/Release-iphonesimulator/SnapKit -F /Users/zhouming/Library/Developer/Xcode/DerivedData/falcon-gsoilikaxsflzjexzrtqkcenvrbo/Build/Products/Release-iphonesimulator/Toast -F /Users/zhouming/Library/Developer/Xcode/DerivedData/falcon-gsoilikaxsflzjexzrtqkcenvrbo/Build/Products/Release-iphonesimulator/YQKingfisher -F /Users/zhouming/Library/Developer/Xcode/DerivedData/falcon-gsoilikaxsflzjexzrtqkcenvrbo/Build/Products/Release-iphonesimulator/YQPhotoBrowser -F /Users/zhouming/Library/Developer/Xcode/DerivedData/falcon-gsoilikaxsflzjexzrtqkcenvrbo/Build/Products/Release-iphonesimulator/YYCache -F /Users/zhouming/Library/Developer/Xcode/DerivedData/falcon-gsoilikaxsflzjexzrtqkcenvrbo/Build/Products/Release-iphonesimulator/YYText -F /Users/zhouming/Library/Developer/Xcode/DerivedData/falcon-gsoilikaxsflzjexzrtqkcenvrbo/Build/Products/Release-iphonesimulator/ZLPhotoBrowser -F /Users/zhouming/Library/Developer/Xcode/DerivedData/falcon-gsoilikaxsflzjexzrtqkcenvrbo/Build/Products/Release-iphonesimulator/lottie-ios -F /Users/zhouming/Desktop/falcon/Pods/FFmpegKit/Sources -F /Users/zhouming/Desktop/falcon/Pods/Libass/Sources -F /Users/zhouming/Library/Developer/Xcode/DerivedData/falcon-gsoilikaxsflzjexzrtqkcenvrbo/Build/Products/Release-iphonesimulator/XCFrameworkIntermediates/FFmpegKit/FFmpegKit -F /Users/zhouming/Library/Developer/Xcode/DerivedData/falcon-gsoilikaxsflzjexzrtqkcenvrbo/Build/Products/Release-iphonesimulator/XCFrameworkIntermediates/Libass/Libass -emit-localized-strings -emit-localized-strings-path /Users/zhouming/Library/Developer/Xcode/DerivedData/falcon-gsoilikaxsflzjexzrtqkcenvrbo/Build/Intermediates.noindex/falcon.build/Release-iphonesimulator/falcon.build/Objects-normal/x86_64 -c -j8 -enable-batch-mode -incremental -Xcc -ivfsstatcache -Xcc /Users/zhouming/Library/Developer/Xcode/DerivedData/SDKStatCaches.noindex/iphonesimulator26.0-23A339-3885c01c3e6b6a337905948deab2002e26257891a6c027eb51374368541b8346.sdkstatcache -output-file-map /Users/zhouming/Library/Developer/Xcode/DerivedData/falcon-gsoilikaxsflzjexzrtqkcenvrbo/Build/Intermediates.noindex/falcon.build/Release-iphonesimulator/falcon.build/Objects-normal/x86_64/falcon-OutputFileMap.json -use-frontend-parseable-output -save-temps -no-color-diagnostics -explicit-module-build -module-cache-path /Users/zhouming/Library/Developer/Xcode/DerivedData/falcon-gsoilikaxsflzjexzrtqkcenvrbo/Build/Intermediates.noindex/SwiftExplicitPrecompiledModules -clang-scanner-module-cache-path /Users/zhouming/Library/Developer/Xcode/DerivedData/ModuleCache.noindex -sdk-module-cache-path /Users/zhouming/Library/Developer/Xcode/DerivedData/ModuleCache.noindex -serialize-diagnostics -emit-dependencies -emit-module -emit-module-path /Users/zhouming/Library/Developer/Xcode/DerivedData/falcon-gsoilikaxsflzjexzrtqkcenvrbo/Build/Intermediates.noindex/falcon.build/Release-iphonesimulator/falcon.build/Objects-normal/x86_64/falcon.swiftmodule -validate-clang-modules-once -clang-build-session-file /Users/zhouming/Library/Developer/Xcode/DerivedData/ModuleCache.noindex/Session.modulevalidation -Xcc -I/Users/zhouming/Library/Developer/Xcode/DerivedData/falcon-gsoilikaxsflzjexzrtqkcenvrbo/Build/Intermediates.noindex/falcon.build/Release-iphonesimulator/falcon.build/swift-overrides.hmap -emit-const-values -Xfrontend -const-gather-protocols-file -Xfrontend /Users/zhouming/Library/Developer/Xcode/DerivedData/falcon-gsoilikaxsflzjexzrtqkcenvrbo/Build/Intermediates.noindex/falcon.build/Release-iphonesimulator/falcon.build/Objects-normal/x86_64/falcon_const_extract_protocols.json -Xcc -iquote -Xcc /Users/zhouming/Library/Developer/Xcode/DerivedData/falcon-gsoilikaxsflzjexzrtqkcenvrbo/Build/Intermediates.noindex/falcon.build/Release-iphonesimulator/falcon.build/falcon-generated-files.hmap -Xcc -I/Users/zhouming/Library/Developer/Xcode/DerivedData/falcon-gsoilikaxsflzjexzrtqkcenvrbo/Build/Intermediates.noindex/falcon.build/Release-iphonesimulator/falcon.build/falcon-own-target-headers.hmap -Xcc -I/Users/zhouming/Library/Developer/Xcode/DerivedData/falcon-gsoilikaxsflzjexzrtqkcenvrbo/Build/Intermediates.noindex/falcon.build/Release-iphonesimulator/falcon.build/falcon-all-non-framework-target-headers.hmap -Xcc -ivfsoverlay -Xcc /Users/zhouming/Library/Developer/Xcode/DerivedData/falcon-gsoilikaxsflzjexzrtqkcenvrbo/Build/Intermediates.noindex/falcon.build/Release-iphonesimulator/falcon-0daf7a28aeb72ccd5ee13e2bf2731ec9-VFS-iphonesimulator/all-product-headers.yaml -Xcc -iquote -Xcc /Users/zhouming/Library/Developer/Xcode/DerivedData/falcon-gsoilikaxsflzjexzrtqkcenvrbo/Build/Intermediates.noindex/falcon.build/Release-iphonesimulator/falcon.build/falcon-project-headers.hmap -Xcc -I/Users/zhouming/Library/Developer/Xcode/DerivedData/falcon-gsoilikaxsflzjexzrtqkcenvrbo/Build/Products/Release-iphonesimulator/include -Xcc -I/Users/zhouming/Library/Developer/Xcode/DerivedData/falcon-gsoilikaxsflzjexzrtqkcenvrbo/Build/Products/Release-iphonesimulator/Alamofire/Alamofire.framework/Headers -Xcc -I/Users/zhouming/Library/Developer/Xcode/DerivedData/falcon-gsoilikaxsflzjexzrtqkcenvrbo/Build/Products/Release-iphonesimulator/Cache/Cache.framework/Headers -Xcc -I/Users/zhouming/Library/Developer/Xcode/DerivedData/falcon-gsoilikaxsflzjexzrtqkcenvrbo/Build/Products/Release-iphonesimulator/DZNEmptyDataSet/DZNEmptyDataSet.framework/Headers -Xcc -I/Users/zhouming/Library/Developer/Xcode/DerivedData/falcon-gsoilikaxsflzjexzrtqkcenvrbo/Build/Products/Release-iphonesimulator/DisplayCriteria/DisplayCriteria.framework/Headers -Xcc -I/Users/zhouming/Library/Developer/Xcode/DerivedData/falcon-gsoilikaxsflzjexzrtqkcenvrbo/Build/Products/Release-iphonesimulator/ESTabBarController-swift/ESTabBarController_swift.framework/Headers -Xcc -I/Users/zhouming/Library/Developer/Xcode/DerivedData/falcon-gsoilikaxsflzjexzrtqkcenvrbo/Build/Products/Release-iphonesimulator/FFmpegKit/FFmpegKit.framework/Headers -Xcc -I/Users/zhouming/Library/Developer/Xcode/DerivedData/falcon-gsoilikaxsflzjexzrtqkcenvrbo/Build/Products/Release-iphonesimulator/IQKeyboardCore/IQKeyboardCore.framework/Headers -Xcc -I/Users/zhouming/Library/Developer/Xcode/DerivedData/falcon-gsoilikaxsflzjexzrtqkcenvrbo/Build/Products/Release-iphonesimulator/IQKeyboardManagerSwift/IQKeyboardManagerSwift.framework/Headers -Xcc -I/Users/zhouming/Library/Developer/Xcode/DerivedData/falcon-gsoilikaxsflzjexzrtqkcenvrbo/Build/Products/Release-iphonesimulator/IQKeyboardNotification/IQKeyboardNotification.framework/Headers -Xcc -I/Users/zhouming/Library/Developer/Xcode/DerivedData/falcon-gsoilikaxsflzjexzrtqkcenvrbo/Build/Products/Release-iphonesimulator/IQKeyboardReturnManager/IQKeyboardReturnManager.framework/Headers -Xcc -I/Users/zhouming/Library/Developer/Xcode/DerivedData/falcon-gsoilikaxsflzjexzrtqkcenvrbo/Build/Products/Release-iphonesimulator/IQKeyboardToolbar/IQKeyboardToolbar.framework/Headers -Xcc -I/Users/zhouming/Library/Developer/Xcode/DerivedData/falcon-gsoilikaxsflzjexzrtqkcenvrbo/Build/Products/Release-iphonesimulator/IQKeyboardToolbarManager/IQKeyboardToolbarManager.framework/Headers -Xcc -I/Users/zhouming/Library/Developer/Xcode/DerivedData/falcon-gsoilikaxsflzjexzrtqkcenvrbo/Build/Products/Release-iphonesimulator/IQTextInputViewNotification/IQTextInputViewNotification.framework/Headers -Xcc -I/Users/zhouming/Library/Developer/Xcode/DerivedData/falcon-gsoilikaxsflzjexzrtqkcenvrbo/Build/Products/Release-iphonesimulator/IQTextView/IQTextView.framework/Headers -Xcc -I/Users/zhouming/Library/Developer/Xcode/DerivedData/falcon-gsoilikaxsflzjexzrtqkcenvrbo/Build/Products/Release-iphonesimulator/JXPagingView/JXPagingView.framework/Headers -Xcc -I/Users/zhouming/Library/Developer/Xcode/DerivedData/falcon-gsoilikaxsflzjexzrtqkcenvrbo/Build/Products/Release-iphonesimulator/JXSegmentedView/JXSegmentedView.framework/Headers -Xcc -I/Users/zhouming/Library/Developer/Xcode/DerivedData/falcon-gsoilikaxsflzjexzrtqkcenvrbo/Build/Products/Release-iphonesimulator/KSPlayer/KSPlayer.framework/Headers -Xcc -I/Users/zhouming/Library/Developer/Xcode/DerivedData/falcon-gsoilikaxsflzjexzrtqkcenvrbo/Build/Products/Release-iphonesimulator/Kingfisher/Kingfisher.framework/Headers -Xcc -I/Users/zhouming/Library/Developer/Xcode/DerivedData/falcon-gsoilikaxsflzjexzrtqkcenvrbo/Build/Products/Release-iphonesimulator/MBProgressHUD/MBProgressHUD.framework/Headers -Xcc -I/Users/zhouming/Library/Developer/Xcode/DerivedData/falcon-gsoilikaxsflzjexzrtqkcenvrbo/Build/Products/Release-iphonesimulator/SnapKit/SnapKit.framework/Headers -Xcc -I/Users/zhouming/Library/Developer/Xcode/DerivedData/falcon-gsoilikaxsflzjexzrtqkcenvrbo/Build/Products/Release-iphonesimulator/Toast/Toast.framework/Headers -Xcc -I/Users/zhouming/Library/Developer/Xcode/DerivedData/falcon-gsoilikaxsflzjexzrtqkcenvrbo/Build/Products/Release-iphonesimulator/YQKingfisher/YQKingfisher.framework/Headers -Xcc -I/Users/zhouming/Library/Developer/Xcode/DerivedData/falcon-gsoilikaxsflzjexzrtqkcenvrbo/Build/Products/Release-iphonesimulator/YQPhotoBrowser/YQPhotoBrowser.framework/Headers -Xcc -I/Users/zhouming/Library/Developer/Xcode/DerivedData/falcon-gsoilikaxsflzjexzrtqkcenvrbo/Build/Products/Release-iphonesimulator/YYCache/YYCache.framework/Headers -Xcc -I/Users/zhouming/Library/Developer/Xcode/DerivedData/falcon-gsoilikaxsflzjexzrtqkcenvrbo/Build/Products/Release-iphonesimulator/YYText/YYText.framework/Headers -Xcc -I/Users/zhouming/Library/Developer/Xcode/DerivedData/falcon-gsoilikaxsflzjexzrtqkcenvrbo/Build/Products/Release-iphonesimulator/ZLPhotoBrowser/ZLPhotoBrowser.framework/Headers -Xcc -I/Users/zhouming/Library/Developer/Xcode/DerivedData/falcon-gsoilikaxsflzjexzrtqkcenvrbo/Build/Products/Release-iphonesimulator/lottie-ios/Lottie.framework/Headers -Xcc -I/Users/zhouming/Library/Developer/Xcode/DerivedData/falcon-gsoilikaxsflzjexzrtqkcenvrbo/Build/Products/Release-iphonesimulator/XCFrameworkIntermediates/FFmpegKit/FFmpegKit/Headers -Xcc -I/Users/zhouming/Library/Developer/Xcode/DerivedData/falcon-gsoilikaxsflzjexzrtqkcenvrbo/Build/Intermediates.noindex/falcon.build/Release-iphonesimulator/falcon.build/DerivedSources-normal/x86_64 -Xcc -I/Users/zhouming/Library/Developer/Xcode/DerivedData/falcon-gsoilikaxsflzjexzrtqkcenvrbo/Build/Intermediates.noindex/falcon.build/Release-iphonesimulator/falcon.build/DerivedSources/x86_64 -Xcc -I/Users/zhouming/Library/Developer/Xcode/DerivedData/falcon-gsoilikaxsflzjexzrtqkcenvrbo/Build/Intermediates.noindex/falcon.build/Release-iphonesimulator/falcon.build/DerivedSources -Xcc -DCOCOAPODS\=1 -emit-objc-header -emit-objc-header-path /Users/zhouming/Library/Developer/Xcode/DerivedData/falcon-gsoilikaxsflzjexzrtqkcenvrbo/Build/Intermediates.noindex/falcon.build/Release-iphonesimulator/falcon.build/Objects-normal/x86_64/falcon-Swift.h -working-directory /Users/zhouming/Desktop/falcon -experimental-emit-module-separately -disable-cmo

ProcessInfoPlistFile /Users/zhouming/Library/Developer/Xcode/DerivedData/falcon-gsoilikaxsflzjexzrtqkcenvrbo/Build/Products/Release-iphonesimulator/falcon.app/Info.plist /Users/zhouming/Desktop/falcon/falcon/Info.plist (in target 'falcon' from project 'falcon')
    cd /Users/zhouming/Desktop/falcon
    builtin-infoPlistUtility /Users/zhouming/Desktop/falcon/falcon/Info.plist -producttype com.apple.product-type.application -genpkginfo /Users/zhouming/Library/Developer/Xcode/DerivedData/falcon-gsoilikaxsflzjexzrtqkcenvrbo/Build/Products/Release-iphonesimulator/falcon.app/PkgInfo -expandbuildsettings -format binary -platform iphonesimulator -additionalcontentfile /Users/zhouming/Library/Developer/Xcode/DerivedData/falcon-gsoilikaxsflzjexzrtqkcenvrbo/Build/Intermediates.noindex/falcon.build/Release-iphonesimulator/falcon.build/Base.lproj/LaunchScreen-SBPartialInfo.plist -additionalcontentfile /Users/zhouming/Library/Developer/Xcode/DerivedData/falcon-gsoilikaxsflzjexzrtqkcenvrbo/Build/Intermediates.noindex/falcon.build/Release-iphonesimulator/falcon.build/assetcatalog_generated_info.plist -o /Users/zhouming/Library/Developer/Xcode/DerivedData/falcon-gsoilikaxsflzjexzrtqkcenvrbo/Build/Products/Release-iphonesimulator/falcon.app/Info.plist

SwiftEmitModule normal arm64 Emitting\ module\ for\ falcon (in target 'falcon' from project 'falcon')

EmitSwiftModule normal arm64 (in target 'falcon' from project 'falcon')
    cd /Users/zhouming/Desktop/falcon
    

SwiftCompile normal arm64 Compiling\ UIViewController+Extension.swift,\ UIWindow+Extension.swift,\ GCDSimpleCache.swift,\ UIKitBasicViewController.swift,\ UIKitViewController.swift,\ UIKitWindowViewController.swift,\ UserInfo.swift,\ UserInfoSession.swift,\ FileManager+Extension.swift,\ LoginUtil.swift,\ PerformanceMeasurer.swift,\ BaseNavigationController.swift,\ TestAutolayoutViewController.swift,\ DesignSystemDemoViewController.swift,\ DSComplexListViewController.swift,\ UseNavigationBarController.swift,\ ProtocolDemoViewController.swift /Users/zhouming/Desktop/falcon/falcon/Core/UIKitExtension/Encapsulation/UIViewController+Extension.swift /Users/zhouming/Desktop/falcon/falcon/Core/UIKitExtension/Encapsulation/UIWindow+Extension.swift /Users/zhouming/Desktop/falcon/falcon/Core/UIKitExtension/GCDSimpleCache.swift /Users/zhouming/Desktop/falcon/falcon/Core/UIKitExtension/UIKitBasicViewController.swift /Users/zhouming/Desktop/falcon/falcon/Core/UIKitExtension/UIKitViewController.swift /Users/zhouming/Desktop/falcon/falcon/Core/UIKitExtension/UIKitWindowViewController.swift /Users/zhouming/Desktop/falcon/falcon/Core/UserInfo/UserInfo.swift /Users/zhouming/Desktop/falcon/falcon/Core/UserInfo/UserInfoSession.swift /Users/zhouming/Desktop/falcon/falcon/Core/Util/FileManager+Extension.swift /Users/zhouming/Desktop/falcon/falcon/Core/Util/LoginUtil.swift /Users/zhouming/Desktop/falcon/falcon/Core/Util/PerformanceMeasurer.swift /Users/zhouming/Desktop/falcon/falcon/Core/BaseNavigationController.swift /Users/zhouming/Desktop/falcon/falcon/Demos/BasicKnowledge/Autolayout/TestAutolayoutViewController.swift /Users/zhouming/Desktop/falcon/falcon/Demos/BasicKnowledge/DesignSystem/DesignSystemDemoViewController.swift /Users/zhouming/Desktop/falcon/falcon/Demos/BasicKnowledge/DesignSystem/DSComplexListViewController.swift /Users/zhouming/Desktop/falcon/falcon/Demos/BasicKnowledge/Navigation/UseNavigationBarController.swift /Users/zhouming/Desktop/falcon/falcon/Demos/BasicKnowledge/Protocol/ProtocolDemoViewController.swift (in target 'falcon' from project 'falcon')
Please submit a bug report (https://swift.org/contributing/#reporting-bugs) and include the crash backtrace.
Stack dump:
0.	Program arguments: /Applications/Xcode.app/Contents/Developer/Toolchains/XcodeDefault.xctoolchain/usr/bin/swift-frontend -frontend -c -filelist /Users/zhouming/Library/Developer/Xcode/DerivedData/falcon-gsoilikaxsflzjexzrtqkcenvrbo/Build/Intermediates.noindex/falcon.build/Release-iphonesimulator/falcon.build/Objects-normal/arm64/sources-1 -primary-file /Users/zhouming/Desktop/falcon/falcon/Core/UIKitExtension/Encapsulation/UIViewController+Extension.swift -primary-file /Users/zhouming/Desktop/falcon/falcon/Core/UIKitExtension/Encapsulation/UIWindow+Extension.swift -primary-file /Users/zhouming/Desktop/falcon/falcon/Core/UIKitExtension/GCDSimpleCache.swift -primary-file /Users/zhouming/Desktop/falcon/falcon/Core/UIKitExtension/UIKitBasicViewController.swift -primary-file /Users/zhouming/Desktop/falcon/falcon/Core/UIKitExtension/UIKitViewController.swift -primary-file /Users/zhouming/Desktop/falcon/falcon/Core/UIKitExtension/UIKitWindowViewController.swift -primary-file /Users/zhouming/Desktop/falcon/falcon/Core/UserInfo/UserInfo.swift -primary-file /Users/zhouming/Desktop/falcon/falcon/Core/UserInfo/UserInfoSession.swift -primary-file /Users/zhouming/Desktop/falcon/falcon/Core/Util/FileManager+Extension.swift -primary-file /Users/zhouming/Desktop/falcon/falcon/Core/Util/LoginUtil.swift -primary-file /Users/zhouming/Desktop/falcon/falcon/Core/Util/PerformanceMeasurer.swift -primary-file /Users/zhouming/Desktop/falcon/falcon/Core/BaseNavigationController.swift -primary-file /Users/zhouming/Desktop/falcon/falcon/Demos/BasicKnowledge/Autolayout/TestAutolayoutViewController.swift -primary-file /Users/zhouming/Desktop/falcon/falcon/Demos/BasicKnowledge/DesignSystem/DesignSystemDemoViewController.swift -primary-file /Users/zhouming/Desktop/falcon/falcon/Demos/BasicKnowledge/DesignSystem/DSComplexListViewController.swift -primary-file /Users/zhouming/Desktop/falcon/falcon/Demos/BasicKnowledge/Navigation/UseNavigationBarController.swift -primary-file /Users/zhouming/Desktop/falcon/falcon/Demos/BasicKnowledge/Protocol/ProtocolDemoViewController.swift -supplementary-output-file-map /Users/zhouming/Library/Developer/Xcode/DerivedData/falcon-gsoilikaxsflzjexzrtqkcenvrbo/Build/Intermediates.noindex/falcon.build/Release-iphonesimulator/falcon.build/Objects-normal/arm64/supplementaryOutputs-2 -emit-localized-strings -emit-localized-strings-path /Users/zhouming/Library/Developer/Xcode/DerivedData/falcon-gsoilikaxsflzjexzrtqkcenvrbo/Build/Intermediates.noindex/falcon.build/Release-iphonesimulator/falcon.build/Objects-normal/arm64 -target arm64-apple-ios15.5-simulator -module-can-import-version DeveloperToolsSupport 23.0.4 23.0.4 -module-can-import-version SwiftUI 7.0.84.1 7.0.84 -module-can-import-version UIKit 9088.1.113 9088.1.113 -load-resolved-plugin /Applications/Xcode.app/Contents/Developer/Platforms/iPhoneOS.platform/Developer/usr/lib/swift/host/plugins/libFoundationMacros.dylib#/Applications/Xcode.app/Contents/Developer/Platforms/iPhoneOS.platform/Developer/usr/bin/swift-plugin-server#FoundationMacros -load-resolved-plugin /Applications/Xcode.app/Contents/Developer/Platforms/iPhoneOS.platform/Developer/usr/lib/swift/host/plugins/libObservationMacros.dylib#/Applications/Xcode.app/Contents/Developer/Platforms/iPhoneOS.platform/Developer/usr/bin/swift-plugin-server#ObservationMacros -load-resolved-plugin /Applications/Xcode.app/Contents/Developer/Platforms/iPhoneOS.platform/Developer/usr/lib/swift/host/plugins/libPreviewsMacros.dylib#/Applications/Xcode.app/Contents/Developer/Platforms/iPhoneOS.platform/Developer/usr/bin/swift-plugin-server#PreviewsMacros -load-resolved-plugin /Applications/Xcode.app/Contents/Developer/Platforms/iPhoneOS.platform/Developer/usr/lib/swift/host/plugins/libSwiftMacros.dylib#/Applications/Xcode.app/Contents/Developer/Platforms/iPhoneOS.platform/Developer/usr/bin/swift-plugin-server#SwiftMacros -load-resolved-plugin /Applications/Xcode.app/Contents/Developer/Platforms/iPhoneOS.platform/Developer/usr/lib/swift/host/plugins/libSwiftUIMacros.dylib#/Applications/Xcode.app/Contents/Developer/Platforms/iPhoneOS.platform/Developer/usr/bin/swift-plugin-server#SwiftUIMacros -load-resolved-plugin /Applications/Xcode.app/Contents/Developer/Platforms/iPhoneOS.platform/Developer/usr/lib/swift/host/plugins/libTipKitMacros.dylib#/Applications/Xcode.app/Contents/Developer/Platforms/iPhoneOS.platform/Developer/usr/bin/swift-plugin-server#TipKitMacros -disable-implicit-swift-modules -Xcc -fno-implicit-modules -Xcc -fno-implicit-module-maps -explicit-swift-module-map-file /Users/zhouming/Library/Developer/Xcode/DerivedData/falcon-gsoilikaxsflzjexzrtqkcenvrbo/Build/Intermediates.noindex/falcon.build/Release-iphonesimulator/falcon.build/Objects-normal/arm64/falcon-dependencies-2.json -Xllvm -aarch64-use-tbi -enable-objc-interop -sdk /Applications/Xcode.app/Contents/Developer/Platforms/iPhoneSimulator.platform/Developer/SDKs/iPhoneSimulator26.0.sdk -I /Users/zhouming/Library/Developer/Xcode/DerivedData/falcon-gsoilikaxsflzjexzrtqkcenvrbo/Build/Products/Release-iphonesimulator -F /Users/zhouming/Library/Developer/Xcode/DerivedData/falcon-gsoilikaxsflzjexzrtqkcenvrbo/Build/Products/Release-iphonesimulator -F /Users/zhouming/Library/Developer/Xcode/DerivedData/falcon-gsoilikaxsflzjexzrtqkcenvrbo/Build/Products/Release-iphonesimulator/Alamofire -F /Users/zhouming/Library/Developer/Xcode/DerivedData/falcon-gsoilikaxsflzjexzrtqkcenvrbo/Build/Products/Release-iphonesimulator/Cache -F /Users/zhouming/Library/Developer/Xcode/DerivedData/falcon-gsoilikaxsflzjexzrtqkcenvrbo/Build/Products/Release-iphonesimulator/DZNEmptyDataSet -F /Users/zhouming/Library/Developer/Xcode/DerivedData/falcon-gsoilikaxsflzjexzrtqkcenvrbo/Build/Products/Release-iphonesimulator/DisplayCriteria -F /Users/zhouming/Library/Developer/Xcode/DerivedData/falcon-gsoilikaxsflzjexzrtqkcenvrbo/Build/Products/Release-iphonesimulator/ESTabBarController-swift -F /Users/zhouming/Library/Developer/Xcode/DerivedData/falcon-gsoilikaxsflzjexzrtqkcenvrbo/Build/Products/Release-iphonesimulator/FFmpegKit -F /Users/zhouming/Library/Developer/Xcode/DerivedData/falcon-gsoilikaxsflzjexzrtqkcenvrbo/Build/Products/Release-iphonesimulator/IQKeyboardCore -F /Users/zhouming/Library/Developer/Xcode/DerivedData/falcon-gsoilikaxsflzjexzrtqkcenvrbo/Build/Products/Release-iphonesimulator/IQKeyboardManagerSwift -F /Users/zhouming/Library/Developer/Xcode/DerivedData/falcon-gsoilikaxsflzjexzrtqkcenvrbo/Build/Products/Release-iphonesimulator/IQKeyboardNotification -F /Users/zhouming/Library/Developer/Xcode/DerivedData/falcon-gsoilikaxsflzjexzrtqkcenvrbo/Build/Products/Release-iphonesimulator/IQKeyboardReturnManager -F /Users/zhouming/Library/Developer/Xcode/DerivedData/falcon-gsoilikaxsflzjexzrtqkcenvrbo/Build/Products/Release-iphonesimulator/IQKeyboardToolbar -F /Users/zhouming/Library/Developer/Xcode/DerivedData/falcon-gsoilikaxsflzjexzrtqkcenvrbo/Build/Products/Release-iphonesimulator/IQKeyboardToolbarManager -F /Users/zhouming/Library/Developer/Xcode/DerivedData/falcon-gsoilikaxsflzjexzrtqkcenvrbo/Build/Products/Release-iphonesimulator/IQTextInputViewNotification -F /Users/zhouming/Library/Developer/Xcode/DerivedData/falcon-gsoilikaxsflzjexzrtqkcenvrbo/Build/Products/Release-iphonesimulator/IQTextView -F /Users/zhouming/Library/Developer/Xcode/DerivedData/falcon-gsoilikaxsflzjexzrtqkcenvrbo/Build/Products/Release-iphonesimulator/JXPagingView -F /Users/zhouming/Library/Developer/Xcode/DerivedData/falcon-gsoilikaxsflzjexzrtqkcenvrbo/Build/Products/Release-iphonesimulator/JXSegmentedView -F /Users/zhouming/Library/Developer/Xcode/DerivedData/falcon-gsoilikaxsflzjexzrtqkcenvrbo/Build/Products/Release-iphonesimulator/KSPlayer -F /Users/zhouming/Library/Developer/Xcode/DerivedData/falcon-gsoilikaxsflzjexzrtqkcenvrbo/Build/Products/Release-iphonesimulator/Kingfisher -F /Users/zhouming/Library/Developer/Xcode/DerivedData/falcon-gsoilikaxsflzjexzrtqkcenvrbo/Build/Products/Release-iphonesimulator/MBProgressHUD -F /Users/zhouming/Library/Developer/Xcode/DerivedData/falcon-gsoilikaxsflzjexzrtqkcenvrbo/Build/Products/Release-iphonesimulator/SnapKit -F /Users/zhouming/Library/Developer/Xcode/DerivedData/falcon-gsoilikaxsflzjexzrtqkcenvrbo/Build/Products/Release-iphonesimulator/Toast -F /Users/zhouming/Library/Developer/Xcode/DerivedData/falcon-gsoilikaxsflzjexzrtqkcenvrbo/Build/Products/Release-iphonesimulator/YQKingfisher -F /Users/zhouming/Library/Developer/Xcode/DerivedData/falcon-gsoilikaxsflzjexzrtqkcenvrbo/Build/Products/Release-iphonesimulator/YQPhotoBrowser -F /Users/zhouming/Library/Developer/Xcode/DerivedData/falcon-gsoilikaxsflzjexzrtqkcenvrbo/Build/Products/Release-iphonesimulator/YYCache -F /Users/zhouming/Library/Developer/Xcode/DerivedData/falcon-gsoilikaxsflzjexzrtqkcenvrbo/Build/Products/Release-iphonesimulator/YYText -F /Users/zhouming/Library/Developer/Xcode/DerivedData/falcon-gsoilikaxsflzjexzrtqkcenvrbo/Build/Products/Release-iphonesimulator/ZLPhotoBrowser -F /Users/zhouming/Library/Developer/Xcode/DerivedData/falcon-gsoilikaxsflzjexzrtqkcenvrbo/Build/Products/Release-iphonesimulator/lottie-ios -F /Users/zhouming/Desktop/falcon/Pods/FFmpegKit/Sources -F /Users/zhouming/Desktop/falcon/Pods/Libass/Sources -F /Users/zhouming/Library/Developer/Xcode/DerivedData/falcon-gsoilikaxsflzjexzrtqkcenvrbo/Build/Products/Release-iphonesimulator/XCFrameworkIntermediates/FFmpegKit/FFmpegKit -F /Users/zhouming/Library/Developer/Xcode/DerivedData/falcon-gsoilikaxsflzjexzrtqkcenvrbo/Build/Products/Release-iphonesimulator/XCFrameworkIntermediates/Libass/Libass -no-color-diagnostics -Xcc -fno-color-diagnostics -g -debug-info-format=dwarf -dwarf-version=4 -module-cache-path /Users/zhouming/Library/Developer/Xcode/DerivedData/falcon-gsoilikaxsflzjexzrtqkcenvrbo/Build/Intermediates.noindex/SwiftExplicitPrecompiledModules -profile-generate -profile-coverage-mapping -swift-version 5 -enforce-exclusivity=checked -O -D COCOAPODS -serialize-debugging-options -const-gather-protocols-file /Users/zhouming/Library/Developer/Xcode/DerivedData/falcon-gsoilikaxsflzjexzrtqkcenvrbo/Build/Intermediates.noindex/falcon.build/Release-iphonesimulator/falcon.build/Objects-normal/arm64/falcon_const_extract_protocols.json -enable-upcoming-feature DisableOutwardActorInference -enable-upcoming-feature InferSendableFromCaptures -enable-upcoming-feature GlobalActorIsolatedTypesUsability -enable-upcoming-feature MemberImportVisibility -enable-upcoming-feature InferIsolatedConformances -enable-upcoming-feature NonisolatedNonsendingByDefault -enable-experimental-feature DebugDescriptionMacro -enable-bare-slash-regex -default-isolation=MainActor -empty-abi-descriptor -validate-clang-modules-once -clang-build-session-file /Users/zhouming/Library/Developer/Xcode/DerivedData/ModuleCache.noindex/Session.modulevalidation -Xcc -working-directory -Xcc /Users/zhouming/Desktop/falcon -file-compilation-dir /Users/zhouming/Desktop/falcon -Xcc -ivfsstatcache -Xcc /Users/zhouming/Library/Developer/Xcode/DerivedData/SDKStatCaches.noindex/iphonesimulator26.0-23A339-3885c01c3e6b6a337905948deab2002e26257891a6c027eb51374368541b8346.sdkstatcache -Xcc -I/Users/zhouming/Library/Developer/Xcode/DerivedData/falcon-gsoilikaxsflzjexzrtqkcenvrbo/Build/Intermediates.noindex/falcon.build/Release-iphonesimulator/falcon.build/swift-overrides.hmap -Xcc -iquote -Xcc /Users/zhouming/Library/Developer/Xcode/DerivedData/falcon-gsoilikaxsflzjexzrtqkcenvrbo/Build/Intermediates.noindex/falcon.build/Release-iphonesimulator/falcon.build/falcon-generated-files.hmap -Xcc -I/Users/zhouming/Library/Developer/Xcode/DerivedData/falcon-gsoilikaxsflzjexzrtqkcenvrbo/Build/Intermediates.noindex/falcon.build/Release-iphonesimulator/falcon.build/falcon-own-target-headers.hmap -Xcc -I/Users/zhouming/Library/Developer/Xcode/DerivedData/falcon-gsoilikaxsflzjexzrtqkcenvrbo/Build/Intermediates.noindex/falcon.build/Release-iphonesimulator/falcon.build/falcon-all-non-framework-target-headers.hmap -Xcc -ivfsoverlay -Xcc /Users/zhouming/Library/Developer/Xcode/DerivedData/falcon-gsoilikaxsflzjexzrtqkcenvrbo/Build/Intermediates.noindex/falcon.build/Release-iphonesimulator/falcon-0daf7a28aeb72ccd5ee13e2bf2731ec9-VFS-iphonesimulator/all-product-headers.yaml -Xcc -iquote -Xcc /Users/zhouming/Library/Developer/Xcode/DerivedData/falcon-gsoilikaxsflzjexzrtqkcenvrbo/Build/Intermediates.noindex/falcon.build/Release-iphonesimulator/falcon.build/falcon-project-headers.hmap -Xcc -I/Users/zhouming/Library/Developer/Xcode/DerivedData/falcon-gsoilikaxsflzjexzrtqkcenvrbo/Build/Products/Release-iphonesimulator/include -Xcc -I/Users/zhouming/Library/Developer/Xcode/DerivedData/falcon-gsoilikaxsflzjexzrtqkcenvrbo/Build/Products/Release-iphonesimulator/Alamofire/Alamofire.framework/Headers -Xcc -I/Users/zhouming/Library/Developer/Xcode/DerivedData/falcon-gsoilikaxsflzjexzrtqkcenvrbo/Build/Products/Release-iphonesimulator/Cache/Cache.framework/Headers -Xcc -I/Users/zhouming/Library/Developer/Xcode/DerivedData/falcon-gsoilikaxsflzjexzrtqkcenvrbo/Build/Products/Release-iphonesimulator/DZNEmptyDataSet/DZNEmptyDataSet.framework/Headers -Xcc -I/Users/zhouming/Library/Developer/Xcode/DerivedData/falcon-gsoilikaxsflzjexzrtqkcenvrbo/Build/Products/Release-iphonesimulator/DisplayCriteria/DisplayCriteria.framework/Headers -Xcc -I/Users/zhouming/Library/Developer/Xcode/DerivedData/falcon-gsoilikaxsflzjexzrtqkcenvrbo/Build/Products/Release-iphonesimulator/ESTabBarController-swift/ESTabBarController_swift.framework/Headers -Xcc -I/Users/zhouming/Library/Developer/Xcode/DerivedData/falcon-gsoilikaxsflzjexzrtqkcenvrbo/Build/Products/Release-iphonesimulator/FFmpegKit/FFmpegKit.framework/Headers -Xcc -I/Users/zhouming/Library/Developer/Xcode/DerivedData/falcon-gsoilikaxsflzjexzrtqkcenvrbo/Build/Products/Release-iphonesimulator/IQKeyboardCore/IQKeyboardCore.framework/Headers -Xcc -I/Users/zhouming/Library/Developer/Xcode/DerivedData/falcon-gsoilikaxsflzjexzrtqkcenvrbo/Build/Products/Release-iphonesimulator/IQKeyboardManagerSwift/IQKeyboardManagerSwift.framework/Headers -Xcc -I/Users/zhouming/Library/Developer/Xcode/DerivedData/falcon-gsoilikaxsflzjexzrtqkcenvrbo/Build/Products/Release-iphonesimulator/IQKeyboardNotification/IQKeyboardNotification.framework/Headers -Xcc -I/Users/zhouming/Library/Developer/Xcode/DerivedData/falcon-gsoilikaxsflzjexzrtqkcenvrbo/Build/Products/Release-iphonesimulator/IQKeyboardReturnManager/IQKeyboardReturnManager.framework/Headers -Xcc -I/Users/zhouming/Library/Developer/Xcode/DerivedData/falcon-gsoilikaxsflzjexzrtqkcenvrbo/Build/Products/Release-iphonesimulator/IQKeyboardToolbar/IQKeyboardToolbar.framework/Headers -Xcc -I/Users/zhouming/Library/Developer/Xcode/DerivedData/falcon-gsoilikaxsflzjexzrtqkcenvrbo/Build/Products/Release-iphonesimulator/IQKeyboardToolbarManager/IQKeyboardToolbarManager.framework/Headers -Xcc -I/Users/zhouming/Library/Developer/Xcode/DerivedData/falcon-gsoilikaxsflzjexzrtqkcenvrbo/Build/Products/Release-iphonesimulator/IQTextInputViewNotification/IQTextInputViewNotification.framework/Headers -Xcc -I/Users/zhouming/Library/Developer/Xcode/DerivedData/falcon-gsoilikaxsflzjexzrtqkcenvrbo/Build/Products/Release-iphonesimulator/IQTextView/IQTextView.framework/Headers -Xcc -I/Users/zhouming/Library/Developer/Xcode/DerivedData/falcon-gsoilikaxsflzjexzrtqkcenvrbo/Build/Products/Release-iphonesimulator/JXPagingView/JXPagingView.framework/Headers -Xcc -I/Users/zhouming/Library/Developer/Xcode/DerivedData/falcon-gsoilikaxsflzjexzrtqkcenvrbo/Build/Products/Release-iphonesimulator/JXSegmentedView/JXSegmentedView.framework/Headers -Xcc -I/Users/zhouming/Library/Developer/Xcode/DerivedData/falcon-gsoilikaxsflzjexzrtqkcenvrbo/Build/Products/Release-iphonesimulator/KSPlayer/KSPlayer.framework/Headers -Xcc -I/Users/zhouming/Library/Developer/Xcode/DerivedData/falcon-gsoilikaxsflzjexzrtqkcenvrbo/Build/Products/Release-iphonesimulator/Kingfisher/Kingfisher.framework/Headers -Xcc -I/Users/zhouming/Library/Developer/Xcode/DerivedData/falcon-gsoilikaxsflzjexzrtqkcenvrbo/Build/Products/Release-iphonesimulator/MBProgressHUD/MBProgressHUD.framework/Headers -Xcc -I/Users/zhouming/Library/Developer/Xcode/DerivedData/falcon-gsoilikaxsflzjexzrtqkcenvrbo/Build/Products/Release-iphonesimulator/SnapKit/SnapKit.framework/Headers -Xcc -I/Users/zhouming/Library/Developer/Xcode/DerivedData/falcon-gsoilikaxsflzjexzrtqkcenvrbo/Build/Products/Release-iphonesimulator/Toast/Toast.framework/Headers -Xcc -I/Users/zhouming/Library/Developer/Xcode/DerivedData/falcon-gsoilikaxsflzjexzrtqkcenvrbo/Build/Products/Release-iphonesimulator/YQKingfisher/YQKingfisher.framework/Headers -Xcc -I/Users/zhouming/Library/Developer/Xcode/DerivedData/falcon-gsoilikaxsflzjexzrtqkcenvrbo/Build/Products/Release-iphonesimulator/YQPhotoBrowser/YQPhotoBrowser.framework/Headers -Xcc -I/Users/zhouming/Library/Developer/Xcode/DerivedData/falcon-gsoilikaxsflzjexzrtqkcenvrbo/Build/Products/Release-iphonesimulator/YYCache/YYCache.framework/Headers -Xcc -I/Users/zhouming/Library/Developer/Xcode/DerivedData/falcon-gsoilikaxsflzjexzrtqkcenvrbo/Build/Products/Release-iphonesimulator/YYText/YYText.framework/Headers -Xcc -I/Users/zhouming/Library/Developer/Xcode/DerivedData/falcon-gsoilikaxsflzjexzrtqkcenvrbo/Build/Products/Release-iphonesimulator/ZLPhotoBrowser/ZLPhotoBrowser.framework/Headers -Xcc -I/Users/zhouming/Library/Developer/Xcode/DerivedData/falcon-gsoilikaxsflzjexzrtqkcenvrbo/Build/Products/Release-iphonesimulator/lottie-ios/Lottie.framework/Headers -Xcc -I/Users/zhouming/Library/Developer/Xcode/DerivedData/falcon-gsoilikaxsflzjexzrtqkcenvrbo/Build/Products/Release-iphonesimulator/XCFrameworkIntermediates/FFmpegKit/FFmpegKit/Headers -Xcc -I/Users/zhouming/Library/Developer/Xcode/DerivedData/falcon-gsoilikaxsflzjexzrtqkcenvrbo/Build/Intermediates.noindex/falcon.build/Release-iphonesimulator/falcon.build/DerivedSources-normal/arm64 -Xcc -I/Users/zhouming/Library/Developer/Xcode/DerivedData/falcon-gsoilikaxsflzjexzrtqkcenvrbo/Build/Intermediates.noindex/falcon.build/Release-iphonesimulator/falcon.build/DerivedSources/arm64 -Xcc -I/Users/zhouming/Library/Developer/Xcode/DerivedData/falcon-gsoilikaxsflzjexzrtqkcenvrbo/Build/Intermediates.noindex/falcon.build/Release-iphonesimulator/falcon.build/DerivedSources -Xcc -DCOCOAPODS=1 -no-auto-bridging-header-chaining -module-name falcon -frontend-parseable-output -disable-clang-spi -target-sdk-version 26.0 -target-sdk-name iphonesimulator26.0 -clang-target arm64-apple-ios26.0-simulator -in-process-plugin-server-path /Applications/Xcode.app/Contents/Developer/Toolchains/XcodeDefault.xctoolchain/usr/lib/swift/host/libSwiftInProcPluginServer.dylib -o /Users/zhouming/Library/Developer/Xcode/DerivedData/falcon-gsoilikaxsflzjexzrtqkcenvrbo/Build/Intermediates.noindex/falcon.build/Release-iphonesimulator/falcon.build/Objects-normal/arm64/UIViewController+Extension.o -o /Users/zhouming/Library/Developer/Xcode/DerivedData/falcon-gsoilikaxsflzjexzrtqkcenvrbo/Build/Intermediates.noindex/falcon.build/Release-iphonesimulator/falcon.build/Objects-normal/arm64/UIWindow+Extension.o -o /Users/zhouming/Library/Developer/Xcode/DerivedData/falcon-gsoilikaxsflzjexzrtqkcenvrbo/Build/Intermediates.noindex/falcon.build/Release-iphonesimulator/falcon.build/Objects-normal/arm64/GCDSimpleCache.o -o /Users/zhouming/Library/Developer/Xcode/DerivedData/falcon-gsoilikaxsflzjexzrtqkcenvrbo/Build/Intermediates.noindex/falcon.build/Release-iphonesimulator/falcon.build/Objects-normal/arm64/UIKitBasicViewController.o -o /Users/zhouming/Library/Developer/Xcode/DerivedData/falcon-gsoilikaxsflzjexzrtqkcenvrbo/Build/Intermediates.noindex/falcon.build/Release-iphonesimulator/falcon.build/Objects-normal/arm64/UIKitViewController.o -o /Users/zhouming/Library/Developer/Xcode/DerivedData/falcon-gsoilikaxsflzjexzrtqkcenvrbo/Build/Intermediates.noindex/falcon.build/Release-iphonesimulator/falcon.build/Objects-normal/arm64/UIKitWindowViewController.o -o /Users/zhouming/Library/Developer/Xcode/DerivedData/falcon-gsoilikaxsflzjexzrtqkcenvrbo/Build/Intermediates.noindex/falcon.build/Release-iphonesimulator/falcon.build/Objects-normal/arm64/UserInfo.o -o /Users/zhouming/Library/Developer/Xcode/DerivedData/falcon-gsoilikaxsflzjexzrtqkcenvrbo/Build/Intermediates.noindex/falcon.build/Release-iphonesimulator/falcon.build/Objects-normal/arm64/UserInfoSession.o -o /Users/zhouming/Library/Developer/Xcode/DerivedData/falcon-gsoilikaxsflzjexzrtqkcenvrbo/Build/Intermediates.noindex/falcon.build/Release-iphonesimulator/falcon.build/Objects-normal/arm64/FileManager+Extension.o -o /Users/zhouming/Library/Developer/Xcode/DerivedData/falcon-gsoilikaxsflzjexzrtqkcenvrbo/Build/Intermediates.noindex/falcon.build/Release-iphonesimulator/falcon.build/Objects-normal/arm64/LoginUtil.o -o /Users/zhouming/Library/Developer/Xcode/DerivedData/falcon-gsoilikaxsflzjexzrtqkcenvrbo/Build/Intermediates.noindex/falcon.build/Release-iphonesimulator/falcon.build/Objects-normal/arm64/PerformanceMeasurer.o -o /Users/zhouming/Library/Developer/Xcode/DerivedData/falcon-gsoilikaxsflzjexzrtqkcenvrbo/Build/Intermediates.noindex/falcon.build/Release-iphonesimulator/falcon.build/Objects-normal/arm64/BaseNavigationController.o -o /Users/zhouming/Library/Developer/Xcode/DerivedData/falcon-gsoilikaxsflzjexzrtqkcenvrbo/Build/Intermediates.noindex/falcon.build/Release-iphonesimulator/falcon.build/Objects-normal/arm64/TestAutolayoutViewController.o -o /Users/zhouming/Library/Developer/Xcode/DerivedData/falcon-gsoilikaxsflzjexzrtqkcenvrbo/Build/Intermediates.noindex/falcon.build/Release-iphonesimulator/falcon.build/Objects-normal/arm64/DesignSystemDemoViewController.o -o /Users/zhouming/Library/Developer/Xcode/DerivedData/falcon-gsoilikaxsflzjexzrtqkcenvrbo/Build/Intermediates.noindex/falcon.build/Release-iphonesimulator/falcon.build/Objects-normal/arm64/DSComplexListViewController.o -o /Users/zhouming/Library/Developer/Xcode/DerivedData/falcon-gsoilikaxsflzjexzrtqkcenvrbo/Build/Intermediates.noindex/falcon.build/Release-iphonesimulator/falcon.build/Objects-normal/arm64/UseNavigationBarController.o -o /Users/zhouming/Library/Developer/Xcode/DerivedData/falcon-gsoilikaxsflzjexzrtqkcenvrbo/Build/Intermediates.noindex/falcon.build/Release-iphonesimulator/falcon.build/Objects-normal/arm64/ProtocolDemoViewController.o -index-unit-output-path /falcon.build/Release-iphonesimulator/falcon.build/Objects-normal/arm64/UIViewController+Extension.o -index-unit-output-path /falcon.build/Release-iphonesimulator/falcon.build/Objects-normal/arm64/UIWindow+Extension.o -index-unit-output-path /falcon.build/Release-iphonesimulator/falcon.build/Objects-normal/arm64/GCDSimpleCache.o -index-unit-output-path /falcon.build/Release-iphonesimulator/falcon.build/Objects-normal/arm64/UIKitBasicViewController.o -index-unit-output-path /falcon.build/Release-iphonesimulator/falcon.build/Objects-normal/arm64/UIKitViewController.o -index-unit-output-path /falcon.build/Release-iphonesimulator/falcon.build/Objects-normal/arm64/UIKitWindowViewController.o -index-unit-output-path /falcon.build/Release-iphonesimulator/falcon.build/Objects-normal/arm64/UserInfo.o -index-unit-output-path /falcon.build/Release-iphonesimulator/falcon.build/Objects-normal/arm64/UserInfoSession.o -index-unit-output-path /falcon.build/Release-iphonesimulator/falcon.build/Objects-normal/arm64/FileManager+Extension.o -index-unit-output-path /falcon.build/Release-iphonesimulator/falcon.build/Objects-normal/arm64/LoginUtil.o -index-unit-output-path /falcon.build/Release-iphonesimulator/falcon.build/Objects-normal/arm64/PerformanceMeasurer.o -index-unit-output-path /falcon.build/Release-iphonesimulator/falcon.build/Objects-normal/arm64/BaseNavigationController.o -index-unit-output-path /falcon.build/Release-iphonesimulator/falcon.build/Objects-normal/arm64/TestAutolayoutViewController.o -index-unit-output-path /falcon.build/Release-iphonesimulator/falcon.build/Objects-normal/arm64/DesignSystemDemoViewController.o -index-unit-output-path /falcon.build/Release-iphonesimulator/falcon.build/Objects-normal/arm64/DSComplexListViewController.o -index-unit-output-path /falcon.build/Release-iphonesimulator/falcon.build/Objects-normal/arm64/UseNavigationBarController.o -index-unit-output-path /falcon.build/Release-iphonesimulator/falcon.build/Objects-normal/arm64/ProtocolDemoViewController.o
1.	Apple Swift version 6.2 (swiftlang-6.2.0.19.9 clang-1700.3.19.1)
2.	Compiling with effective version 5.10
3.	Contents of /Users/zhouming/Library/Developer/Xcode/DerivedData/falcon-gsoilikaxsflzjexzrtqkcenvrbo/Build/Intermediates.noindex/falcon.build/Release-iphonesimulator/falcon.build/Objects-normal/arm64/sources-1:
---
/Users/zhouming/Desktop/falcon/falcon/Core/DesignSystem/Cells/DSCardListCell.swift
/Users/zhouming/Desktop/falcon/falcon/Core/DesignSystem/Components/DSAvatar.swift
/Users/zhouming/Desktop/falcon/falcon/Core/DesignSystem/Components/DSBannerView.swift
/Users/zhouming/Desktop/falcon/falcon/Core/DesignSystem/Components/DSButton.swift
/Users/zhouming/Desktop/falcon/falcon/Core/DesignSystem/Components/DSCardView.swift
/Users/zhouming/Desktop/falcon/falcon/Core/DesignSystem/Components/DSEmptyStateView.swift
/Users/zhouming/Desktop/falcon/falcon/Core/DesignSystem/Components/DSImageCardView.swift
/Users/zhouming/Desktop/falcon/falcon/Core/DesignSystem/Components/DSLabel.swift
/Users/zhouming/Desktop/falcon/falcon/Core/DesignSystem/Components/DSLoadingView.swift
/Users/zhouming/Desktop/falcon/falcon/Core/DesignSystem/Components/DSTag.swift
/Users/zhouming/Desktop/falcon/falcon/Core/DesignSystem/Components/DSTextField.swift
/Users/zhouming/Desktop/falcon/falcon/Core/DesignSystem/Components/DSToast.swift
/Users/zhouming/Desktop/falcon/falcon/Core/DesignSystem/Tokens/DSColor.swift
/Users/zhouming/Desktop/falcon/falcon/Core/DesignSystem/Tokens/DSSpacing.swift
/Users/zhouming/Desktop/falcon/falcon/Core/DesignSystem/Tokens/DSTypography.swift
/Users/zhouming/Desktop/falcon/falcon/Core/UIKitExtension/Encapsulation/String+Extension.swift
/Users/zhouming/Desktop/falcon/falcon/Core/UIKitExtension/Encapsulation/UIColor+Extension.swift
/Users/zhouming/Desktop/falcon/falcon/Core/UIKitExtension/Encapsulation/UIViewController+Extension.swift
/Users/zhouming/Desktop/falcon/falcon/Core/UIKitExtension/Encapsulation/UIWindow+Extension.swift
/Users/zhouming/Desktop/falcon/falcon/Core/UIKitExtension/GCDSimpleCache.swift
/Users/zhouming/Desktop/falcon/falcon/Core/UIKitExtension/UIKitBasicViewController.swift
/Users/zhouming/Desktop/falcon/falcon/Core/UIKitExtension/UIKitViewController.swift
/Users/zhouming/Desktop/falcon/falcon/Core/UIKitExtension/UIKitWindowViewController.swift
/Users/zhouming/Desktop/falcon/falcon/Core/UserInfo/UserInfo.swift
/Users/zhouming/Desktop/falcon/falcon/Core/UserInfo/UserInfoSession.swift
/Users/zhouming/Desktop/falcon/falcon/Core/Util/FileManager+Extension.swift
/Users/zhouming/Desktop/falcon/falcon/Core/Util/LoginUtil.swift
/Users/zhouming/Desktop/falcon/falcon/Core/Util/PerformanceMeasurer.swift
/Users/zhouming/Desktop/falcon/falcon/Core/BaseNavigationController.swift
/Users/zhouming/Desktop/falcon/falcon/Demos/BasicKnowledge/Autolayout/TestAutolayoutViewController.swift
/Users/zhouming/Desktop/falcon/falcon/Demos/BasicKnowledge/DesignSystem/DesignSystemDemoViewController.swift
/Users/zhouming/Desktop/falcon/falcon/Demos/BasicKnowledge/DesignSystem/DSComplexListViewController.swift
/Users/zhouming/Desktop/falcon/falcon/Demos/BasicKnowledge/Navigation/UseNavigationBarController.swift
/Users/zhouming/Desktop/falcon/falcon/Demos/BasicKnowledge/Protocol/ProtocolDemoViewController.swift
/Users/zhouming/Desktop/falcon/falcon/Demos/BasicKnowledge/Queue/Lock/ConcurrentQueueCounter.swift
/Users/zhouming/Desktop/falcon/falcon/Demos/BasicKnowledge/Queue/Lock/LockCounter.swift
/Users/zhouming/Desktop/falcon/falcon/Demos/BasicKnowledge/Queue/Lock/NSRecursiveLockDemo.swift
/Users/zhouming/Desktop/falcon/falcon/Demos/BasicKnowledge/Queue/Lock/SemaphoreCounter.swift
/Users/zhouming/Desktop/falcon/falcon/Demos/BasicKnowledge/Queue/Lock/SerialQueueCounter.swift
/Users/zhouming/Desktop/falcon/falcon/Demos/BasicKnowledge/Queue/LockGranularity/OnlySonLock.swift
/Users/zhouming/Desktop/falcon/falcon/Demos/BasicKnowledge/Queue/LockGranularity/OnlySuperLock.swift
/Users/zhouming/Desktop/falcon/falcon/Demos/BasicKnowledge/Queue/QueueViewController.swift
/Users/zhouming/Desktop/falcon/falcon/Demos/BasicKnowledge/RunLoop/RunLoopDemoViewController.swift
/Users/zhouming/Desktop/falcon/falcon/Demos/BasicKnowledge/Runtime/AssociatedObjectViewController.swift
/Users/zhouming/Desktop/falcon/falcon/Demos/BasicKnowledge/Runtime/MethodSwizzlingViewController.swift
/Users/zhouming/Desktop/falcon/falcon/Demos/BasicKnowledge/Tabbar/Appearance/TabbarAppearanceDemoViewController.swift
/Users/zhouming/Desktop/falcon/falcon/Demos/BasicKnowledge/Tabbar/MDESTabBarController.swift
/Users/zhouming/Desktop/falcon/falcon/Demos/BasicKnowledge/Tabbar/MDTabbarController.swift
/Users/zhouming/Desktop/falcon/falcon/Demos/BasicKnowledge/Timer/Usage/UsageTimerViewController.swift
/Users/zhouming/Desktop/falcon/falcon/Demos/BasicKnowledge/BasicKnowledgeViewController.swift
/Users/zhouming/Desktop/falcon/falcon/Demos/Network/Alamofire/GistDetailViewController.swift
/Users/zhouming/Desktop/falcon/falcon/Demos/Network/Alamofire/NetworkDemoViewController.swift
/Users/zhouming/Desktop/falcon/falcon/Demos/Performance/PerformanceCPUDemoViewController.swift
/Users/zhouming/Desktop/falcon/falcon/Demos/Performance/PerformanceGPUDemoViewController.swift
/Users/zhouming/Desktop/falcon/falcon/Demos/ThirdParty/DZNEmptyDataSet/Usage/DZNEmptyDataSetUsageViewController.swift
/Users/zhouming/Desktop/falcon/falcon/Demos/ThirdParty/JXPagingView/Nest/JXPagingNestedSegmentViewController.swift
/Users/zhouming/Desktop/falcon/falcon/Demos/ThirdParty/JXPagingView/JXPagingViewUseViewController.swift
/Users/zhouming/Desktop/falcon/falcon/Demos/ThirdParty/MDFullscreenPopGesture/MDFullscreenPopGesture.swift
/Users/zhouming/Desktop/falcon/falcon/Demos/ThirdParty/MDFullscreenPopGesture/UINavigationBarController+MDFullscreenPopGestureExtension.swift
/Users/zhouming/Desktop/falcon/falcon/Demos/ThirdParty/MDFullscreenPopGesture/UIViewController+MDFullscreenPopGestureExtension.swift
/Users/zhouming/Desktop/falcon/falcon/Demos/ThirdParty/SegmentedView/MDScrollView.swift
/Users/zhouming/Desktop/falcon/falcon/Demos/ThirdParty/SegmentedView/SegmentedViewUseViewController.swift
/Users/zhouming/Desktop/falcon/falcon/Demos/ThirdParty/ZLPhotoBrowser/PhotoBrowerViewController.swift
/Users/zhouming/Desktop/falcon/falcon/Demos/ThirdParty/UsageThirdPartyViewController.swift
/Users/zhouming/Desktop/falcon/falcon/LearningModules/Alamofire/Encapsulation/Feature/CacheManager.swift
/Users/zhouming/Desktop/falcon/falcon/LearningModules/Alamofire/Encapsulation/Feature/NetworkInterceptor.swift
/Users/zhouming/Desktop/falcon/falcon/LearningModules/Alamofire/Encapsulation/APIRouter.swift
/Users/zhouming/Desktop/falcon/falcon/LearningModules/Alamofire/Encapsulation/BaseResponse.swift
/Users/zhouming/Desktop/falcon/falcon/LearningModules/Alamofire/Encapsulation/NetworkConfig.swift
/Users/zhouming/Desktop/falcon/falcon/LearningModules/Alamofire/Encapsulation/NetworkError.swift
/Users/zhouming/Desktop/falcon/falcon/LearningModules/Alamofire/Encapsulation/NetworkManager.swift
/Users/zhouming/Desktop/falcon/falcon/LearningModules/Alamofire/Usage/AlamofireFirstViewController.swift
/Users/zhouming/Desktop/falcon/falcon/LearningModules/Alamofire/Usage/AlamofireFourViewController.swift
/Users/zhouming/Desktop/falcon/falcon/LearningModules/Alamofire/Usage/AlamofireSecondViewController.swift
/Users/zhouming/Desktop/falcon/falcon/LearningModules/Alamofire/Usage/AlamofireThirdViewController.swift
/Users/zhouming/Desktop/falcon/falcon/LearningModules/Alamofire/Usage/AlamofireViewController.swift
/Users/zhouming/Desktop/falcon/falcon/LearningModules/Alamofire/Usage/AlamofireZeroViewController.swift
/Users/zhouming/Desktop/falcon/falcon/LearningModules/Alamofire/Usage/BinAPI.swift
/Users/zhouming/Desktop/falcon/falcon/LearningModules/Alamofire/Usage/GistResponse.swift
/Users/zhouming/Desktop/falcon/falcon/LearningModules/Alamofire/Usage/HParams.swift
/Users/zhouming/Desktop/falcon/falcon/LearningModules/Alamofire/Usage/HResponse.swift
/Users/zhouming/Desktop/falcon/falcon/LearningModules/Alamofire/Usage/UserAPI.swift
/Users/zhouming/Desktop/falcon/falcon/LearningModules/Alamofire/Usage/WebError.swift
/Users/zhouming/Desktop/falcon/falcon/LearningModules/Kingfisher/Cache/KingfisherCache.swift
/Users/zhouming/Desktop/falcon/falcon/LearningModules/Kingfisher/Cache/KingfisherDiskCache.swift
/Users/zhouming/Desktop/falcon/falcon/LearningModules/Kingfisher/Cache/KingfisherMemoryCache.swift
/Users/zhouming/Desktop/falcon/falcon/LearningModules/Kingfisher/Coordinate/KingfisherManager.swift
/Users/zhouming/Desktop/falcon/falcon/LearningModules/Kingfisher/Network/KFError.swift
/Users/zhouming/Desktop/falcon/falcon/LearningModules/Kingfisher/Network/KingfisherDownloader.swift
/Users/zhouming/Desktop/falcon/falcon/LearningModules/Kingfisher/Network/KingfisherSessionDataTask.swift
/Users/zhouming/Desktop/falcon/falcon/LearningModules/Kingfisher/Network/KingfisherSessionDelegate.swift
/Users/zhouming/Desktop/falcon/falcon/LearningModules/Kingfisher/Usage/KingfisherBasicViewController.swift
/Users/zhouming/Desktop/falcon/falcon/LearningModules/Kingfisher/Usage/KingfisherSessionDelegateViewController.swift
/Users/zhouming/Desktop/falcon/falcon/LearningModules/Kingfisher/Usage/KingfisherUseNetworkLayerViewController.swift
/Users/zhouming/Desktop/falcon/falcon/LearningModules/Kingfisher/Usage/KingfisherViewController.swift
/Users/zhouming/Desktop/falcon/falcon/LearningModules/MBProgressHUD/Encapsulation/FAProgressHUD.swift
/Users/zhouming/Desktop/falcon/falcon/LearningModules/MBProgressHUD/Usage/FAProgressHUDUsageViewController.swift
/Users/zhouming/Desktop/falcon/falcon/LearningModules/Namespace/Encapsulation/falconWrapper.swift
/Users/zhouming/Desktop/falcon/falcon/LearningModules/Namespace/NamespaceViewController.swift
/Users/zhouming/Desktop/falcon/falcon/LearningModules/Rotation/RotationBestPracticeDemo.swift
/Users/zhouming/Desktop/falcon/falcon/LearningModules/Rotation/RotationDemoViewController.swift
/Users/zhouming/Desktop/falcon/falcon/LearningModules/Router/Encapsulation/Navigationer.swift
/Users/zhouming/Desktop/falcon/falcon/LearningModules/Router/Encapsulation/RouteCompatible.swift
/Users/zhouming/Desktop/falcon/falcon/LearningModules/Router/Encapsulation/RouteConvertible.swift
/Users/zhouming/Desktop/falcon/falcon/LearningModules/Router/Encapsulation/RouteError.swift
/Users/zhouming/Desktop/falcon/falcon/LearningModules/Router/Encapsulation/RouteParser.swift
/Users/zhouming/Desktop/falcon/falcon/LearningModules/Router/Encapsulation/SimpleRouter.swift
/Users/zhouming/Desktop/falcon/falcon/LearningModules/Router/Usage/Route.swift
/Users/zhouming/Desktop/falcon/falcon/LearningModules/Router/Usage/RouterViewController.swift
/Users/zhouming/Desktop/falcon/falcon/LearningModules/YYCache/Imitate/SimpleCache/SimpleCache.swift
/Users/zhouming/Desktop/falcon/falcon/LearningModules/YYCache/Imitate/SimpleCache/SimpleCacheError.swift
/Users/zhouming/Desktop/falcon/falcon/LearningModules/YYCache/Imitate/SimpleCache/SimpleDiskCache.swift
/Users/zhouming/Desktop/falcon/falcon/LearningModules/YYCache/Imitate/SimpleCache/SimpleDiskFile.swift
/Users/zhouming/Desktop/falcon/falcon/LearningModules/YYCache/Imitate/SimpleCache/SimpleMemoryCache.swift
/Users/zhouming/Desktop/falcon/falcon/LearningModules/YYCache/Usage/CacheBasicViewController.swift
/Users/zhouming/Desktop/falcon/falcon/LearningModules/YYCache/Usage/CacheDeepInViewController.swift
/Users/zhouming/Desktop/falcon/falcon/LearningModules/YYCache/Usage/CacheImitateViewController.swift
/Users/zhouming/Desktop/falcon/falcon/LearningModules/YYCache/Usage/CacheUsageViewController.swift
/Users/zhouming/Desktop/falcon/falcon/LearningModules/YYCache/Usage/CacheViewController.swift
/Users/zhouming/Desktop/falcon/falcon/LearningModules/YYCache/Usage/GCDCacheViewController.swift
/Users/zhouming/Desktop/falcon/falcon/LearningModules/YYCache/Usage/LockBenchmarkViewController.swift
/Users/zhouming/Desktop/falcon/falcon/LearningModules/YYCache/Usage/LockBlockingViewController.swift
/Users/zhouming/Desktop/falcon/falcon/LearningModules/YYCache/Usage/ThreadUnsafeDemoViewController.swift
/Users/zhouming/Desktop/falcon/falcon/LearningModules/YYText/FeedViewController.swift
/Users/zhouming/Desktop/falcon/falcon/LearningModules/YYText/YYTextAttributeViewController.swift
/Users/zhouming/Desktop/falcon/falcon/LearningModules/YYText/YYTextController.swift
/Users/zhouming/Desktop/falcon/falcon/LearningModules/YYText/YYTextLayoutViewController.swift
/Users/zhouming/Desktop/falcon/falcon/Login/LoginViewController.swift
/Users/zhouming/Desktop/falcon/falcon/AppDelegate.swift
/Users/zhouming/Desktop/falcon/falcon/HomeViewController.swift
/Users/zhouming/Desktop/falcon/falcon/SceneDelegate.swift
/Users/zhouming/Library/Developer/Xcode/DerivedData/falcon-gsoilikaxsflzjexzrtqkcenvrbo/Build/Intermediates.noindex/falcon.build/Release-iphonesimulator/falcon.build/DerivedSources/GeneratedAssetSymbols.swift
---
4.	While evaluating request IRGenRequest(IR Generation for file "/Users/zhouming/Desktop/falcon/falcon/Core/UIKitExtension/GCDSimpleCache.swift")
5.	While emitting IR SIL function "@$s6falcon14GCDSimpleCacheCfD".
 for 'deinit' (at /Users/zhouming/Desktop/falcon/falcon/Core/UIKitExtension/GCDSimpleCache.swift:6:7)
Stack dump without symbol names (ensure you have llvm-symbolizer in your PATH or set the environment var `LLVM_SYMBOLIZER_PATH` to point to it):
0  swift-frontend           0x0000000106859bcc llvm::sys::PrintStackTrace(llvm::raw_ostream&, int) + 56
1  swift-frontend           0x000000010685755c llvm::sys::RunSignalHandlers() + 112
2  swift-frontend           0x000000010685a1f8 SignalHandler(int, __siginfo*, void*) + 344
3  libsystem_platform.dylib 0x00000001823396a4 _sigtramp + 56
4  swift-frontend           0x0000000100b5b880 (anonymous namespace)::IRGenSILFunction::visitSILBasicBlock(swift::SILBasicBlock*) + 18888
5  swift-frontend           0x0000000100b5b880 (anonymous namespace)::IRGenSILFunction::visitSILBasicBlock(swift::SILBasicBlock*) + 18888
6  swift-frontend           0x0000000100b557e8 (anonymous namespace)::IRGenSILFunction::emitSILFunction() + 15996
7  swift-frontend           0x0000000100b51540 swift::irgen::IRGenModule::emitSILFunction(swift::SILFunction*) + 2836
8  swift-frontend           0x0000000100965c44 swift::irgen::IRGenerator::emitGlobalTopLevel(std::__1::vector<std::__1::basic_string<char, std::__1::char_traits<char>, std::__1::allocator<char>>, std::__1::allocator<std::__1::basic_string<char, std::__1::char_traits<char>, std::__1::allocator<char>>>> const&) + 2176
9  swift-frontend           0x0000000100aff6a0 swift::IRGenRequest::evaluate(swift::Evaluator&, swift::IRGenDescriptor) const + 4296
10 swift-frontend           0x0000000100b502ec swift::SimpleRequest<swift::IRGenRequest, swift::GeneratedModule (swift::IRGenDescriptor), (swift::RequestFlags)17>::evaluateRequest(swift::IRGenRequest const&, swift::Evaluator&) + 180
11 swift-frontend           0x0000000100b08d44 swift::IRGenRequest::OutputType swift::Evaluator::getResultUncached<swift::IRGenRequest, swift::IRGenRequest::OutputType swift::evaluateOrFatal<swift::IRGenRequest>(swift::Evaluator&, swift::IRGenRequest)::'lambda'()>(swift::IRGenRequest const&, swift::IRGenRequest::OutputType swift::evaluateOrFatal<swift::IRGenRequest>(swift::Evaluator&, swift::IRGenRequest)::'lambda'()) + 856
12 swift-frontend           0x0000000100b023b8 swift::performIRGeneration(swift::FileUnit*, swift::IRGenOptions const&, swift::TBDGenOptions const&, std::__1::unique_ptr<swift::SILModule, std::__1::default_delete<swift::SILModule>>, llvm::StringRef, swift::PrimarySpecificPaths const&, llvm::StringRef, llvm::GlobalVariable**) + 176
13 swift-frontend           0x0000000100499130 generateIR(swift::IRGenOptions const&, swift::TBDGenOptions const&, std::__1::unique_ptr<swift::SILModule, std::__1::default_delete<swift::SILModule>>, swift::PrimarySpecificPaths const&, llvm::StringRef, llvm::PointerUnion<swift::ModuleDecl*, swift::SourceFile*>, llvm::GlobalVariable*&, llvm::ArrayRef<std::__1::basic_string<char, std::__1::char_traits<char>, std::__1::allocator<char>>>) + 156
14 swift-frontend           0x000000010049474c performCompileStepsPostSILGen(swift::CompilerInstance&, std::__1::unique_ptr<swift::SILModule, std::__1::default_delete<swift::SILModule>>, llvm::PointerUnion<swift::ModuleDecl*, swift::SourceFile*>, swift::PrimarySpecificPaths const&, int&, swift::FrontendObserver*) + 2108
15 swift-frontend           0x000000010049374c swift::performCompileStepsPostSema(swift::CompilerInstance&, int&, swift::FrontendObserver*) + 1032
16 swift-frontend           0x0000000100496a7c performCompile(swift::CompilerInstance&, int&, swift::FrontendObserver*) + 1764
17 swift-frontend           0x000000010049568c swift::performFrontend(llvm::ArrayRef<char const*>, char const*, void*, swift::FrontendObserver*) + 3580
18 swift-frontend           0x0000000100416c6c swift::mainEntry(int, char const**) + 5412
19 dyld                     0x0000000181f5eb98 start + 6076
Failed frontend command:
/Applications/Xcode.app/Contents/Developer/Toolchains/XcodeDefault.xctoolchain/usr/bin/swift-frontend -frontend -c -filelist /Users/zhouming/Library/Developer/Xcode/DerivedData/falcon-gsoilikaxsflzjexzrtqkcenvrbo/Build/Intermediates.noindex/falcon.build/Release-iphonesimulator/falcon.build/Objects-normal/arm64/sources-1 -primary-file /Users/zhouming/Desktop/falcon/falcon/Core/UIKitExtension/Encapsulation/UIViewController+Extension.swift -primary-file /Users/zhouming/Desktop/falcon/falcon/Core/UIKitExtension/Encapsulation/UIWindow+Extension.swift -primary-file /Users/zhouming/Desktop/falcon/falcon/Core/UIKitExtension/GCDSimpleCache.swift -primary-file /Users/zhouming/Desktop/falcon/falcon/Core/UIKitExtension/UIKitBasicViewController.swift -primary-file /Users/zhouming/Desktop/falcon/falcon/Core/UIKitExtension/UIKitViewController.swift -primary-file /Users/zhouming/Desktop/falcon/falcon/Core/UIKitExtension/UIKitWindowViewController.swift -primary-file /Users/zhouming/Desktop/falcon/falcon/Core/UserInfo/UserInfo.swift -primary-file /Users/zhouming/Desktop/falcon/falcon/Core/UserInfo/UserInfoSession.swift -primary-file /Users/zhouming/Desktop/falcon/falcon/Core/Util/FileManager+Extension.swift -primary-file /Users/zhouming/Desktop/falcon/falcon/Core/Util/LoginUtil.swift -primary-file /Users/zhouming/Desktop/falcon/falcon/Core/Util/PerformanceMeasurer.swift -primary-file /Users/zhouming/Desktop/falcon/falcon/Core/BaseNavigationController.swift -primary-file /Users/zhouming/Desktop/falcon/falcon/Demos/BasicKnowledge/Autolayout/TestAutolayoutViewController.swift -primary-file /Users/zhouming/Desktop/falcon/falcon/Demos/BasicKnowledge/DesignSystem/DesignSystemDemoViewController.swift -primary-file /Users/zhouming/Desktop/falcon/falcon/Demos/BasicKnowledge/DesignSystem/DSComplexListViewController.swift -primary-file /Users/zhouming/Desktop/falcon/falcon/Demos/BasicKnowledge/Navigation/UseNavigationBarController.swift -primary-file /Users/zhouming/Desktop/falcon/falcon/Demos/BasicKnowledge/Protocol/ProtocolDemoViewController.swift -supplementary-output-file-map /Users/zhouming/Library/Developer/Xcode/DerivedData/falcon-gsoilikaxsflzjexzrtqkcenvrbo/Build/Intermediates.noindex/falcon.build/Release-iphonesimulator/falcon.build/Objects-normal/arm64/supplementaryOutputs-2 -emit-localized-strings -emit-localized-strings-path /Users/zhouming/Library/Developer/Xcode/DerivedData/falcon-gsoilikaxsflzjexzrtqkcenvrbo/Build/Intermediates.noindex/falcon.build/Release-iphonesimulator/falcon.build/Objects-normal/arm64 -target arm64-apple-ios15.5-simulator -module-can-import-version DeveloperToolsSupport 23.0.4 23.0.4 -module-can-import-version SwiftUI 7.0.84.1 7.0.84 -module-can-import-version UIKit 9088.1.113 9088.1.113 -load-resolved-plugin /Applications/Xcode.app/Contents/Developer/Platforms/iPhoneOS.platform/Developer/usr/lib/swift/host/plugins/libFoundationMacros.dylib\#/Applications/Xcode.app/Contents/Developer/Platforms/iPhoneOS.platform/Developer/usr/bin/swift-plugin-server\#FoundationMacros -load-resolved-plugin /Applications/Xcode.app/Contents/Developer/Platforms/iPhoneOS.platform/Developer/usr/lib/swift/host/plugins/libObservationMacros.dylib\#/Applications/Xcode.app/Contents/Developer/Platforms/iPhoneOS.platform/Developer/usr/bin/swift-plugin-server\#ObservationMacros -load-resolved-plugin /Applications/Xcode.app/Contents/Developer/Platforms/iPhoneOS.platform/Developer/usr/lib/swift/host/plugins/libPreviewsMacros.dylib\#/Applications/Xcode.app/Contents/Developer/Platforms/iPhoneOS.platform/Developer/usr/bin/swift-plugin-server\#PreviewsMacros -load-resolved-plugin /Applications/Xcode.app/Contents/Developer/Platforms/iPhoneOS.platform/Developer/usr/lib/swift/host/plugins/libSwiftMacros.dylib\#/Applications/Xcode.app/Contents/Developer/Platforms/iPhoneOS.platform/Developer/usr/bin/swift-plugin-server\#SwiftMacros -load-resolved-plugin /Applications/Xcode.app/Contents/Developer/Platforms/iPhoneOS.platform/Developer/usr/lib/swift/host/plugins/libSwiftUIMacros.dylib\#/Applications/Xcode.app/Contents/Developer/Platforms/iPhoneOS.platform/Developer/usr/bin/swift-plugin-server\#SwiftUIMacros -load-resolved-plugin /Applications/Xcode.app/Contents/Developer/Platforms/iPhoneOS.platform/Developer/usr/lib/swift/host/plugins/libTipKitMacros.dylib\#/Applications/Xcode.app/Contents/Developer/Platforms/iPhoneOS.platform/Developer/usr/bin/swift-plugin-server\#TipKitMacros -disable-implicit-swift-modules -Xcc -fno-implicit-modules -Xcc -fno-implicit-module-maps -explicit-swift-module-map-file /Users/zhouming/Library/Developer/Xcode/DerivedData/falcon-gsoilikaxsflzjexzrtqkcenvrbo/Build/Intermediates.noindex/falcon.build/Release-iphonesimulator/falcon.build/Objects-normal/arm64/falcon-dependencies-2.json -Xllvm -aarch64-use-tbi -enable-objc-interop -sdk /Applications/Xcode.app/Contents/Developer/Platforms/iPhoneSimulator.platform/Developer/SDKs/iPhoneSimulator26.0.sdk -I /Users/zhouming/Library/Developer/Xcode/DerivedData/falcon-gsoilikaxsflzjexzrtqkcenvrbo/Build/Products/Release-iphonesimulator -F /Users/zhouming/Library/Developer/Xcode/DerivedData/falcon-gsoilikaxsflzjexzrtqkcenvrbo/Build/Products/Release-iphonesimulator -F /Users/zhouming/Library/Developer/Xcode/DerivedData/falcon-gsoilikaxsflzjexzrtqkcenvrbo/Build/Products/Release-iphonesimulator/Alamofire -F /Users/zhouming/Library/Developer/Xcode/DerivedData/falcon-gsoilikaxsflzjexzrtqkcenvrbo/Build/Products/Release-iphonesimulator/Cache -F /Users/zhouming/Library/Developer/Xcode/DerivedData/falcon-gsoilikaxsflzjexzrtqkcenvrbo/Build/Products/Release-iphonesimulator/DZNEmptyDataSet -F /Users/zhouming/Library/Developer/Xcode/DerivedData/falcon-gsoilikaxsflzjexzrtqkcenvrbo/Build/Products/Release-iphonesimulator/DisplayCriteria -F /Users/zhouming/Library/Developer/Xcode/DerivedData/falcon-gsoilikaxsflzjexzrtqkcenvrbo/Build/Products/Release-iphonesimulator/ESTabBarController-swift -F /Users/zhouming/Library/Developer/Xcode/DerivedData/falcon-gsoilikaxsflzjexzrtqkcenvrbo/Build/Products/Release-iphonesimulator/FFmpegKit -F /Users/zhouming/Library/Developer/Xcode/DerivedData/falcon-gsoilikaxsflzjexzrtqkcenvrbo/Build/Products/Release-iphonesimulator/IQKeyboardCore -F /Users/zhouming/Library/Developer/Xcode/DerivedData/falcon-gsoilikaxsflzjexzrtqkcenvrbo/Build/Products/Release-iphonesimulator/IQKeyboardManagerSwift -F /Users/zhouming/Library/Developer/Xcode/DerivedData/falcon-gsoilikaxsflzjexzrtqkcenvrbo/Build/Products/Release-iphonesimulator/IQKeyboardNotification -F /Users/zhouming/Library/Developer/Xcode/DerivedData/falcon-gsoilikaxsflzjexzrtqkcenvrbo/Build/Products/Release-iphonesimulator/IQKeyboardReturnManager -F /Users/zhouming/Library/Developer/Xcode/DerivedData/falcon-gsoilikaxsflzjexzrtqkcenvrbo/Build/Products/Release-iphonesimulator/IQKeyboardToolbar -F /Users/zhouming/Library/Developer/Xcode/DerivedData/falcon-gsoilikaxsflzjexzrtqkcenvrbo/Build/Products/Release-iphonesimulator/IQKeyboardToolbarManager -F /Users/zhouming/Library/Developer/Xcode/DerivedData/falcon-gsoilikaxsflzjexzrtqkcenvrbo/Build/Products/Release-iphonesimulator/IQTextInputViewNotification -F /Users/zhouming/Library/Developer/Xcode/DerivedData/falcon-gsoilikaxsflzjexzrtqkcenvrbo/Build/Products/Release-iphonesimulator/IQTextView -F /Users/zhouming/Library/Developer/Xcode/DerivedData/falcon-gsoilikaxsflzjexzrtqkcenvrbo/Build/Products/Release-iphonesimulator/JXPagingView -F /Users/zhouming/Library/Developer/Xcode/DerivedData/falcon-gsoilikaxsflzjexzrtqkcenvrbo/Build/Products/Release-iphonesimulator/JXSegmentedView -F /Users/zhouming/Library/Developer/Xcode/DerivedData/falcon-gsoilikaxsflzjexzrtqkcenvrbo/Build/Products/Release-iphonesimulator/KSPlayer -F /Users/zhouming/Library/Developer/Xcode/DerivedData/falcon-gsoilikaxsflzjexzrtqkcenvrbo/Build/Products/Release-iphonesimulator/Kingfisher -F /Users/zhouming/Library/Developer/Xcode/DerivedData/falcon-gsoilikaxsflzjexzrtqkcenvrbo/Build/Products/Release-iphonesimulator/MBProgressHUD -F /Users/zhouming/Library/Developer/Xcode/DerivedData/falcon-gsoilikaxsflzjexzrtqkcenvrbo/Build/Products/Release-iphonesimulator/SnapKit -F /Users/zhouming/Library/Developer/Xcode/DerivedData/falcon-gsoilikaxsflzjexzrtqkcenvrbo/Build/Products/Release-iphonesimulator/Toast -F /Users/zhouming/Library/Developer/Xcode/DerivedData/falcon-gsoilikaxsflzjexzrtqkcenvrbo/Build/Products/Release-iphonesimulator/YQKingfisher -F /Users/zhouming/Library/Developer/Xcode/DerivedData/falcon-gsoilikaxsflzjexzrtqkcenvrbo/Build/Products/Release-iphonesimulator/YQPhotoBrowser -F /Users/zhouming/Library/Developer/Xcode/DerivedData/falcon-gsoilikaxsflzjexzrtqkcenvrbo/Build/Products/Release-iphonesimulator/YYCache -F /Users/zhouming/Library/Developer/Xcode/DerivedData/falcon-gsoilikaxsflzjexzrtqkcenvrbo/Build/Products/Release-iphonesimulator/YYText -F /Users/zhouming/Library/Developer/Xcode/DerivedData/falcon-gsoilikaxsflzjexzrtqkcenvrbo/Build/Products/Release-iphonesimulator/ZLPhotoBrowser -F /Users/zhouming/Library/Developer/Xcode/DerivedData/falcon-gsoilikaxsflzjexzrtqkcenvrbo/Build/Products/Release-iphonesimulator/lottie-ios -F /Users/zhouming/Desktop/falcon/Pods/FFmpegKit/Sources -F /Users/zhouming/Desktop/falcon/Pods/Libass/Sources -F /Users/zhouming/Library/Developer/Xcode/DerivedData/falcon-gsoilikaxsflzjexzrtqkcenvrbo/Build/Products/Release-iphonesimulator/XCFrameworkIntermediates/FFmpegKit/FFmpegKit -F /Users/zhouming/Library/Developer/Xcode/DerivedData/falcon-gsoilikaxsflzjexzrtqkcenvrbo/Build/Products/Release-iphonesimulator/XCFrameworkIntermediates/Libass/Libass -no-color-diagnostics -Xcc -fno-color-diagnostics -g -debug-info-format\=dwarf -dwarf-version\=4 -module-cache-path /Users/zhouming/Library/Developer/Xcode/DerivedData/falcon-gsoilikaxsflzjexzrtqkcenvrbo/Build/Intermediates.noindex/SwiftExplicitPrecompiledModules -profile-generate -profile-coverage-mapping -swift-version 5 -enforce-exclusivity\=checked -O -D COCOAPODS -serialize-debugging-options -const-gather-protocols-file /Users/zhouming/Library/Developer/Xcode/DerivedData/falcon-gsoilikaxsflzjexzrtqkcenvrbo/Build/Intermediates.noindex/falcon.build/Release-iphonesimulator/falcon.build/Objects-normal/arm64/falcon_const_extract_protocols.json -enable-upcoming-feature DisableOutwardActorInference -enable-upcoming-feature InferSendableFromCaptures -enable-upcoming-feature GlobalActorIsolatedTypesUsability -enable-upcoming-feature MemberImportVisibility -enable-upcoming-feature InferIsolatedConformances -enable-upcoming-feature NonisolatedNonsendingByDefault -enable-experimental-feature DebugDescriptionMacro -enable-bare-slash-regex -default-isolation\=MainActor -empty-abi-descriptor -validate-clang-modules-once -clang-build-session-file /Users/zhouming/Library/Developer/Xcode/DerivedData/ModuleCache.noindex/Session.modulevalidation -Xcc -working-directory -Xcc /Users/zhouming/Desktop/falcon -file-compilation-dir /Users/zhouming/Desktop/falcon -Xcc -ivfsstatcache -Xcc /Users/zhouming/Library/Developer/Xcode/DerivedData/SDKStatCaches.noindex/iphonesimulator26.0-23A339-3885c01c3e6b6a337905948deab2002e26257891a6c027eb51374368541b8346.sdkstatcache -Xcc -I/Users/zhouming/Library/Developer/Xcode/DerivedData/falcon-gsoilikaxsflzjexzrtqkcenvrbo/Build/Intermediates.noindex/falcon.build/Release-iphonesimulator/falcon.build/swift-overrides.hmap -Xcc -iquote -Xcc /Users/zhouming/Library/Developer/Xcode/DerivedData/falcon-gsoilikaxsflzjexzrtqkcenvrbo/Build/Intermediates.noindex/falcon.build/Release-iphonesimulator/falcon.build/falcon-generated-files.hmap -Xcc -I/Users/zhouming/Library/Developer/Xcode/DerivedData/falcon-gsoilikaxsflzjexzrtqkcenvrbo/Build/Intermediates.noindex/falcon.build/Release-iphonesimulator/falcon.build/falcon-own-target-headers.hmap -Xcc -I/Users/zhouming/Library/Developer/Xcode/DerivedData/falcon-gsoilikaxsflzjexzrtqkcenvrbo/Build/Intermediates.noindex/falcon.build/Release-iphonesimulator/falcon.build/falcon-all-non-framework-target-headers.hmap -Xcc -ivfsoverlay -Xcc /Users/zhouming/Library/Developer/Xcode/DerivedData/falcon-gsoilikaxsflzjexzrtqkcenvrbo/Build/Intermediates.noindex/falcon.build/Release-iphonesimulator/falcon-0daf7a28aeb72ccd5ee13e2bf2731ec9-VFS-iphonesimulator/all-product-headers.yaml -Xcc -iquote -Xcc /Users/zhouming/Library/Developer/Xcode/DerivedData/falcon-gsoilikaxsflzjexzrtqkcenvrbo/Build/Intermediates.noindex/falcon.build/Release-iphonesimulator/falcon.build/falcon-project-headers.hmap -Xcc -I/Users/zhouming/Library/Developer/Xcode/DerivedData/falcon-gsoilikaxsflzjexzrtqkcenvrbo/Build/Products/Release-iphonesimulator/include -Xcc -I/Users/zhouming/Library/Developer/Xcode/DerivedData/falcon-gsoilikaxsflzjexzrtqkcenvrbo/Build/Products/Release-iphonesimulator/Alamofire/Alamofire.framework/Headers -Xcc -I/Users/zhouming/Library/Developer/Xcode/DerivedData/falcon-gsoilikaxsflzjexzrtqkcenvrbo/Build/Products/Release-iphonesimulator/Cache/Cache.framework/Headers -Xcc -I/Users/zhouming/Library/Developer/Xcode/DerivedData/falcon-gsoilikaxsflzjexzrtqkcenvrbo/Build/Products/Release-iphonesimulator/DZNEmptyDataSet/DZNEmptyDataSet.framework/Headers -Xcc -I/Users/zhouming/Library/Developer/Xcode/DerivedData/falcon-gsoilikaxsflzjexzrtqkcenvrbo/Build/Products/Release-iphonesimulator/DisplayCriteria/DisplayCriteria.framework/Headers -Xcc -I/Users/zhouming/Library/Developer/Xcode/DerivedData/falcon-gsoilikaxsflzjexzrtqkcenvrbo/Build/Products/Release-iphonesimulator/ESTabBarController-swift/ESTabBarController_swift.framework/Headers -Xcc -I/Users/zhouming/Library/Developer/Xcode/DerivedData/falcon-gsoilikaxsflzjexzrtqkcenvrbo/Build/Products/Release-iphonesimulator/FFmpegKit/FFmpegKit.framework/Headers -Xcc -I/Users/zhouming/Library/Developer/Xcode/DerivedData/falcon-gsoilikaxsflzjexzrtqkcenvrbo/Build/Products/Release-iphonesimulator/IQKeyboardCore/IQKeyboardCore.framework/Headers -Xcc -I/Users/zhouming/Library/Developer/Xcode/DerivedData/falcon-gsoilikaxsflzjexzrtqkcenvrbo/Build/Products/Release-iphonesimulator/IQKeyboardManagerSwift/IQKeyboardManagerSwift.framework/Headers -Xcc -I/Users/zhouming/Library/Developer/Xcode/DerivedData/falcon-gsoilikaxsflzjexzrtqkcenvrbo/Build/Products/Release-iphonesimulator/IQKeyboardNotification/IQKeyboardNotification.framework/Headers -Xcc -I/Users/zhouming/Library/Developer/Xcode/DerivedData/falcon-gsoilikaxsflzjexzrtqkcenvrbo/Build/Products/Release-iphonesimulator/IQKeyboardReturnManager/IQKeyboardReturnManager.framework/Headers -Xcc -I/Users/zhouming/Library/Developer/Xcode/DerivedData/falcon-gsoilikaxsflzjexzrtqkcenvrbo/Build/Products/Release-iphonesimulator/IQKeyboardToolbar/IQKeyboardToolbar.framework/Headers -Xcc -I/Users/zhouming/Library/Developer/Xcode/DerivedData/falcon-gsoilikaxsflzjexzrtqkcenvrbo/Build/Products/Release-iphonesimulator/IQKeyboardToolbarManager/IQKeyboardToolbarManager.framework/Headers -Xcc -I/Users/zhouming/Library/Developer/Xcode/DerivedData/falcon-gsoilikaxsflzjexzrtqkcenvrbo/Build/Products/Release-iphonesimulator/IQTextInputViewNotification/IQTextInputViewNotification.framework/Headers -Xcc -I/Users/zhouming/Library/Developer/Xcode/DerivedData/falcon-gsoilikaxsflzjexzrtqkcenvrbo/Build/Products/Release-iphonesimulator/IQTextView/IQTextView.framework/Headers -Xcc -I/Users/zhouming/Library/Developer/Xcode/DerivedData/falcon-gsoilikaxsflzjexzrtqkcenvrbo/Build/Products/Release-iphonesimulator/JXPagingView/JXPagingView.framework/Headers -Xcc -I/Users/zhouming/Library/Developer/Xcode/DerivedData/falcon-gsoilikaxsflzjexzrtqkcenvrbo/Build/Products/Release-iphonesimulator/JXSegmentedView/JXSegmentedView.framework/Headers -Xcc -I/Users/zhouming/Library/Developer/Xcode/DerivedData/falcon-gsoilikaxsflzjexzrtqkcenvrbo/Build/Products/Release-iphonesimulator/KSPlayer/KSPlayer.framework/Headers -Xcc -I/Users/zhouming/Library/Developer/Xcode/DerivedData/falcon-gsoilikaxsflzjexzrtqkcenvrbo/Build/Products/Release-iphonesimulator/Kingfisher/Kingfisher.framework/Headers -Xcc -I/Users/zhouming/Library/Developer/Xcode/DerivedData/falcon-gsoilikaxsflzjexzrtqkcenvrbo/Build/Products/Release-iphonesimulator/MBProgressHUD/MBProgressHUD.framework/Headers -Xcc -I/Users/zhouming/Library/Developer/Xcode/DerivedData/falcon-gsoilikaxsflzjexzrtqkcenvrbo/Build/Products/Release-iphonesimulator/SnapKit/SnapKit.framework/Headers -Xcc -I/Users/zhouming/Library/Developer/Xcode/DerivedData/falcon-gsoilikaxsflzjexzrtqkcenvrbo/Build/Products/Release-iphonesimulator/Toast/Toast.framework/Headers -Xcc -I/Users/zhouming/Library/Developer/Xcode/DerivedData/falcon-gsoilikaxsflzjexzrtqkcenvrbo/Build/Products/Release-iphonesimulator/YQKingfisher/YQKingfisher.framework/Headers -Xcc -I/Users/zhouming/Library/Developer/Xcode/DerivedData/falcon-gsoilikaxsflzjexzrtqkcenvrbo/Build/Products/Release-iphonesimulator/YQPhotoBrowser/YQPhotoBrowser.framework/Headers -Xcc -I/Users/zhouming/Library/Developer/Xcode/DerivedData/falcon-gsoilikaxsflzjexzrtqkcenvrbo/Build/Products/Release-iphonesimulator/YYCache/YYCache.framework/Headers -Xcc -I/Users/zhouming/Library/Developer/Xcode/DerivedData/falcon-gsoilikaxsflzjexzrtqkcenvrbo/Build/Products/Release-iphonesimulator/YYText/YYText.framework/Headers -Xcc -I/Users/zhouming/Library/Developer/Xcode/DerivedData/falcon-gsoilikaxsflzjexzrtqkcenvrbo/Build/Products/Release-iphonesimulator/ZLPhotoBrowser/ZLPhotoBrowser.framework/Headers -Xcc -I/Users/zhouming/Library/Developer/Xcode/DerivedData/falcon-gsoilikaxsflzjexzrtqkcenvrbo/Build/Products/Release-iphonesimulator/lottie-ios/Lottie.framework/Headers -Xcc -I/Users/zhouming/Library/Developer/Xcode/DerivedData/falcon-gsoilikaxsflzjexzrtqkcenvrbo/Build/Products/Release-iphonesimulator/XCFrameworkIntermediates/FFmpegKit/FFmpegKit/Headers -Xcc -I/Users/zhouming/Library/Developer/Xcode/DerivedData/falcon-gsoilikaxsflzjexzrtqkcenvrbo/Build/Intermediates.noindex/falcon.build/Release-iphonesimulator/falcon.build/DerivedSources-normal/arm64 -Xcc -I/Users/zhouming/Library/Developer/Xcode/DerivedData/falcon-gsoilikaxsflzjexzrtqkcenvrbo/Build/Intermediates.noindex/falcon.build/Release-iphonesimulator/falcon.build/DerivedSources/arm64 -Xcc -I/Users/zhouming/Library/Developer/Xcode/DerivedData/falcon-gsoilikaxsflzjexzrtqkcenvrbo/Build/Intermediates.noindex/falcon.build/Release-iphonesimulator/falcon.build/DerivedSources -Xcc -DCOCOAPODS\=1 -no-auto-bridging-header-chaining -module-name falcon -frontend-parseable-output -disable-clang-spi -target-sdk-version 26.0 -target-sdk-name iphonesimulator26.0 -clang-target arm64-apple-ios26.0-simulator -in-process-plugin-server-path /Applications/Xcode.app/Contents/Developer/Toolchains/XcodeDefault.xctoolchain/usr/lib/swift/host/libSwiftInProcPluginServer.dylib -o /Users/zhouming/Library/Developer/Xcode/DerivedData/falcon-gsoilikaxsflzjexzrtqkcenvrbo/Build/Intermediates.noindex/falcon.build/Release-iphonesimulator/falcon.build/Objects-normal/arm64/UIViewController+Extension.o -o /Users/zhouming/Library/Developer/Xcode/DerivedData/falcon-gsoilikaxsflzjexzrtqkcenvrbo/Build/Intermediates.noindex/falcon.build/Release-iphonesimulator/falcon.build/Objects-normal/arm64/UIWindow+Extension.o -o /Users/zhouming/Library/Developer/Xcode/DerivedData/falcon-gsoilikaxsflzjexzrtqkcenvrbo/Build/Intermediates.noindex/falcon.build/Release-iphonesimulator/falcon.build/Objects-normal/arm64/GCDSimpleCache.o -o /Users/zhouming/Library/Developer/Xcode/DerivedData/falcon-gsoilikaxsflzjexzrtqkcenvrbo/Build/Intermediates.noindex/falcon.build/Release-iphonesimulator/falcon.build/Objects-normal/arm64/UIKitBasicViewController.o -o /Users/zhouming/Library/Developer/Xcode/DerivedData/falcon-gsoilikaxsflzjexzrtqkcenvrbo/Build/Intermediates.noindex/falcon.build/Release-iphonesimulator/falcon.build/Objects-normal/arm64/UIKitViewController.o -o /Users/zhouming/Library/Developer/Xcode/DerivedData/falcon-gsoilikaxsflzjexzrtqkcenvrbo/Build/Intermediates.noindex/falcon.build/Release-iphonesimulator/falcon.build/Objects-normal/arm64/UIKitWindowViewController.o -o /Users/zhouming/Library/Developer/Xcode/DerivedData/falcon-gsoilikaxsflzjexzrtqkcenvrbo/Build/Intermediates.noindex/falcon.build/Release-iphonesimulator/falcon.build/Objects-normal/arm64/UserInfo.o -o /Users/zhouming/Library/Developer/Xcode/DerivedData/falcon-gsoilikaxsflzjexzrtqkcenvrbo/Build/Intermediates.noindex/falcon.build/Release-iphonesimulator/falcon.build/Objects-normal/arm64/UserInfoSession.o -o /Users/zhouming/Library/Developer/Xcode/DerivedData/falcon-gsoilikaxsflzjexzrtqkcenvrbo/Build/Intermediates.noindex/falcon.build/Release-iphonesimulator/falcon.build/Objects-normal/arm64/FileManager+Extension.o -o /Users/zhouming/Library/Developer/Xcode/DerivedData/falcon-gsoilikaxsflzjexzrtqkcenvrbo/Build/Intermediates.noindex/falcon.build/Release-iphonesimulator/falcon.build/Objects-normal/arm64/LoginUtil.o -o /Users/zhouming/Library/Developer/Xcode/DerivedData/falcon-gsoilikaxsflzjexzrtqkcenvrbo/Build/Intermediates.noindex/falcon.build/Release-iphonesimulator/falcon.build/Objects-normal/arm64/PerformanceMeasurer.o -o /Users/zhouming/Library/Developer/Xcode/DerivedData/falcon-gsoilikaxsflzjexzrtqkcenvrbo/Build/Intermediates.noindex/falcon.build/Release-iphonesimulator/falcon.build/Objects-normal/arm64/BaseNavigationController.o -o /Users/zhouming/Library/Developer/Xcode/DerivedData/falcon-gsoilikaxsflzjexzrtqkcenvrbo/Build/Intermediates.noindex/falcon.build/Release-iphonesimulator/falcon.build/Objects-normal/arm64/TestAutolayoutViewController.o -o /Users/zhouming/Library/Developer/Xcode/DerivedData/falcon-gsoilikaxsflzjexzrtqkcenvrbo/Build/Intermediates.noindex/falcon.build/Release-iphonesimulator/falcon.build/Objects-normal/arm64/DesignSystemDemoViewController.o -o /Users/zhouming/Library/Developer/Xcode/DerivedData/falcon-gsoilikaxsflzjexzrtqkcenvrbo/Build/Intermediates.noindex/falcon.build/Release-iphonesimulator/falcon.build/Objects-normal/arm64/DSComplexListViewController.o -o /Users/zhouming/Library/Developer/Xcode/DerivedData/falcon-gsoilikaxsflzjexzrtqkcenvrbo/Build/Intermediates.noindex/falcon.build/Release-iphonesimulator/falcon.build/Objects-normal/arm64/UseNavigationBarController.o -o /Users/zhouming/Library/Developer/Xcode/DerivedData/falcon-gsoilikaxsflzjexzrtqkcenvrbo/Build/Intermediates.noindex/falcon.build/Release-iphonesimulator/falcon.build/Objects-normal/arm64/ProtocolDemoViewController.o -index-unit-output-path /falcon.build/Release-iphonesimulator/falcon.build/Objects-normal/arm64/UIViewController+Extension.o -index-unit-output-path /falcon.build/Release-iphonesimulator/falcon.build/Objects-normal/arm64/UIWindow+Extension.o -index-unit-output-path /falcon.build/Release-iphonesimulator/falcon.build/Objects-normal/arm64/GCDSimpleCache.o -index-unit-output-path /falcon.build/Release-iphonesimulator/falcon.build/Objects-normal/arm64/UIKitBasicViewController.o -index-unit-output-path /falcon.build/Release-iphonesimulator/falcon.build/Objects-normal/arm64/UIKitViewController.o -index-unit-output-path /falcon.build/Release-iphonesimulator/falcon.build/Objects-normal/arm64/UIKitWindowViewController.o -index-unit-output-path /falcon.build/Release-iphonesimulator/falcon.build/Objects-normal/arm64/UserInfo.o -index-unit-output-path /falcon.build/Release-iphonesimulator/falcon.build/Objects-normal/arm64/UserInfoSession.o -index-unit-output-path /falcon.build/Release-iphonesimulator/falcon.build/Objects-normal/arm64/FileManager+Extension.o -index-unit-output-path /falcon.build/Release-iphonesimulator/falcon.build/Objects-normal/arm64/LoginUtil.o -index-unit-output-path /falcon.build/Release-iphonesimulator/falcon.build/Objects-normal/arm64/PerformanceMeasurer.o -index-unit-output-path /falcon.build/Release-iphonesimulator/falcon.build/Objects-normal/arm64/BaseNavigationController.o -index-unit-output-path /falcon.build/Release-iphonesimulator/falcon.build/Objects-normal/arm64/TestAutolayoutViewController.o -index-unit-output-path /falcon.build/Release-iphonesimulator/falcon.build/Objects-normal/arm64/DesignSystemDemoViewController.o -index-unit-output-path /falcon.build/Release-iphonesimulator/falcon.build/Objects-normal/arm64/DSComplexListViewController.o -index-unit-output-path /falcon.build/Release-iphonesimulator/falcon.build/Objects-normal/arm64/UseNavigationBarController.o -index-unit-output-path /falcon.build/Release-iphonesimulator/falcon.build/Objects-normal/arm64/ProtocolDemoViewController.o
Command SwiftCompile failed with a nonzero exit code

SwiftCompile normal arm64 /Users/zhouming/Desktop/falcon/falcon/Core/UIKitExtension/Encapsulation/UIViewController+Extension.swift (in target 'falcon' from project 'falcon')
    cd /Users/zhouming/Desktop/falcon
    

SwiftCompile normal arm64 /Users/zhouming/Desktop/falcon/falcon/Core/UIKitExtension/Encapsulation/UIWindow+Extension.swift (in target 'falcon' from project 'falcon')
    cd /Users/zhouming/Desktop/falcon
    

SwiftCompile normal arm64 /Users/zhouming/Desktop/falcon/falcon/Core/UIKitExtension/GCDSimpleCache.swift (in target 'falcon' from project 'falcon')
    cd /Users/zhouming/Desktop/falcon
    

SwiftCompile normal arm64 /Users/zhouming/Desktop/falcon/falcon/Core/UIKitExtension/UIKitBasicViewController.swift (in target 'falcon' from project 'falcon')
    cd /Users/zhouming/Desktop/falcon
    

SwiftCompile normal arm64 /Users/zhouming/Desktop/falcon/falcon/Core/UIKitExtension/UIKitViewController.swift (in target 'falcon' from project 'falcon')
    cd /Users/zhouming/Desktop/falcon
    

SwiftCompile normal arm64 /Users/zhouming/Desktop/falcon/falcon/Core/UIKitExtension/UIKitWindowViewController.swift (in target 'falcon' from project 'falcon')
    cd /Users/zhouming/Desktop/falcon
    

SwiftCompile normal arm64 /Users/zhouming/Desktop/falcon/falcon/Core/UserInfo/UserInfo.swift (in target 'falcon' from project 'falcon')
    cd /Users/zhouming/Desktop/falcon
    

SwiftCompile normal arm64 /Users/zhouming/Desktop/falcon/falcon/Core/UserInfo/UserInfoSession.swift (in target 'falcon' from project 'falcon')
    cd /Users/zhouming/Desktop/falcon
    

SwiftCompile normal arm64 /Users/zhouming/Desktop/falcon/falcon/Core/Util/FileManager+Extension.swift (in target 'falcon' from project 'falcon')
    cd /Users/zhouming/Desktop/falcon
    

SwiftCompile normal arm64 /Users/zhouming/Desktop/falcon/falcon/Core/Util/LoginUtil.swift (in target 'falcon' from project 'falcon')
    cd /Users/zhouming/Desktop/falcon
    

SwiftCompile normal arm64 /Users/zhouming/Desktop/falcon/falcon/Core/Util/PerformanceMeasurer.swift (in target 'falcon' from project 'falcon')
    cd /Users/zhouming/Desktop/falcon
    

SwiftCompile normal arm64 /Users/zhouming/Desktop/falcon/falcon/Core/BaseNavigationController.swift (in target 'falcon' from project 'falcon')
    cd /Users/zhouming/Desktop/falcon
    

SwiftCompile normal arm64 /Users/zhouming/Desktop/falcon/falcon/Demos/BasicKnowledge/Autolayout/TestAutolayoutViewController.swift (in target 'falcon' from project 'falcon')
    cd /Users/zhouming/Desktop/falcon
    

SwiftCompile normal arm64 /Users/zhouming/Desktop/falcon/falcon/Demos/BasicKnowledge/DesignSystem/DesignSystemDemoViewController.swift (in target 'falcon' from project 'falcon')
    cd /Users/zhouming/Desktop/falcon
    

SwiftCompile normal arm64 /Users/zhouming/Desktop/falcon/falcon/Demos/BasicKnowledge/DesignSystem/DSComplexListViewController.swift (in target 'falcon' from project 'falcon')
    cd /Users/zhouming/Desktop/falcon
    

SwiftCompile normal arm64 /Users/zhouming/Desktop/falcon/falcon/Demos/BasicKnowledge/Navigation/UseNavigationBarController.swift (in target 'falcon' from project 'falcon')
    cd /Users/zhouming/Desktop/falcon
    

SwiftCompile normal arm64 /Users/zhouming/Desktop/falcon/falcon/Demos/BasicKnowledge/Protocol/ProtocolDemoViewController.swift (in target 'falcon' from project 'falcon')
    cd /Users/zhouming/Desktop/falcon
    

SwiftCompile normal arm64 Compiling\ ConcurrentQueueCounter.swift,\ LockCounter.swift,\ NSRecursiveLockDemo.swift,\ SemaphoreCounter.swift,\ SerialQueueCounter.swift,\ OnlySonLock.swift,\ OnlySuperLock.swift,\ QueueViewController.swift,\ RunLoopDemoViewController.swift,\ AssociatedObjectViewController.swift,\ MethodSwizzlingViewController.swift,\ TabbarAppearanceDemoViewController.swift,\ MDESTabBarController.swift,\ MDTabbarController.swift,\ UsageTimerViewController.swift,\ BasicKnowledgeViewController.swift,\ GistDetailViewController.swift /Users/zhouming/Desktop/falcon/falcon/Demos/BasicKnowledge/Queue/Lock/ConcurrentQueueCounter.swift /Users/zhouming/Desktop/falcon/falcon/Demos/BasicKnowledge/Queue/Lock/LockCounter.swift /Users/zhouming/Desktop/falcon/falcon/Demos/BasicKnowledge/Queue/Lock/NSRecursiveLockDemo.swift /Users/zhouming/Desktop/falcon/falcon/Demos/BasicKnowledge/Queue/Lock/SemaphoreCounter.swift /Users/zhouming/Desktop/falcon/falcon/Demos/BasicKnowledge/Queue/Lock/SerialQueueCounter.swift /Users/zhouming/Desktop/falcon/falcon/Demos/BasicKnowledge/Queue/LockGranularity/OnlySonLock.swift /Users/zhouming/Desktop/falcon/falcon/Demos/BasicKnowledge/Queue/LockGranularity/OnlySuperLock.swift /Users/zhouming/Desktop/falcon/falcon/Demos/BasicKnowledge/Queue/QueueViewController.swift /Users/zhouming/Desktop/falcon/falcon/Demos/BasicKnowledge/RunLoop/RunLoopDemoViewController.swift /Users/zhouming/Desktop/falcon/falcon/Demos/BasicKnowledge/Runtime/AssociatedObjectViewController.swift /Users/zhouming/Desktop/falcon/falcon/Demos/BasicKnowledge/Runtime/MethodSwizzlingViewController.swift /Users/zhouming/Desktop/falcon/falcon/Demos/BasicKnowledge/Tabbar/Appearance/TabbarAppearanceDemoViewController.swift /Users/zhouming/Desktop/falcon/falcon/Demos/BasicKnowledge/Tabbar/MDESTabBarController.swift /Users/zhouming/Desktop/falcon/falcon/Demos/BasicKnowledge/Tabbar/MDTabbarController.swift /Users/zhouming/Desktop/falcon/falcon/Demos/BasicKnowledge/Timer/Usage/UsageTimerViewController.swift /Users/zhouming/Desktop/falcon/falcon/Demos/BasicKnowledge/BasicKnowledgeViewController.swift /Users/zhouming/Desktop/falcon/falcon/Demos/Network/Alamofire/GistDetailViewController.swift (in target 'falcon' from project 'falcon')

SwiftCompile normal arm64 /Users/zhouming/Desktop/falcon/falcon/Demos/BasicKnowledge/Queue/Lock/ConcurrentQueueCounter.swift (in target 'falcon' from project 'falcon')
    cd /Users/zhouming/Desktop/falcon
    

SwiftCompile normal arm64 /Users/zhouming/Desktop/falcon/falcon/Demos/BasicKnowledge/Queue/Lock/LockCounter.swift (in target 'falcon' from project 'falcon')
    cd /Users/zhouming/Desktop/falcon
    

SwiftCompile normal arm64 /Users/zhouming/Desktop/falcon/falcon/Demos/BasicKnowledge/Queue/Lock/NSRecursiveLockDemo.swift (in target 'falcon' from project 'falcon')
    cd /Users/zhouming/Desktop/falcon
    

SwiftCompile normal arm64 /Users/zhouming/Desktop/falcon/falcon/Demos/BasicKnowledge/Queue/Lock/SemaphoreCounter.swift (in target 'falcon' from project 'falcon')
    cd /Users/zhouming/Desktop/falcon
    

SwiftCompile normal arm64 /Users/zhouming/Desktop/falcon/falcon/Demos/BasicKnowledge/Queue/Lock/SerialQueueCounter.swift (in target 'falcon' from project 'falcon')
    cd /Users/zhouming/Desktop/falcon
    

SwiftCompile normal arm64 /Users/zhouming/Desktop/falcon/falcon/Demos/BasicKnowledge/Queue/LockGranularity/OnlySonLock.swift (in target 'falcon' from project 'falcon')
    cd /Users/zhouming/Desktop/falcon
    

SwiftCompile normal arm64 /Users/zhouming/Desktop/falcon/falcon/Demos/BasicKnowledge/Queue/LockGranularity/OnlySuperLock.swift (in target 'falcon' from project 'falcon')
    cd /Users/zhouming/Desktop/falcon
    

SwiftCompile normal arm64 /Users/zhouming/Desktop/falcon/falcon/Demos/BasicKnowledge/Queue/QueueViewController.swift (in target 'falcon' from project 'falcon')
    cd /Users/zhouming/Desktop/falcon
    

SwiftCompile normal arm64 /Users/zhouming/Desktop/falcon/falcon/Demos/BasicKnowledge/RunLoop/RunLoopDemoViewController.swift (in target 'falcon' from project 'falcon')
    cd /Users/zhouming/Desktop/falcon
    

SwiftCompile normal arm64 /Users/zhouming/Desktop/falcon/falcon/Demos/BasicKnowledge/Runtime/AssociatedObjectViewController.swift (in target 'falcon' from project 'falcon')
    cd /Users/zhouming/Desktop/falcon
    

SwiftCompile normal arm64 /Users/zhouming/Desktop/falcon/falcon/Demos/BasicKnowledge/Runtime/MethodSwizzlingViewController.swift (in target 'falcon' from project 'falcon')
    cd /Users/zhouming/Desktop/falcon
    

SwiftCompile normal arm64 /Users/zhouming/Desktop/falcon/falcon/Demos/BasicKnowledge/Tabbar/Appearance/TabbarAppearanceDemoViewController.swift (in target 'falcon' from project 'falcon')
    cd /Users/zhouming/Desktop/falcon
    

SwiftCompile normal arm64 /Users/zhouming/Desktop/falcon/falcon/Demos/BasicKnowledge/Tabbar/MDESTabBarController.swift (in target 'falcon' from project 'falcon')
    cd /Users/zhouming/Desktop/falcon
    

SwiftCompile normal arm64 /Users/zhouming/Desktop/falcon/falcon/Demos/BasicKnowledge/Tabbar/MDTabbarController.swift (in target 'falcon' from project 'falcon')
    cd /Users/zhouming/Desktop/falcon
    

SwiftCompile normal arm64 /Users/zhouming/Desktop/falcon/falcon/Demos/BasicKnowledge/Timer/Usage/UsageTimerViewController.swift (in target 'falcon' from project 'falcon')
    cd /Users/zhouming/Desktop/falcon
    

SwiftCompile normal arm64 /Users/zhouming/Desktop/falcon/falcon/Demos/BasicKnowledge/BasicKnowledgeViewController.swift (in target 'falcon' from project 'falcon')
    cd /Users/zhouming/Desktop/falcon
    

SwiftCompile normal arm64 /Users/zhouming/Desktop/falcon/falcon/Demos/Network/Alamofire/GistDetailViewController.swift (in target 'falcon' from project 'falcon')
    cd /Users/zhouming/Desktop/falcon
    

SwiftCompile normal arm64 Compiling\ DSCardListCell.swift,\ DSAvatar.swift,\ DSBannerView.swift,\ DSButton.swift,\ DSCardView.swift,\ DSEmptyStateView.swift,\ DSImageCardView.swift,\ DSLabel.swift,\ DSLoadingView.swift,\ DSTag.swift,\ DSTextField.swift,\ DSToast.swift,\ DSColor.swift,\ DSSpacing.swift,\ DSTypography.swift,\ String+Extension.swift,\ UIColor+Extension.swift /Users/zhouming/Desktop/falcon/falcon/Core/DesignSystem/Cells/DSCardListCell.swift /Users/zhouming/Desktop/falcon/falcon/Core/DesignSystem/Components/DSAvatar.swift /Users/zhouming/Desktop/falcon/falcon/Core/DesignSystem/Components/DSBannerView.swift /Users/zhouming/Desktop/falcon/falcon/Core/DesignSystem/Components/DSButton.swift /Users/zhouming/Desktop/falcon/falcon/Core/DesignSystem/Components/DSCardView.swift /Users/zhouming/Desktop/falcon/falcon/Core/DesignSystem/Components/DSEmptyStateView.swift /Users/zhouming/Desktop/falcon/falcon/Core/DesignSystem/Components/DSImageCardView.swift /Users/zhouming/Desktop/falcon/falcon/Core/DesignSystem/Components/DSLabel.swift /Users/zhouming/Desktop/falcon/falcon/Core/DesignSystem/Components/DSLoadingView.swift /Users/zhouming/Desktop/falcon/falcon/Core/DesignSystem/Components/DSTag.swift /Users/zhouming/Desktop/falcon/falcon/Core/DesignSystem/Components/DSTextField.swift /Users/zhouming/Desktop/falcon/falcon/Core/DesignSystem/Components/DSToast.swift /Users/zhouming/Desktop/falcon/falcon/Core/DesignSystem/Tokens/DSColor.swift /Users/zhouming/Desktop/falcon/falcon/Core/DesignSystem/Tokens/DSSpacing.swift /Users/zhouming/Desktop/falcon/falcon/Core/DesignSystem/Tokens/DSTypography.swift /Users/zhouming/Desktop/falcon/falcon/Core/UIKitExtension/Encapsulation/String+Extension.swift /Users/zhouming/Desktop/falcon/falcon/Core/UIKitExtension/Encapsulation/UIColor+Extension.swift (in target 'falcon' from project 'falcon')

SwiftCompile normal arm64 /Users/zhouming/Desktop/falcon/falcon/Core/DesignSystem/Cells/DSCardListCell.swift (in target 'falcon' from project 'falcon')
    cd /Users/zhouming/Desktop/falcon
    

SwiftCompile normal arm64 /Users/zhouming/Desktop/falcon/falcon/Core/DesignSystem/Components/DSAvatar.swift (in target 'falcon' from project 'falcon')
    cd /Users/zhouming/Desktop/falcon
    

SwiftCompile normal arm64 /Users/zhouming/Desktop/falcon/falcon/Core/DesignSystem/Components/DSBannerView.swift (in target 'falcon' from project 'falcon')
    cd /Users/zhouming/Desktop/falcon
    

SwiftCompile normal arm64 /Users/zhouming/Desktop/falcon/falcon/Core/DesignSystem/Components/DSButton.swift (in target 'falcon' from project 'falcon')
    cd /Users/zhouming/Desktop/falcon
    

SwiftCompile normal arm64 /Users/zhouming/Desktop/falcon/falcon/Core/DesignSystem/Components/DSCardView.swift (in target 'falcon' from project 'falcon')
    cd /Users/zhouming/Desktop/falcon
    

SwiftCompile normal arm64 /Users/zhouming/Desktop/falcon/falcon/Core/DesignSystem/Components/DSEmptyStateView.swift (in target 'falcon' from project 'falcon')
    cd /Users/zhouming/Desktop/falcon
    

SwiftCompile normal arm64 /Users/zhouming/Desktop/falcon/falcon/Core/DesignSystem/Components/DSImageCardView.swift (in target 'falcon' from project 'falcon')
    cd /Users/zhouming/Desktop/falcon
    

SwiftCompile normal arm64 /Users/zhouming/Desktop/falcon/falcon/Core/DesignSystem/Components/DSLabel.swift (in target 'falcon' from project 'falcon')
    cd /Users/zhouming/Desktop/falcon
    

SwiftCompile normal arm64 /Users/zhouming/Desktop/falcon/falcon/Core/DesignSystem/Components/DSLoadingView.swift (in target 'falcon' from project 'falcon')
    cd /Users/zhouming/Desktop/falcon
    

SwiftCompile normal arm64 /Users/zhouming/Desktop/falcon/falcon/Core/DesignSystem/Components/DSTag.swift (in target 'falcon' from project 'falcon')
    cd /Users/zhouming/Desktop/falcon
    

SwiftCompile normal arm64 /Users/zhouming/Desktop/falcon/falcon/Core/DesignSystem/Components/DSTextField.swift (in target 'falcon' from project 'falcon')
    cd /Users/zhouming/Desktop/falcon
    

SwiftCompile normal arm64 /Users/zhouming/Desktop/falcon/falcon/Core/DesignSystem/Components/DSToast.swift (in target 'falcon' from project 'falcon')
    cd /Users/zhouming/Desktop/falcon
    

SwiftCompile normal arm64 /Users/zhouming/Desktop/falcon/falcon/Core/DesignSystem/Tokens/DSColor.swift (in target 'falcon' from project 'falcon')
    cd /Users/zhouming/Desktop/falcon
    

SwiftCompile normal arm64 /Users/zhouming/Desktop/falcon/falcon/Core/DesignSystem/Tokens/DSSpacing.swift (in target 'falcon' from project 'falcon')
    cd /Users/zhouming/Desktop/falcon
    

SwiftCompile normal arm64 /Users/zhouming/Desktop/falcon/falcon/Core/DesignSystem/Tokens/DSTypography.swift (in target 'falcon' from project 'falcon')
    cd /Users/zhouming/Desktop/falcon
    

SwiftCompile normal arm64 /Users/zhouming/Desktop/falcon/falcon/Core/UIKitExtension/Encapsulation/String+Extension.swift (in target 'falcon' from project 'falcon')
    cd /Users/zhouming/Desktop/falcon
    

SwiftCompile normal arm64 /Users/zhouming/Desktop/falcon/falcon/Core/UIKitExtension/Encapsulation/UIColor+Extension.swift (in target 'falcon' from project 'falcon')
    cd /Users/zhouming/Desktop/falcon
    

SwiftCompile normal arm64 Compiling\ NetworkDemoViewController.swift,\ PerformanceCPUDemoViewController.swift,\ PerformanceGPUDemoViewController.swift,\ DZNEmptyDataSetUsageViewController.swift,\ JXPagingNestedSegmentViewController.swift,\ JXPagingViewUseViewController.swift,\ MDFullscreenPopGesture.swift,\ UINavigationBarController+MDFullscreenPopGestureExtension.swift,\ UIViewController+MDFullscreenPopGestureExtension.swift,\ MDScrollView.swift,\ SegmentedViewUseViewController.swift,\ PhotoBrowerViewController.swift,\ UsageThirdPartyViewController.swift,\ CacheManager.swift,\ NetworkInterceptor.swift,\ APIRouter.swift,\ BaseResponse.swift /Users/zhouming/Desktop/falcon/falcon/Demos/Network/Alamofire/NetworkDemoViewController.swift /Users/zhouming/Desktop/falcon/falcon/Demos/Performance/PerformanceCPUDemoViewController.swift /Users/zhouming/Desktop/falcon/falcon/Demos/Performance/PerformanceGPUDemoViewController.swift /Users/zhouming/Desktop/falcon/falcon/Demos/ThirdParty/DZNEmptyDataSet/Usage/DZNEmptyDataSetUsageViewController.swift /Users/zhouming/Desktop/falcon/falcon/Demos/ThirdParty/JXPagingView/Nest/JXPagingNestedSegmentViewController.swift /Users/zhouming/Desktop/falcon/falcon/Demos/ThirdParty/JXPagingView/JXPagingViewUseViewController.swift /Users/zhouming/Desktop/falcon/falcon/Demos/ThirdParty/MDFullscreenPopGesture/MDFullscreenPopGesture.swift /Users/zhouming/Desktop/falcon/falcon/Demos/ThirdParty/MDFullscreenPopGesture/UINavigationBarController+MDFullscreenPopGestureExtension.swift /Users/zhouming/Desktop/falcon/falcon/Demos/ThirdParty/MDFullscreenPopGesture/UIViewController+MDFullscreenPopGestureExtension.swift /Users/zhouming/Desktop/falcon/falcon/Demos/ThirdParty/SegmentedView/MDScrollView.swift /Users/zhouming/Desktop/falcon/falcon/Demos/ThirdParty/SegmentedView/SegmentedViewUseViewController.swift /Users/zhouming/Desktop/falcon/falcon/Demos/ThirdParty/ZLPhotoBrowser/PhotoBrowerViewController.swift /Users/zhouming/Desktop/falcon/falcon/Demos/ThirdParty/UsageThirdPartyViewController.swift /Users/zhouming/Desktop/falcon/falcon/LearningModules/Alamofire/Encapsulation/Feature/CacheManager.swift /Users/zhouming/Desktop/falcon/falcon/LearningModules/Alamofire/Encapsulation/Feature/NetworkInterceptor.swift /Users/zhouming/Desktop/falcon/falcon/LearningModules/Alamofire/Encapsulation/APIRouter.swift /Users/zhouming/Desktop/falcon/falcon/LearningModules/Alamofire/Encapsulation/BaseResponse.swift (in target 'falcon' from project 'falcon')

SwiftCompile normal arm64 /Users/zhouming/Desktop/falcon/falcon/Demos/Network/Alamofire/NetworkDemoViewController.swift (in target 'falcon' from project 'falcon')
    cd /Users/zhouming/Desktop/falcon
    

SwiftCompile normal arm64 /Users/zhouming/Desktop/falcon/falcon/Demos/Performance/PerformanceCPUDemoViewController.swift (in target 'falcon' from project 'falcon')
    cd /Users/zhouming/Desktop/falcon
    

SwiftCompile normal arm64 /Users/zhouming/Desktop/falcon/falcon/Demos/Performance/PerformanceGPUDemoViewController.swift (in target 'falcon' from project 'falcon')
    cd /Users/zhouming/Desktop/falcon
    

SwiftCompile normal arm64 /Users/zhouming/Desktop/falcon/falcon/Demos/ThirdParty/DZNEmptyDataSet/Usage/DZNEmptyDataSetUsageViewController.swift (in target 'falcon' from project 'falcon')
    cd /Users/zhouming/Desktop/falcon
    

SwiftCompile normal arm64 /Users/zhouming/Desktop/falcon/falcon/Demos/ThirdParty/JXPagingView/Nest/JXPagingNestedSegmentViewController.swift (in target 'falcon' from project 'falcon')
    cd /Users/zhouming/Desktop/falcon
    

SwiftCompile normal arm64 /Users/zhouming/Desktop/falcon/falcon/Demos/ThirdParty/JXPagingView/JXPagingViewUseViewController.swift (in target 'falcon' from project 'falcon')
    cd /Users/zhouming/Desktop/falcon
    

SwiftCompile normal arm64 /Users/zhouming/Desktop/falcon/falcon/Demos/ThirdParty/MDFullscreenPopGesture/MDFullscreenPopGesture.swift (in target 'falcon' from project 'falcon')
    cd /Users/zhouming/Desktop/falcon
    

SwiftCompile normal arm64 /Users/zhouming/Desktop/falcon/falcon/Demos/ThirdParty/MDFullscreenPopGesture/UINavigationBarController+MDFullscreenPopGestureExtension.swift (in target 'falcon' from project 'falcon')
    cd /Users/zhouming/Desktop/falcon
    

SwiftCompile normal arm64 /Users/zhouming/Desktop/falcon/falcon/Demos/ThirdParty/MDFullscreenPopGesture/UIViewController+MDFullscreenPopGestureExtension.swift (in target 'falcon' from project 'falcon')
    cd /Users/zhouming/Desktop/falcon
    

SwiftCompile normal arm64 /Users/zhouming/Desktop/falcon/falcon/Demos/ThirdParty/SegmentedView/MDScrollView.swift (in target 'falcon' from project 'falcon')
    cd /Users/zhouming/Desktop/falcon
    

SwiftCompile normal arm64 /Users/zhouming/Desktop/falcon/falcon/Demos/ThirdParty/SegmentedView/SegmentedViewUseViewController.swift (in target 'falcon' from project 'falcon')
    cd /Users/zhouming/Desktop/falcon
    

SwiftCompile normal arm64 /Users/zhouming/Desktop/falcon/falcon/Demos/ThirdParty/ZLPhotoBrowser/PhotoBrowerViewController.swift (in target 'falcon' from project 'falcon')
    cd /Users/zhouming/Desktop/falcon
    

SwiftCompile normal arm64 /Users/zhouming/Desktop/falcon/falcon/Demos/ThirdParty/UsageThirdPartyViewController.swift (in target 'falcon' from project 'falcon')
    cd /Users/zhouming/Desktop/falcon
    

SwiftCompile normal arm64 /Users/zhouming/Desktop/falcon/falcon/LearningModules/Alamofire/Encapsulation/Feature/CacheManager.swift (in target 'falcon' from project 'falcon')
    cd /Users/zhouming/Desktop/falcon
    

SwiftCompile normal arm64 /Users/zhouming/Desktop/falcon/falcon/LearningModules/Alamofire/Encapsulation/Feature/NetworkInterceptor.swift (in target 'falcon' from project 'falcon')
    cd /Users/zhouming/Desktop/falcon
    

SwiftCompile normal arm64 /Users/zhouming/Desktop/falcon/falcon/LearningModules/Alamofire/Encapsulation/APIRouter.swift (in target 'falcon' from project 'falcon')
    cd /Users/zhouming/Desktop/falcon
    

SwiftCompile normal arm64 /Users/zhouming/Desktop/falcon/falcon/LearningModules/Alamofire/Encapsulation/BaseResponse.swift (in target 'falcon' from project 'falcon')
    cd /Users/zhouming/Desktop/falcon
    

SwiftCompile normal arm64 Compiling\ NetworkConfig.swift,\ NetworkError.swift,\ NetworkManager.swift,\ AlamofireFirstViewController.swift,\ AlamofireFourViewController.swift,\ AlamofireSecondViewController.swift,\ AlamofireThirdViewController.swift,\ AlamofireViewController.swift,\ AlamofireZeroViewController.swift,\ BinAPI.swift,\ GistResponse.swift,\ HParams.swift,\ HResponse.swift,\ UserAPI.swift,\ WebError.swift,\ KingfisherCache.swift /Users/zhouming/Desktop/falcon/falcon/LearningModules/Alamofire/Encapsulation/NetworkConfig.swift /Users/zhouming/Desktop/falcon/falcon/LearningModules/Alamofire/Encapsulation/NetworkError.swift /Users/zhouming/Desktop/falcon/falcon/LearningModules/Alamofire/Encapsulation/NetworkManager.swift /Users/zhouming/Desktop/falcon/falcon/LearningModules/Alamofire/Usage/AlamofireFirstViewController.swift /Users/zhouming/Desktop/falcon/falcon/LearningModules/Alamofire/Usage/AlamofireFourViewController.swift /Users/zhouming/Desktop/falcon/falcon/LearningModules/Alamofire/Usage/AlamofireSecondViewController.swift /Users/zhouming/Desktop/falcon/falcon/LearningModules/Alamofire/Usage/AlamofireThirdViewController.swift /Users/zhouming/Desktop/falcon/falcon/LearningModules/Alamofire/Usage/AlamofireViewController.swift /Users/zhouming/Desktop/falcon/falcon/LearningModules/Alamofire/Usage/AlamofireZeroViewController.swift /Users/zhouming/Desktop/falcon/falcon/LearningModules/Alamofire/Usage/BinAPI.swift /Users/zhouming/Desktop/falcon/falcon/LearningModules/Alamofire/Usage/GistResponse.swift /Users/zhouming/Desktop/falcon/falcon/LearningModules/Alamofire/Usage/HParams.swift /Users/zhouming/Desktop/falcon/falcon/LearningModules/Alamofire/Usage/HResponse.swift /Users/zhouming/Desktop/falcon/falcon/LearningModules/Alamofire/Usage/UserAPI.swift /Users/zhouming/Desktop/falcon/falcon/LearningModules/Alamofire/Usage/WebError.swift /Users/zhouming/Desktop/falcon/falcon/LearningModules/Kingfisher/Cache/KingfisherCache.swift (in target 'falcon' from project 'falcon')
SwiftCompile normal arm64 /Users/zhouming/Desktop/falcon/falcon/LearningModules/Alamofire/Encapsulation/NetworkConfig.swift (in target 'falcon' from project 'falcon')
    cd /Users/zhouming/Desktop/falcon
    

SwiftCompile normal arm64 /Users/zhouming/Desktop/falcon/falcon/LearningModules/Alamofire/Encapsulation/NetworkError.swift (in target 'falcon' from project 'falcon')
    cd /Users/zhouming/Desktop/falcon
    

SwiftCompile normal arm64 /Users/zhouming/Desktop/falcon/falcon/LearningModules/Alamofire/Encapsulation/NetworkManager.swift (in target 'falcon' from project 'falcon')
    cd /Users/zhouming/Desktop/falcon
    

SwiftCompile normal arm64 /Users/zhouming/Desktop/falcon/falcon/LearningModules/Alamofire/Usage/AlamofireFirstViewController.swift (in target 'falcon' from project 'falcon')
    cd /Users/zhouming/Desktop/falcon
    

SwiftCompile normal arm64 /Users/zhouming/Desktop/falcon/falcon/LearningModules/Alamofire/Usage/AlamofireFourViewController.swift (in target 'falcon' from project 'falcon')
    cd /Users/zhouming/Desktop/falcon
    

SwiftCompile normal arm64 /Users/zhouming/Desktop/falcon/falcon/LearningModules/Alamofire/Usage/AlamofireSecondViewController.swift (in target 'falcon' from project 'falcon')
    cd /Users/zhouming/Desktop/falcon
    

SwiftCompile normal arm64 /Users/zhouming/Desktop/falcon/falcon/LearningModules/Alamofire/Usage/AlamofireThirdViewController.swift (in target 'falcon' from project 'falcon')
    cd /Users/zhouming/Desktop/falcon
    

SwiftCompile normal arm64 /Users/zhouming/Desktop/falcon/falcon/LearningModules/Alamofire/Usage/AlamofireViewController.swift (in target 'falcon' from project 'falcon')
    cd /Users/zhouming/Desktop/falcon
    

SwiftCompile normal arm64 /Users/zhouming/Desktop/falcon/falcon/LearningModules/Alamofire/Usage/AlamofireZeroViewController.swift (in target 'falcon' from project 'falcon')
    cd /Users/zhouming/Desktop/falcon
    

SwiftCompile normal arm64 /Users/zhouming/Desktop/falcon/falcon/LearningModules/Alamofire/Usage/BinAPI.swift (in target 'falcon' from project 'falcon')
    cd /Users/zhouming/Desktop/falcon
    

SwiftCompile normal arm64 /Users/zhouming/Desktop/falcon/falcon/LearningModules/Alamofire/Usage/GistResponse.swift (in target 'falcon' from project 'falcon')
    cd /Users/zhouming/Desktop/falcon
    

SwiftCompile normal arm64 /Users/zhouming/Desktop/falcon/falcon/LearningModules/Alamofire/Usage/HParams.swift (in target 'falcon' from project 'falcon')
    cd /Users/zhouming/Desktop/falcon
    

SwiftCompile normal arm64 /Users/zhouming/Desktop/falcon/falcon/LearningModules/Alamofire/Usage/HResponse.swift (in target 'falcon' from project 'falcon')
    cd /Users/zhouming/Desktop/falcon
    

SwiftCompile normal arm64 /Users/zhouming/Desktop/falcon/falcon/LearningModules/Alamofire/Usage/UserAPI.swift (in target 'falcon' from project 'falcon')
    cd /Users/zhouming/Desktop/falcon
    

SwiftCompile normal arm64 /Users/zhouming/Desktop/falcon/falcon/LearningModules/Alamofire/Usage/WebError.swift (in target 'falcon' from project 'falcon')
    cd /Users/zhouming/Desktop/falcon
    

SwiftCompile normal arm64 /Users/zhouming/Desktop/falcon/falcon/LearningModules/Kingfisher/Cache/KingfisherCache.swift (in target 'falcon' from project 'falcon')
    cd /Users/zhouming/Desktop/falcon
    

SwiftCompile normal arm64 Compiling\ RotationDemoViewController.swift,\ Navigationer.swift,\ RouteCompatible.swift,\ RouteConvertible.swift,\ RouteError.swift,\ RouteParser.swift,\ SimpleRouter.swift,\ Route.swift,\ RouterViewController.swift,\ SimpleCache.swift,\ SimpleCacheError.swift,\ SimpleDiskCache.swift,\ SimpleDiskFile.swift,\ SimpleMemoryCache.swift,\ CacheBasicViewController.swift,\ CacheDeepInViewController.swift /Users/zhouming/Desktop/falcon/falcon/LearningModules/Rotation/RotationDemoViewController.swift /Users/zhouming/Desktop/falcon/falcon/LearningModules/Router/Encapsulation/Navigationer.swift /Users/zhouming/Desktop/falcon/falcon/LearningModules/Router/Encapsulation/RouteCompatible.swift /Users/zhouming/Desktop/falcon/falcon/LearningModules/Router/Encapsulation/RouteConvertible.swift /Users/zhouming/Desktop/falcon/falcon/LearningModules/Router/Encapsulation/RouteError.swift /Users/zhouming/Desktop/falcon/falcon/LearningModules/Router/Encapsulation/RouteParser.swift /Users/zhouming/Desktop/falcon/falcon/LearningModules/Router/Encapsulation/SimpleRouter.swift /Users/zhouming/Desktop/falcon/falcon/LearningModules/Router/Usage/Route.swift /Users/zhouming/Desktop/falcon/falcon/LearningModules/Router/Usage/RouterViewController.swift /Users/zhouming/Desktop/falcon/falcon/LearningModules/YYCache/Imitate/SimpleCache/SimpleCache.swift /Users/zhouming/Desktop/falcon/falcon/LearningModules/YYCache/Imitate/SimpleCache/SimpleCacheError.swift /Users/zhouming/Desktop/falcon/falcon/LearningModules/YYCache/Imitate/SimpleCache/SimpleDiskCache.swift /Users/zhouming/Desktop/falcon/falcon/LearningModules/YYCache/Imitate/SimpleCache/SimpleDiskFile.swift /Users/zhouming/Desktop/falcon/falcon/LearningModules/YYCache/Imitate/SimpleCache/SimpleMemoryCache.swift /Users/zhouming/Desktop/falcon/falcon/LearningModules/YYCache/Usage/CacheBasicViewController.swift /Users/zhouming/Desktop/falcon/falcon/LearningModules/YYCache/Usage/CacheDeepInViewController.swift (in target 'falcon' from project 'falcon')

SwiftCompile normal arm64 /Users/zhouming/Desktop/falcon/falcon/LearningModules/Rotation/RotationDemoViewController.swift (in target 'falcon' from project 'falcon')
    cd /Users/zhouming/Desktop/falcon
    

SwiftCompile normal arm64 /Users/zhouming/Desktop/falcon/falcon/LearningModules/Router/Encapsulation/Navigationer.swift (in target 'falcon' from project 'falcon')
    cd /Users/zhouming/Desktop/falcon
    

SwiftCompile normal arm64 /Users/zhouming/Desktop/falcon/falcon/LearningModules/Router/Encapsulation/RouteCompatible.swift (in target 'falcon' from project 'falcon')
    cd /Users/zhouming/Desktop/falcon
    

SwiftCompile normal arm64 /Users/zhouming/Desktop/falcon/falcon/LearningModules/Router/Encapsulation/RouteConvertible.swift (in target 'falcon' from project 'falcon')
    cd /Users/zhouming/Desktop/falcon
    

SwiftCompile normal arm64 /Users/zhouming/Desktop/falcon/falcon/LearningModules/Router/Encapsulation/RouteError.swift (in target 'falcon' from project 'falcon')
    cd /Users/zhouming/Desktop/falcon
    

SwiftCompile normal arm64 /Users/zhouming/Desktop/falcon/falcon/LearningModules/Router/Encapsulation/RouteParser.swift (in target 'falcon' from project 'falcon')
    cd /Users/zhouming/Desktop/falcon
    

SwiftCompile normal arm64 /Users/zhouming/Desktop/falcon/falcon/LearningModules/Router/Encapsulation/SimpleRouter.swift (in target 'falcon' from project 'falcon')
    cd /Users/zhouming/Desktop/falcon
    

SwiftCompile normal arm64 /Users/zhouming/Desktop/falcon/falcon/LearningModules/Router/Usage/Route.swift (in target 'falcon' from project 'falcon')
    cd /Users/zhouming/Desktop/falcon
    

SwiftCompile normal arm64 /Users/zhouming/Desktop/falcon/falcon/LearningModules/Router/Usage/RouterViewController.swift (in target 'falcon' from project 'falcon')
    cd /Users/zhouming/Desktop/falcon
    

SwiftCompile normal arm64 /Users/zhouming/Desktop/falcon/falcon/LearningModules/YYCache/Imitate/SimpleCache/SimpleCache.swift (in target 'falcon' from project 'falcon')
    cd /Users/zhouming/Desktop/falcon
    

SwiftCompile normal arm64 /Users/zhouming/Desktop/falcon/falcon/LearningModules/YYCache/Imitate/SimpleCache/SimpleCacheError.swift (in target 'falcon' from project 'falcon')
    cd /Users/zhouming/Desktop/falcon
    

SwiftCompile normal arm64 /Users/zhouming/Desktop/falcon/falcon/LearningModules/YYCache/Imitate/SimpleCache/SimpleDiskCache.swift (in target 'falcon' from project 'falcon')
    cd /Users/zhouming/Desktop/falcon
    

SwiftCompile normal arm64 /Users/zhouming/Desktop/falcon/falcon/LearningModules/YYCache/Imitate/SimpleCache/SimpleDiskFile.swift (in target 'falcon' from project 'falcon')
    cd /Users/zhouming/Desktop/falcon
    

SwiftCompile normal arm64 /Users/zhouming/Desktop/falcon/falcon/LearningModules/YYCache/Imitate/SimpleCache/SimpleMemoryCache.swift (in target 'falcon' from project 'falcon')
    cd /Users/zhouming/Desktop/falcon
    

SwiftCompile normal arm64 /Users/zhouming/Desktop/falcon/falcon/LearningModules/YYCache/Usage/CacheBasicViewController.swift (in target 'falcon' from project 'falcon')
    cd /Users/zhouming/Desktop/falcon
    

SwiftCompile normal arm64 /Users/zhouming/Desktop/falcon/falcon/LearningModules/YYCache/Usage/CacheDeepInViewController.swift (in target 'falcon' from project 'falcon')
    cd /Users/zhouming/Desktop/falcon
    

SwiftCompile normal arm64 Compiling\ CacheImitateViewController.swift,\ CacheUsageViewController.swift,\ CacheViewController.swift,\ GCDCacheViewController.swift,\ LockBenchmarkViewController.swift,\ LockBlockingViewController.swift,\ ThreadUnsafeDemoViewController.swift,\ FeedViewController.swift,\ YYTextAttributeViewController.swift,\ YYTextController.swift,\ YYTextLayoutViewController.swift,\ LoginViewController.swift,\ AppDelegate.swift,\ HomeViewController.swift,\ SceneDelegate.swift,\ GeneratedAssetSymbols.swift /Users/zhouming/Desktop/falcon/falcon/LearningModules/YYCache/Usage/CacheImitateViewController.swift /Users/zhouming/Desktop/falcon/falcon/LearningModules/YYCache/Usage/CacheUsageViewController.swift /Users/zhouming/Desktop/falcon/falcon/LearningModules/YYCache/Usage/CacheViewController.swift /Users/zhouming/Desktop/falcon/falcon/LearningModules/YYCache/Usage/GCDCacheViewController.swift /Users/zhouming/Desktop/falcon/falcon/LearningModules/YYCache/Usage/LockBenchmarkViewController.swift /Users/zhouming/Desktop/falcon/falcon/LearningModules/YYCache/Usage/LockBlockingViewController.swift /Users/zhouming/Desktop/falcon/falcon/LearningModules/YYCache/Usage/ThreadUnsafeDemoViewController.swift /Users/zhouming/Desktop/falcon/falcon/LearningModules/YYText/FeedViewController.swift /Users/zhouming/Desktop/falcon/falcon/LearningModules/YYText/YYTextAttributeViewController.swift /Users/zhouming/Desktop/falcon/falcon/LearningModules/YYText/YYTextController.swift /Users/zhouming/Desktop/falcon/falcon/LearningModules/YYText/YYTextLayoutViewController.swift /Users/zhouming/Desktop/falcon/falcon/Login/LoginViewController.swift /Users/zhouming/Desktop/falcon/falcon/AppDelegate.swift /Users/zhouming/Desktop/falcon/falcon/HomeViewController.swift /Users/zhouming/Desktop/falcon/falcon/SceneDelegate.swift /Users/zhouming/Library/Developer/Xcode/DerivedData/falcon-gsoilikaxsflzjexzrtqkcenvrbo/Build/Intermediates.noindex/falcon.build/Release-iphonesimulator/falcon.build/DerivedSources/GeneratedAssetSymbols.swift (in target 'falcon' from project 'falcon')
SwiftCompile normal arm64 /Users/zhouming/Desktop/falcon/falcon/LearningModules/YYCache/Usage/CacheImitateViewController.swift (in target 'falcon' from project 'falcon')
    cd /Users/zhouming/Desktop/falcon
    

SwiftCompile normal arm64 /Users/zhouming/Desktop/falcon/falcon/LearningModules/YYCache/Usage/CacheUsageViewController.swift (in target 'falcon' from project 'falcon')
    cd /Users/zhouming/Desktop/falcon
    

SwiftCompile normal arm64 /Users/zhouming/Desktop/falcon/falcon/LearningModules/YYCache/Usage/CacheViewController.swift (in target 'falcon' from project 'falcon')
    cd /Users/zhouming/Desktop/falcon
    

SwiftCompile normal arm64 /Users/zhouming/Desktop/falcon/falcon/LearningModules/YYCache/Usage/GCDCacheViewController.swift (in target 'falcon' from project 'falcon')
    cd /Users/zhouming/Desktop/falcon
    

SwiftCompile normal arm64 /Users/zhouming/Desktop/falcon/falcon/LearningModules/YYCache/Usage/LockBenchmarkViewController.swift (in target 'falcon' from project 'falcon')
    cd /Users/zhouming/Desktop/falcon
    

SwiftCompile normal arm64 /Users/zhouming/Desktop/falcon/falcon/LearningModules/YYCache/Usage/LockBlockingViewController.swift (in target 'falcon' from project 'falcon')
    cd /Users/zhouming/Desktop/falcon
    

SwiftCompile normal arm64 /Users/zhouming/Desktop/falcon/falcon/LearningModules/YYCache/Usage/ThreadUnsafeDemoViewController.swift (in target 'falcon' from project 'falcon')
    cd /Users/zhouming/Desktop/falcon
    

SwiftCompile normal arm64 /Users/zhouming/Desktop/falcon/falcon/LearningModules/YYText/FeedViewController.swift (in target 'falcon' from project 'falcon')
    cd /Users/zhouming/Desktop/falcon
    

SwiftCompile normal arm64 /Users/zhouming/Desktop/falcon/falcon/LearningModules/YYText/YYTextAttributeViewController.swift (in target 'falcon' from project 'falcon')
    cd /Users/zhouming/Desktop/falcon
    

SwiftCompile normal arm64 /Users/zhouming/Desktop/falcon/falcon/LearningModules/YYText/YYTextController.swift (in target 'falcon' from project 'falcon')
    cd /Users/zhouming/Desktop/falcon
    

SwiftCompile normal arm64 /Users/zhouming/Desktop/falcon/falcon/LearningModules/YYText/YYTextLayoutViewController.swift (in target 'falcon' from project 'falcon')
    cd /Users/zhouming/Desktop/falcon
    

SwiftCompile normal arm64 /Users/zhouming/Desktop/falcon/falcon/Login/LoginViewController.swift (in target 'falcon' from project 'falcon')
    cd /Users/zhouming/Desktop/falcon
    

SwiftCompile normal arm64 /Users/zhouming/Desktop/falcon/falcon/AppDelegate.swift (in target 'falcon' from project 'falcon')
    cd /Users/zhouming/Desktop/falcon
    

SwiftCompile normal arm64 /Users/zhouming/Desktop/falcon/falcon/HomeViewController.swift (in target 'falcon' from project 'falcon')
    cd /Users/zhouming/Desktop/falcon
    

SwiftCompile normal arm64 /Users/zhouming/Desktop/falcon/falcon/SceneDelegate.swift (in target 'falcon' from project 'falcon')
    cd /Users/zhouming/Desktop/falcon
    

SwiftCompile normal arm64 /Users/zhouming/Library/Developer/Xcode/DerivedData/falcon-gsoilikaxsflzjexzrtqkcenvrbo/Build/Intermediates.noindex/falcon.build/Release-iphonesimulator/falcon.build/DerivedSources/GeneratedAssetSymbols.swift (in target 'falcon' from project 'falcon')
    cd /Users/zhouming/Desktop/falcon
    

SwiftEmitModule normal x86_64 Emitting\ module\ for\ falcon (in target 'falcon' from project 'falcon')

** BUILD FAILED **


The following build commands failed:
	SwiftCompile normal arm64 Compiling\ UIViewController+Extension.swift,\ UIWindow+Extension.swift,\ GCDSimpleCache.swift,\ UIKitBasicViewController.swift,\ UIKitViewController.swift,\ UIKitWindowViewController.swift,\ UserInfo.swift,\ UserInfoSession.swift,\ FileManager+Extension.swift,\ LoginUtil.swift,\ PerformanceMeasurer.swift,\ BaseNavigationController.swift,\ TestAutolayoutViewController.swift,\ DesignSystemDemoViewController.swift,\ DSComplexListViewController.swift,\ UseNavigationBarController.swift,\ ProtocolDemoViewController.swift /Users/zhouming/Desktop/falcon/falcon/Core/UIKitExtension/Encapsulation/UIViewController+Extension.swift /Users/zhouming/Desktop/falcon/falcon/Core/UIKitExtension/Encapsulation/UIWindow+Extension.swift /Users/zhouming/Desktop/falcon/falcon/Core/UIKitExtension/GCDSimpleCache.swift /Users/zhouming/Desktop/falcon/falcon/Core/UIKitExtension/UIKitBasicViewController.swift /Users/zhouming/Desktop/falcon/falcon/Core/UIKitExtension/UIKitViewController.swift /Users/zhouming/Desktop/falcon/falcon/Core/UIKitExtension/UIKitWindowViewController.swift /Users/zhouming/Desktop/falcon/falcon/Core/UserInfo/UserInfo.swift /Users/zhouming/Desktop/falcon/falcon/Core/UserInfo/UserInfoSession.swift /Users/zhouming/Desktop/falcon/falcon/Core/Util/FileManager+Extension.swift /Users/zhouming/Desktop/falcon/falcon/Core/Util/LoginUtil.swift /Users/zhouming/Desktop/falcon/falcon/Core/Util/PerformanceMeasurer.swift /Users/zhouming/Desktop/falcon/falcon/Core/BaseNavigationController.swift /Users/zhouming/Desktop/falcon/falcon/Demos/BasicKnowledge/Autolayout/TestAutolayoutViewController.swift /Users/zhouming/Desktop/falcon/falcon/Demos/BasicKnowledge/DesignSystem/DesignSystemDemoViewController.swift /Users/zhouming/Desktop/falcon/falcon/Demos/BasicKnowledge/DesignSystem/DSComplexListViewController.swift /Users/zhouming/Desktop/falcon/falcon/Demos/BasicKnowledge/Navigation/UseNavigationBarController.swift /Users/zhouming/Desktop/falcon/falcon/Demos/BasicKnowledge/Protocol/ProtocolDemoViewController.swift (in target 'falcon' from project 'falcon')
	Building workspace falcon with scheme falcon and configuration Release
(2 failures)
