Command line invocation:
    /Applications/Xcode.app/Contents/Developer/usr/bin/xcodebuild -workspace falcon.xcworkspace -scheme falcon -configuration Release -destination "generic/platform=iOS Simulator" build

2026-02-13 11:07:37.749 xcodebuild[95501:4265617] [MT] IDERunDestination: Supported platforms for the buildables in the current scheme is empty.
ComputePackagePrebuildTargetDependencyGraph

Prepare packages

CreateBuildRequest

SendProjectDescription

CreateBuildOperation

ComputeTargetDependencyGraph
note: Building targets in dependency order
note: Target dependency graph (48 targets)
    Target 'falcon' in project 'falcon'
        ➜ Implicit dependency on target 'Pods-falcon' in project 'Pods' via file 'Pods_falcon.framework' in build phase 'Link Binary'
        ➜ Implicit dependency on target 'Alamofire' in project 'Pods' via options '-framework Alamofire' in build setting 'OTHER_LDFLAGS'
        ➜ Implicit dependency on target 'Cache' in project 'Pods' via options '-framework Cache' in build setting 'OTHER_LDFLAGS'
        ➜ Implicit dependency on target 'DZNEmptyDataSet' in project 'Pods' via options '-framework DZNEmptyDataSet' in build setting 'OTHER_LDFLAGS'
        ➜ Implicit dependency on target 'DisplayCriteria' in project 'Pods' via options '-framework DisplayCriteria' in build setting 'OTHER_LDFLAGS'
        ➜ Implicit dependency on target 'ESTabBarController-swift' in project 'Pods' via options '-framework ESTabBarController_swift' in build setting 'OTHER_LDFLAGS'
        ➜ Implicit dependency on target 'FFmpegKit' in project 'Pods' via options '-framework FFmpegKit' in build setting 'OTHER_LDFLAGS'
        ➜ Implicit dependency on target 'IQKeyboardCore' in project 'Pods' via options '-framework IQKeyboardCore' in build setting 'OTHER_LDFLAGS'
        ➜ Implicit dependency on target 'IQKeyboardManagerSwift' in project 'Pods' via options '-framework IQKeyboardManagerSwift' in build setting 'OTHER_LDFLAGS'
        ➜ Implicit dependency on target 'IQKeyboardNotification' in project 'Pods' via options '-framework IQKeyboardNotification' in build setting 'OTHER_LDFLAGS'
        ➜ Implicit dependency on target 'IQKeyboardReturnManager' in project 'Pods' via options '-framework IQKeyboardReturnManager' in build setting 'OTHER_LDFLAGS'
        ➜ Implicit dependency on target 'IQKeyboardToolbar' in project 'Pods' via options '-framework IQKeyboardToolbar' in build setting 'OTHER_LDFLAGS'
        ➜ Implicit dependency on target 'IQKeyboardToolbarManager' in project 'Pods' via options '-framework IQKeyboardToolbarManager' in build setting 'OTHER_LDFLAGS'
        ➜ Implicit dependency on target 'IQTextInputViewNotification' in project 'Pods' via options '-framework IQTextInputViewNotification' in build setting 'OTHER_LDFLAGS'
        ➜ Implicit dependency on target 'IQTextView' in project 'Pods' via options '-framework IQTextView' in build setting 'OTHER_LDFLAGS'
        ➜ Implicit dependency on target 'JXPagingView' in project 'Pods' via options '-framework JXPagingView' in build setting 'OTHER_LDFLAGS'
        ➜ Implicit dependency on target 'JXSegmentedView' in project 'Pods' via options '-framework JXSegmentedView' in build setting 'OTHER_LDFLAGS'
        ➜ Implicit dependency on target 'KSPlayer' in project 'Pods' via options '-framework KSPlayer' in build setting 'OTHER_LDFLAGS'
        ➜ Implicit dependency on target 'Kingfisher' in project 'Pods' via options '-framework Kingfisher' in build setting 'OTHER_LDFLAGS'
        ➜ Implicit dependency on target 'lottie-ios' in project 'Pods' via options '-framework Lottie' in build setting 'OTHER_LDFLAGS'
        ➜ Implicit dependency on target 'MBProgressHUD' in project 'Pods' via options '-framework MBProgressHUD' in build setting 'OTHER_LDFLAGS'
        ➜ Implicit dependency on target 'SnapKit' in project 'Pods' via options '-framework SnapKit' in build setting 'OTHER_LDFLAGS'
        ➜ Implicit dependency on target 'Toast' in project 'Pods' via options '-framework Toast' in build setting 'OTHER_LDFLAGS'
        ➜ Implicit dependency on target 'YQKingfisher' in project 'Pods' via options '-framework YQKingfisher' in build setting 'OTHER_LDFLAGS'
        ➜ Implicit dependency on target 'YQPhotoBrowser' in project 'Pods' via options '-framework YQPhotoBrowser' in build setting 'OTHER_LDFLAGS'
        ➜ Implicit dependency on target 'YYCache' in project 'Pods' via options '-framework YYCache' in build setting 'OTHER_LDFLAGS'
        ➜ Implicit dependency on target 'YYText' in project 'Pods' via options '-framework YYText' in build setting 'OTHER_LDFLAGS'
        ➜ Implicit dependency on target 'ZLPhotoBrowser' in project 'Pods' via options '-framework ZLPhotoBrowser' in build setting 'OTHER_LDFLAGS'
    Target 'Pods-falcon' in project 'Pods'
        ➜ Explicit dependency on target 'Alamofire' in project 'Pods'
        ➜ Explicit dependency on target 'Cache' in project 'Pods'
        ➜ Explicit dependency on target 'DZNEmptyDataSet' in project 'Pods'
        ➜ Explicit dependency on target 'DisplayCriteria' in project 'Pods'
        ➜ Explicit dependency on target 'ESTabBarController-swift' in project 'Pods'
        ➜ Explicit dependency on target 'FFmpegKit' in project 'Pods'
        ➜ Explicit dependency on target 'IQKeyboardCore' in project 'Pods'
        ➜ Explicit dependency on target 'IQKeyboardManagerSwift' in project 'Pods'
        ➜ Explicit dependency on target 'IQKeyboardNotification' in project 'Pods'
        ➜ Explicit dependency on target 'IQKeyboardReturnManager' in project 'Pods'
        ➜ Explicit dependency on target 'IQKeyboardToolbar' in project 'Pods'
        ➜ Explicit dependency on target 'IQKeyboardToolbarManager' in project 'Pods'
        ➜ Explicit dependency on target 'IQTextInputViewNotification' in project 'Pods'
        ➜ Explicit dependency on target 'IQTextView' in project 'Pods'
        ➜ Explicit dependency on target 'JXPagingView' in project 'Pods'
        ➜ Explicit dependency on target 'JXSegmentedView' in project 'Pods'
        ➜ Explicit dependency on target 'KSPlayer' in project 'Pods'
        ➜ Explicit dependency on target 'Kingfisher' in project 'Pods'
        ➜ Explicit dependency on target 'Libass' in project 'Pods'
        ➜ Explicit dependency on target 'MBProgressHUD' in project 'Pods'
        ➜ Explicit dependency on target 'SnapKit' in project 'Pods'
        ➜ Explicit dependency on target 'Toast' in project 'Pods'
        ➜ Explicit dependency on target 'YQKingfisher' in project 'Pods'
        ➜ Explicit dependency on target 'YQPhotoBrowser' in project 'Pods'
        ➜ Explicit dependency on target 'YYCache' in project 'Pods'
        ➜ Explicit dependency on target 'YYText' in project 'Pods'
        ➜ Explicit dependency on target 'ZLPhotoBrowser' in project 'Pods'
        ➜ Explicit dependency on target 'lottie-ios' in project 'Pods'
    Target 'lottie-ios' in project 'Pods'
        ➜ Explicit dependency on target 'lottie-ios-LottiePrivacyInfo' in project 'Pods'
    Target 'lottie-ios-LottiePrivacyInfo' in project 'Pods' (no dependencies)
    Target 'ZLPhotoBrowser' in project 'Pods'
        ➜ Explicit dependency on target 'ZLPhotoBrowser-ZLPhotoBrowser_Privacy' in project 'Pods'
    Target 'ZLPhotoBrowser-ZLPhotoBrowser_Privacy' in project 'Pods' (no dependencies)
    Target 'YYText' in project 'Pods' (no dependencies)
    Target 'YYCache' in project 'Pods' (no dependencies)
    Target 'YQPhotoBrowser' in project 'Pods'
        ➜ Explicit dependency on target 'SnapKit' in project 'Pods'
        ➜ Explicit dependency on target 'YQKingfisher' in project 'Pods'
        ➜ Explicit dependency on target 'YQPhotoBrowser-YQPhotoBrowser' in project 'Pods'
    Target 'YQPhotoBrowser-YQPhotoBrowser' in project 'Pods'
        ➜ Implicit dependency on target 'SnapKit' in project 'Pods' via options '-framework SnapKit' in build setting 'OTHER_LDFLAGS'
        ➜ Implicit dependency on target 'YQKingfisher' in project 'Pods' via options '-framework YQKingfisher' in build setting 'OTHER_LDFLAGS'
    Target 'YQKingfisher' in project 'Pods' (no dependencies)
    Target 'Toast' in project 'Pods'
        ➜ Explicit dependency on target 'Toast-Toast' in project 'Pods'
    Target 'Toast-Toast' in project 'Pods' (no dependencies)
    Target 'SnapKit' in project 'Pods'
        ➜ Explicit dependency on target 'SnapKit-SnapKit_Privacy' in project 'Pods'
    Target 'SnapKit-SnapKit_Privacy' in project 'Pods' (no dependencies)
    Target 'MBProgressHUD' in project 'Pods' (no dependencies)
    Target 'Kingfisher' in project 'Pods'
        ➜ Explicit dependency on target 'Kingfisher-Kingfisher' in project 'Pods'
    Target 'Kingfisher-Kingfisher' in project 'Pods' (no dependencies)
    Target 'KSPlayer' in project 'Pods'
        ➜ Explicit dependency on target 'DisplayCriteria' in project 'Pods'
        ➜ Explicit dependency on target 'FFmpegKit' in project 'Pods'
        ➜ Explicit dependency on target 'KSPlayer-KSPlayer_KSPlayer' in project 'Pods'
    Target 'KSPlayer-KSPlayer_KSPlayer' in project 'Pods' (no dependencies)
    Target 'JXSegmentedView' in project 'Pods'
        ➜ Explicit dependency on target 'JXSegmentedView-JXSegmentedView' in project 'Pods'
    Target 'JXSegmentedView-JXSegmentedView' in project 'Pods' (no dependencies)
    Target 'JXPagingView' in project 'Pods'
        ➜ Explicit dependency on target 'JXPagingView-JXPagingView' in project 'Pods'
    Target 'JXPagingView-JXPagingView' in project 'Pods' (no dependencies)
    Target 'IQKeyboardManagerSwift' in project 'Pods'
        ➜ Explicit dependency on target 'IQKeyboardManagerSwift-IQKeyboardManagerSwift' in project 'Pods'
        ➜ Explicit dependency on target 'IQKeyboardNotification' in project 'Pods'
        ➜ Explicit dependency on target 'IQKeyboardReturnManager' in project 'Pods'
        ➜ Explicit dependency on target 'IQKeyboardToolbarManager' in project 'Pods'
        ➜ Explicit dependency on target 'IQTextInputViewNotification' in project 'Pods'
        ➜ Explicit dependency on target 'IQTextView' in project 'Pods'
    Target 'IQKeyboardManagerSwift-IQKeyboardManagerSwift' in project 'Pods'
        ➜ Implicit dependency on target 'IQKeyboardNotification' in project 'Pods' via options '-framework IQKeyboardNotification' in build setting 'OTHER_LDFLAGS'
        ➜ Implicit dependency on target 'IQKeyboardReturnManager' in project 'Pods' via options '-framework IQKeyboardReturnManager' in build setting 'OTHER_LDFLAGS'
        ➜ Implicit dependency on target 'IQKeyboardToolbarManager' in project 'Pods' via options '-framework IQKeyboardToolbarManager' in build setting 'OTHER_LDFLAGS'
        ➜ Implicit dependency on target 'IQTextInputViewNotification' in project 'Pods' via options '-framework IQTextInputViewNotification' in build setting 'OTHER_LDFLAGS'
        ➜ Implicit dependency on target 'IQTextView' in project 'Pods' via options '-framework IQTextView' in build setting 'OTHER_LDFLAGS'
    Target 'IQTextView' in project 'Pods'
        ➜ Explicit dependency on target 'IQKeyboardToolbar' in project 'Pods'
        ➜ Explicit dependency on target 'IQTextView-IQTextView' in project 'Pods'
    Target 'IQTextView-IQTextView' in project 'Pods'
        ➜ Implicit dependency on target 'IQKeyboardToolbar' in project 'Pods' via options '-framework IQKeyboardToolbar' in build setting 'OTHER_LDFLAGS'
    Target 'IQKeyboardToolbarManager' in project 'Pods'
        ➜ Explicit dependency on target 'IQKeyboardToolbar' in project 'Pods'
        ➜ Explicit dependency on target 'IQKeyboardToolbarManager-IQKeyboardToolbarManager' in project 'Pods'
        ➜ Explicit dependency on target 'IQTextInputViewNotification' in project 'Pods'
    Target 'IQKeyboardToolbarManager-IQKeyboardToolbarManager' in project 'Pods'
        ➜ Implicit dependency on target 'IQKeyboardToolbar' in project 'Pods' via options '-framework IQKeyboardToolbar' in build setting 'OTHER_LDFLAGS'
        ➜ Implicit dependency on target 'IQTextInputViewNotification' in project 'Pods' via options '-framework IQTextInputViewNotification' in build setting 'OTHER_LDFLAGS'
    Target 'IQTextInputViewNotification' in project 'Pods'
        ➜ Explicit dependency on target 'IQKeyboardCore' in project 'Pods'
        ➜ Explicit dependency on target 'IQTextInputViewNotification-IQTextInputViewNotification' in project 'Pods'
    Target 'IQTextInputViewNotification-IQTextInputViewNotification' in project 'Pods'
        ➜ Implicit dependency on target 'IQKeyboardCore' in project 'Pods' via options '-framework IQKeyboardCore' in build setting 'OTHER_LDFLAGS'
    Target 'IQKeyboardToolbar' in project 'Pods'
        ➜ Explicit dependency on target 'IQKeyboardCore' in project 'Pods'
        ➜ Explicit dependency on target 'IQKeyboardToolbar-IQKeyboardToolbar' in project 'Pods'
    Target 'IQKeyboardToolbar-IQKeyboardToolbar' in project 'Pods'
        ➜ Implicit dependency on target 'IQKeyboardCore' in project 'Pods' via options '-framework IQKeyboardCore' in build setting 'OTHER_LDFLAGS'
    Target 'IQKeyboardReturnManager' in project 'Pods'
        ➜ Explicit dependency on target 'IQKeyboardCore' in project 'Pods'
        ➜ Explicit dependency on target 'IQKeyboardReturnManager-IQKeyboardReturnManager' in project 'Pods'
    Target 'IQKeyboardReturnManager-IQKeyboardReturnManager' in project 'Pods'
        ➜ Implicit dependency on target 'IQKeyboardCore' in project 'Pods' via options '-framework IQKeyboardCore' in build setting 'OTHER_LDFLAGS'
    Target 'IQKeyboardNotification' in project 'Pods'
        ➜ Explicit dependency on target 'IQKeyboardNotification-IQKeyboardNotification' in project 'Pods'
    Target 'IQKeyboardNotification-IQKeyboardNotification' in project 'Pods' (no dependencies)
    Target 'IQKeyboardCore' in project 'Pods'
        ➜ Explicit dependency on target 'IQKeyboardCore-IQKeyboardCore' in project 'Pods'
    Target 'IQKeyboardCore-IQKeyboardCore' in project 'Pods' (no dependencies)
    Target 'FFmpegKit' in project 'Pods'
        ➜ Explicit dependency on target 'Libass' in project 'Pods'
    Target 'Libass' in project 'Pods' (no dependencies)
    Target 'ESTabBarController-swift' in project 'Pods' (no dependencies)
    Target 'DisplayCriteria' in project 'Pods' (no dependencies)
    Target 'DZNEmptyDataSet' in project 'Pods' (no dependencies)
    Target 'Cache' in project 'Pods' (no dependencies)
    Target 'Alamofire' in project 'Pods'
        ➜ Explicit dependency on target 'Alamofire-Alamofire' in project 'Pods'
    Target 'Alamofire-Alamofire' in project 'Pods' (no dependencies)

GatherProvisioningInputs

CreateBuildDescription

ExecuteExternalTool /Applications/Xcode.app/Contents/Developer/Toolchains/XcodeDefault.xctoolchain/usr/bin/clang -v -E -dM -isysroot /Applications/Xcode.app/Contents/Developer/Platforms/iPhoneSimulator.platform/Developer/SDKs/iPhoneSimulator26.0.sdk -x c -c /dev/null

ExecuteExternalTool /Applications/Xcode.app/Contents/Developer/Toolchains/XcodeDefault.xctoolchain/usr/bin/clang -v -E -dM -arch arm64 -isysroot /Applications/Xcode.app/Contents/Developer/Platforms/iPhoneSimulator.platform/Developer/SDKs/iPhoneSimulator26.0.sdk -x c -c /dev/null

ExecuteExternalTool /Applications/Xcode.app/Contents/Developer/Toolchains/XcodeDefault.xctoolchain/usr/bin/clang -v -E -dM -arch arm64 -isysroot /Applications/Xcode.app/Contents/Developer/Platforms/iPhoneSimulator.platform/Developer/SDKs/iPhoneSimulator26.0.sdk -x objective-c -c /dev/null

ExecuteExternalTool /Applications/Xcode.app/Contents/Developer/Toolchains/XcodeDefault.xctoolchain/usr/bin/swiftc --version

ExecuteExternalTool /Applications/Xcode.app/Contents/Developer/Toolchains/XcodeDefault.xctoolchain/usr/bin/libtool -V

ExecuteExternalTool /Applications/Xcode.app/Contents/Developer/Toolchains/XcodeDefault.xctoolchain/usr/bin/ld -version_details

ExecuteExternalTool /Applications/Xcode.app/Contents/Developer/usr/bin/actool --version --output-format xml1

ExecuteExternalTool /Applications/Xcode.app/Contents/Developer/Toolchains/XcodeDefault.xctoolchain/usr/bin/clang -v -E -dM -arch x86_64 -isysroot /Applications/Xcode.app/Contents/Developer/Platforms/iPhoneSimulator.platform/Developer/SDKs/iPhoneSimulator26.0.sdk -x c -c /dev/null

ExecuteExternalTool /Applications/Xcode.app/Contents/Developer/Toolchains/XcodeDefault.xctoolchain/usr/bin/clang -v -E -dM -arch x86_64 -isysroot /Applications/Xcode.app/Contents/Developer/Platforms/iPhoneSimulator.platform/Developer/SDKs/iPhoneSimulator26.0.sdk -x objective-c -c /dev/null

ExecuteExternalTool /Applications/Xcode.app/Contents/Developer/usr/bin/ibtool --version --output-format xml1

ExecuteExternalTool /Applications/Xcode.app/Contents/Developer/usr/bin/actool --print-asset-tag-combinations --output-format xml1 /Users/zhouming/Desktop/falcon/falcon/Assets.xcassets

ReadFileContents /Applications/Xcode.app/Contents/Developer/Toolchains/XcodeDefault.xctoolchain/usr/share/docc/features.json

Build description signature: 9e0f66df55574df018407b782e8104d6
Build description path: /Users/zhouming/Library/Developer/Xcode/DerivedData/falcon-gsoilikaxsflzjexzrtqkcenvrbo/Build/Intermediates.noindex/XCBuildData/9e0f66df55574df018407b782e8104d6.xcbuilddata
ClangStatCache /Applications/Xcode.app/Contents/Developer/Toolchains/XcodeDefault.xctoolchain/usr/bin/clang-stat-cache /Applications/Xcode.app/Contents/Developer/Platforms/iPhoneSimulator.platform/Developer/SDKs/iPhoneSimulator26.0.sdk /Users/zhouming/Library/Developer/Xcode/DerivedData/SDKStatCaches.noindex/iphonesimulator26.0-23A339-3885c01c3e6b6a337905948deab2002e26257891a6c027eb51374368541b8346.sdkstatcache
    cd /Users/zhouming/Desktop/falcon
    /Applications/Xcode.app/Contents/Developer/Toolchains/XcodeDefault.xctoolchain/usr/bin/clang-stat-cache /Applications/Xcode.app/Contents/Developer/Platforms/iPhoneSimulator.platform/Developer/SDKs/iPhoneSimulator26.0.sdk -o /Users/zhouming/Library/Developer/Xcode/DerivedData/SDKStatCaches.noindex/iphonesimulator26.0-23A339-3885c01c3e6b6a337905948deab2002e26257891a6c027eb51374368541b8346.sdkstatcache

ProcessInfoPlistFile /Users/zhouming/Library/Developer/Xcode/DerivedData/falcon-gsoilikaxsflzjexzrtqkcenvrbo/Build/Products/Release-iphonesimulator/lottie-ios/LottiePrivacyInfo.bundle/Info.plist /Users/zhouming/Desktop/falcon/Pods/Target\ Support\ Files/lottie-ios/ResourceBundle-LottiePrivacyInfo-lottie-ios-Info.plist (in target 'lottie-ios-LottiePrivacyInfo' from project 'Pods')
    cd /Users/zhouming/Desktop/falcon/Pods
    builtin-infoPlistUtility /Users/zhouming/Desktop/falcon/Pods/Target\ Support\ Files/lottie-ios/ResourceBundle-LottiePrivacyInfo-lottie-ios-Info.plist -producttype com.apple.product-type.bundle -expandbuildsettings -format binary -platform iphonesimulator -o /Users/zhouming/Library/Developer/Xcode/DerivedData/falcon-gsoilikaxsflzjexzrtqkcenvrbo/Build/Products/Release-iphonesimulator/lottie-ios/LottiePrivacyInfo.bundle/Info.plist

ProcessInfoPlistFile /Users/zhouming/Library/Developer/Xcode/DerivedData/falcon-gsoilikaxsflzjexzrtqkcenvrbo/Build/Products/Release-iphonesimulator/ZLPhotoBrowser/ZLPhotoBrowser_Privacy.bundle/Info.plist /Users/zhouming/Desktop/falcon/Pods/Target\ Support\ Files/ZLPhotoBrowser/ResourceBundle-ZLPhotoBrowser_Privacy-ZLPhotoBrowser-Info.plist (in target 'ZLPhotoBrowser-ZLPhotoBrowser_Privacy' from project 'Pods')
    cd /Users/zhouming/Desktop/falcon/Pods
    builtin-infoPlistUtility /Users/zhouming/Desktop/falcon/Pods/Target\ Support\ Files/ZLPhotoBrowser/ResourceBundle-ZLPhotoBrowser_Privacy-ZLPhotoBrowser-Info.plist -producttype com.apple.product-type.bundle -expandbuildsettings -format binary -platform iphonesimulator -o /Users/zhouming/Library/Developer/Xcode/DerivedData/falcon-gsoilikaxsflzjexzrtqkcenvrbo/Build/Products/Release-iphonesimulator/ZLPhotoBrowser/ZLPhotoBrowser_Privacy.bundle/Info.plist

ProcessInfoPlistFile /Users/zhouming/Library/Developer/Xcode/DerivedData/falcon-gsoilikaxsflzjexzrtqkcenvrbo/Build/Products/Release-iphonesimulator/YYText/YYText.framework/Info.plist /Users/zhouming/Desktop/falcon/Pods/Target\ Support\ Files/YYText/YYText-Info.plist (in target 'YYText' from project 'Pods')
    cd /Users/zhouming/Desktop/falcon/Pods
    builtin-infoPlistUtility /Users/zhouming/Desktop/falcon/Pods/Target\ Support\ Files/YYText/YYText-Info.plist -producttype com.apple.product-type.framework -expandbuildsettings -format binary -platform iphonesimulator -o /Users/zhouming/Library/Developer/Xcode/DerivedData/falcon-gsoilikaxsflzjexzrtqkcenvrbo/Build/Products/Release-iphonesimulator/YYText/YYText.framework/Info.plist

ProcessInfoPlistFile /Users/zhouming/Library/Developer/Xcode/DerivedData/falcon-gsoilikaxsflzjexzrtqkcenvrbo/Build/Products/Release-iphonesimulator/YYCache/YYCache.framework/Info.plist /Users/zhouming/Desktop/falcon/Pods/Target\ Support\ Files/YYCache/YYCache-Info.plist (in target 'YYCache' from project 'Pods')
    cd /Users/zhouming/Desktop/falcon/Pods
    builtin-infoPlistUtility /Users/zhouming/Desktop/falcon/Pods/Target\ Support\ Files/YYCache/YYCache-Info.plist -producttype com.apple.product-type.framework -expandbuildsettings -format binary -platform iphonesimulator -o /Users/zhouming/Library/Developer/Xcode/DerivedData/falcon-gsoilikaxsflzjexzrtqkcenvrbo/Build/Products/Release-iphonesimulator/YYCache/YYCache.framework/Info.plist

ProcessInfoPlistFile /Users/zhouming/Library/Developer/Xcode/DerivedData/falcon-gsoilikaxsflzjexzrtqkcenvrbo/Build/Products/Release-iphonesimulator/YQKingfisher/YQKingfisher.framework/Info.plist /Users/zhouming/Desktop/falcon/Pods/Target\ Support\ Files/YQKingfisher/YQKingfisher-Info.plist (in target 'YQKingfisher' from project 'Pods')
    cd /Users/zhouming/Desktop/falcon/Pods
    builtin-infoPlistUtility /Users/zhouming/Desktop/falcon/Pods/Target\ Support\ Files/YQKingfisher/YQKingfisher-Info.plist -producttype com.apple.product-type.framework -expandbuildsettings -format binary -platform iphonesimulator -o /Users/zhouming/Library/Developer/Xcode/DerivedData/falcon-gsoilikaxsflzjexzrtqkcenvrbo/Build/Products/Release-iphonesimulator/YQKingfisher/YQKingfisher.framework/Info.plist

ProcessInfoPlistFile /Users/zhouming/Library/Developer/Xcode/DerivedData/falcon-gsoilikaxsflzjexzrtqkcenvrbo/Build/Products/Release-iphonesimulator/SnapKit/SnapKit_Privacy.bundle/Info.plist /Users/zhouming/Desktop/falcon/Pods/Target\ Support\ Files/SnapKit/ResourceBundle-SnapKit_Privacy-SnapKit-Info.plist (in target 'SnapKit-SnapKit_Privacy' from project 'Pods')
    cd /Users/zhouming/Desktop/falcon/Pods
    builtin-infoPlistUtility /Users/zhouming/Desktop/falcon/Pods/Target\ Support\ Files/SnapKit/ResourceBundle-SnapKit_Privacy-SnapKit-Info.plist -producttype com.apple.product-type.bundle -expandbuildsettings -format binary -platform iphonesimulator -o /Users/zhouming/Library/Developer/Xcode/DerivedData/falcon-gsoilikaxsflzjexzrtqkcenvrbo/Build/Products/Release-iphonesimulator/SnapKit/SnapKit_Privacy.bundle/Info.plist

ProcessInfoPlistFile /Users/zhouming/Library/Developer/Xcode/DerivedData/falcon-gsoilikaxsflzjexzrtqkcenvrbo/Build/Products/Release-iphonesimulator/Toast/Toast.bundle/Info.plist /Users/zhouming/Desktop/falcon/Pods/Target\ Support\ Files/Toast/ResourceBundle-Toast-Toast-Info.plist (in target 'Toast-Toast' from project 'Pods')
    cd /Users/zhouming/Desktop/falcon/Pods
    builtin-infoPlistUtility /Users/zhouming/Desktop/falcon/Pods/Target\ Support\ Files/Toast/ResourceBundle-Toast-Toast-Info.plist -producttype com.apple.product-type.bundle -expandbuildsettings -format binary -platform iphonesimulator -o /Users/zhouming/Library/Developer/Xcode/DerivedData/falcon-gsoilikaxsflzjexzrtqkcenvrbo/Build/Products/Release-iphonesimulator/Toast/Toast.bundle/Info.plist

ProcessInfoPlistFile /Users/zhouming/Library/Developer/Xcode/DerivedData/falcon-gsoilikaxsflzjexzrtqkcenvrbo/Build/Products/Release-iphonesimulator/MBProgressHUD/MBProgressHUD.framework/Info.plist /Users/zhouming/Desktop/falcon/Pods/Target\ Support\ Files/MBProgressHUD/MBProgressHUD-Info.plist (in target 'MBProgressHUD' from project 'Pods')
    cd /Users/zhouming/Desktop/falcon/Pods
    builtin-infoPlistUtility /Users/zhouming/Desktop/falcon/Pods/Target\ Support\ Files/MBProgressHUD/MBProgressHUD-Info.plist -producttype com.apple.product-type.framework -expandbuildsettings -format binary -platform iphonesimulator -o /Users/zhouming/Library/Developer/Xcode/DerivedData/falcon-gsoilikaxsflzjexzrtqkcenvrbo/Build/Products/Release-iphonesimulator/MBProgressHUD/MBProgressHUD.framework/Info.plist

ProcessInfoPlistFile /Users/zhouming/Library/Developer/Xcode/DerivedData/falcon-gsoilikaxsflzjexzrtqkcenvrbo/Build/Products/Release-iphonesimulator/ZLPhotoBrowser/ZLPhotoBrowser.framework/Info.plist /Users/zhouming/Desktop/falcon/Pods/Target\ Support\ Files/ZLPhotoBrowser/ZLPhotoBrowser-Info.plist (in target 'ZLPhotoBrowser' from project 'Pods')
    cd /Users/zhouming/Desktop/falcon/Pods
    builtin-infoPlistUtility /Users/zhouming/Desktop/falcon/Pods/Target\ Support\ Files/ZLPhotoBrowser/ZLPhotoBrowser-Info.plist -producttype com.apple.product-type.framework -expandbuildsettings -format binary -platform iphonesimulator -o /Users/zhouming/Library/Developer/Xcode/DerivedData/falcon-gsoilikaxsflzjexzrtqkcenvrbo/Build/Products/Release-iphonesimulator/ZLPhotoBrowser/ZLPhotoBrowser.framework/Info.plist

ProcessInfoPlistFile /Users/zhouming/Library/Developer/Xcode/DerivedData/falcon-gsoilikaxsflzjexzrtqkcenvrbo/Build/Products/Release-iphonesimulator/Kingfisher/Kingfisher.bundle/Info.plist /Users/zhouming/Desktop/falcon/Pods/Target\ Support\ Files/Kingfisher/ResourceBundle-Kingfisher-Kingfisher-Info.plist (in target 'Kingfisher-Kingfisher' from project 'Pods')
    cd /Users/zhouming/Desktop/falcon/Pods
    builtin-infoPlistUtility /Users/zhouming/Desktop/falcon/Pods/Target\ Support\ Files/Kingfisher/ResourceBundle-Kingfisher-Kingfisher-Info.plist -producttype com.apple.product-type.bundle -expandbuildsettings -format binary -platform iphonesimulator -o /Users/zhouming/Library/Developer/Xcode/DerivedData/falcon-gsoilikaxsflzjexzrtqkcenvrbo/Build/Products/Release-iphonesimulator/Kingfisher/Kingfisher.bundle/Info.plist

ProcessInfoPlistFile /Users/zhouming/Library/Developer/Xcode/DerivedData/falcon-gsoilikaxsflzjexzrtqkcenvrbo/Build/Products/Release-iphonesimulator/KSPlayer/KSPlayer_KSPlayer.bundle/Info.plist /Users/zhouming/Desktop/falcon/Pods/Target\ Support\ Files/KSPlayer/ResourceBundle-KSPlayer_KSPlayer-KSPlayer-Info.plist (in target 'KSPlayer-KSPlayer_KSPlayer' from project 'Pods')
    cd /Users/zhouming/Desktop/falcon/Pods
    builtin-infoPlistUtility /Users/zhouming/Desktop/falcon/Pods/Target\ Support\ Files/KSPlayer/ResourceBundle-KSPlayer_KSPlayer-KSPlayer-Info.plist -producttype com.apple.product-type.bundle -expandbuildsettings -format binary -platform iphonesimulator -o /Users/zhouming/Library/Developer/Xcode/DerivedData/falcon-gsoilikaxsflzjexzrtqkcenvrbo/Build/Products/Release-iphonesimulator/KSPlayer/KSPlayer_KSPlayer.bundle/Info.plist

ProcessInfoPlistFile /Users/zhouming/Library/Developer/Xcode/DerivedData/falcon-gsoilikaxsflzjexzrtqkcenvrbo/Build/Products/Release-iphonesimulator/JXSegmentedView/JXSegmentedView.bundle/Info.plist /Users/zhouming/Desktop/falcon/Pods/Target\ Support\ Files/JXSegmentedView/ResourceBundle-JXSegmentedView-JXSegmentedView-Info.plist (in target 'JXSegmentedView-JXSegmentedView' from project 'Pods')
    cd /Users/zhouming/Desktop/falcon/Pods
    builtin-infoPlistUtility /Users/zhouming/Desktop/falcon/Pods/Target\ Support\ Files/JXSegmentedView/ResourceBundle-JXSegmentedView-JXSegmentedView-Info.plist -producttype com.apple.product-type.bundle -expandbuildsettings -format binary -platform iphonesimulator -o /Users/zhouming/Library/Developer/Xcode/DerivedData/falcon-gsoilikaxsflzjexzrtqkcenvrbo/Build/Products/Release-iphonesimulator/JXSegmentedView/JXSegmentedView.bundle/Info.plist

ProcessInfoPlistFile /Users/zhouming/Library/Developer/Xcode/DerivedData/falcon-gsoilikaxsflzjexzrtqkcenvrbo/Build/Products/Release-iphonesimulator/JXPagingView/JXPagingView.bundle/Info.plist /Users/zhouming/Desktop/falcon/Pods/Target\ Support\ Files/JXPagingView/ResourceBundle-JXPagingView-JXPagingView-Info.plist (in target 'JXPagingView-JXPagingView' from project 'Pods')
    cd /Users/zhouming/Desktop/falcon/Pods
    builtin-infoPlistUtility /Users/zhouming/Desktop/falcon/Pods/Target\ Support\ Files/JXPagingView/ResourceBundle-JXPagingView-JXPagingView-Info.plist -producttype com.apple.product-type.bundle -expandbuildsettings -format binary -platform iphonesimulator -o /Users/zhouming/Library/Developer/Xcode/DerivedData/falcon-gsoilikaxsflzjexzrtqkcenvrbo/Build/Products/Release-iphonesimulator/JXPagingView/JXPagingView.bundle/Info.plist

ProcessInfoPlistFile /Users/zhouming/Library/Developer/Xcode/DerivedData/falcon-gsoilikaxsflzjexzrtqkcenvrbo/Build/Products/Release-iphonesimulator/IQKeyboardNotification/IQKeyboardNotification.bundle/Info.plist /Users/zhouming/Desktop/falcon/Pods/Target\ Support\ Files/IQKeyboardNotification/ResourceBundle-IQKeyboardNotification-IQKeyboardNotification-Info.plist (in target 'IQKeyboardNotification-IQKeyboardNotification' from project 'Pods')
    cd /Users/zhouming/Desktop/falcon/Pods
    builtin-infoPlistUtility /Users/zhouming/Desktop/falcon/Pods/Target\ Support\ Files/IQKeyboardNotification/ResourceBundle-IQKeyboardNotification-IQKeyboardNotification-Info.plist -producttype com.apple.product-type.bundle -expandbuildsettings -format binary -platform iphonesimulator -o /Users/zhouming/Library/Developer/Xcode/DerivedData/falcon-gsoilikaxsflzjexzrtqkcenvrbo/Build/Products/Release-iphonesimulator/IQKeyboardNotification/IQKeyboardNotification.bundle/Info.plist

ProcessInfoPlistFile /Users/zhouming/Library/Developer/Xcode/DerivedData/falcon-gsoilikaxsflzjexzrtqkcenvrbo/Build/Products/Release-iphonesimulator/lottie-ios/Lottie.framework/Info.plist /Users/zhouming/Desktop/falcon/Pods/Target\ Support\ Files/lottie-ios/lottie-ios-Info.plist (in target 'lottie-ios' from project 'Pods')
    cd /Users/zhouming/Desktop/falcon/Pods
    builtin-infoPlistUtility /Users/zhouming/Desktop/falcon/Pods/Target\ Support\ Files/lottie-ios/lottie-ios-Info.plist -producttype com.apple.product-type.framework -expandbuildsettings -format binary -platform iphonesimulator -o /Users/zhouming/Library/Developer/Xcode/DerivedData/falcon-gsoilikaxsflzjexzrtqkcenvrbo/Build/Products/Release-iphonesimulator/lottie-ios/Lottie.framework/Info.plist

ProcessInfoPlistFile /Users/zhouming/Library/Developer/Xcode/DerivedData/falcon-gsoilikaxsflzjexzrtqkcenvrbo/Build/Products/Release-iphonesimulator/SnapKit/SnapKit.framework/Info.plist /Users/zhouming/Desktop/falcon/Pods/Target\ Support\ Files/SnapKit/SnapKit-Info.plist (in target 'SnapKit' from project 'Pods')
    cd /Users/zhouming/Desktop/falcon/Pods
    builtin-infoPlistUtility /Users/zhouming/Desktop/falcon/Pods/Target\ Support\ Files/SnapKit/SnapKit-Info.plist -producttype com.apple.product-type.framework -expandbuildsettings -format binary -platform iphonesimulator -o /Users/zhouming/Library/Developer/Xcode/DerivedData/falcon-gsoilikaxsflzjexzrtqkcenvrbo/Build/Products/Release-iphonesimulator/SnapKit/SnapKit.framework/Info.plist

ProcessInfoPlistFile /Users/zhouming/Library/Developer/Xcode/DerivedData/falcon-gsoilikaxsflzjexzrtqkcenvrbo/Build/Products/Release-iphonesimulator/IQKeyboardCore/IQKeyboardCore.bundle/Info.plist /Users/zhouming/Desktop/falcon/Pods/Target\ Support\ Files/IQKeyboardCore/ResourceBundle-IQKeyboardCore-IQKeyboardCore-Info.plist (in target 'IQKeyboardCore-IQKeyboardCore' from project 'Pods')
    cd /Users/zhouming/Desktop/falcon/Pods
    builtin-infoPlistUtility /Users/zhouming/Desktop/falcon/Pods/Target\ Support\ Files/IQKeyboardCore/ResourceBundle-IQKeyboardCore-IQKeyboardCore-Info.plist -producttype com.apple.product-type.bundle -expandbuildsettings -format binary -platform iphonesimulator -o /Users/zhouming/Library/Developer/Xcode/DerivedData/falcon-gsoilikaxsflzjexzrtqkcenvrbo/Build/Products/Release-iphonesimulator/IQKeyboardCore/IQKeyboardCore.bundle/Info.plist

ProcessInfoPlistFile /Users/zhouming/Library/Developer/Xcode/DerivedData/falcon-gsoilikaxsflzjexzrtqkcenvrbo/Build/Products/Release-iphonesimulator/FFmpegKit/FFmpegKit.framework/Info.plist /Users/zhouming/Desktop/falcon/Pods/Target\ Support\ Files/FFmpegKit/FFmpegKit-Info.plist (in target 'FFmpegKit' from project 'Pods')
    cd /Users/zhouming/Desktop/falcon/Pods
    builtin-infoPlistUtility /Users/zhouming/Desktop/falcon/Pods/Target\ Support\ Files/FFmpegKit/FFmpegKit-Info.plist -producttype com.apple.product-type.framework -expandbuildsettings -format binary -platform iphonesimulator -o /Users/zhouming/Library/Developer/Xcode/DerivedData/falcon-gsoilikaxsflzjexzrtqkcenvrbo/Build/Products/Release-iphonesimulator/FFmpegKit/FFmpegKit.framework/Info.plist

ProcessInfoPlistFile /Users/zhouming/Library/Developer/Xcode/DerivedData/falcon-gsoilikaxsflzjexzrtqkcenvrbo/Build/Products/Release-iphonesimulator/ESTabBarController-swift/ESTabBarController_swift.framework/Info.plist /Users/zhouming/Desktop/falcon/Pods/Target\ Support\ Files/ESTabBarController-swift/ESTabBarController-swift-Info.plist (in target 'ESTabBarController-swift' from project 'Pods')
    cd /Users/zhouming/Desktop/falcon/Pods
    builtin-infoPlistUtility /Users/zhouming/Desktop/falcon/Pods/Target\ Support\ Files/ESTabBarController-swift/ESTabBarController-swift-Info.plist -producttype com.apple.product-type.framework -expandbuildsettings -format binary -platform iphonesimulator -o /Users/zhouming/Library/Developer/Xcode/DerivedData/falcon-gsoilikaxsflzjexzrtqkcenvrbo/Build/Products/Release-iphonesimulator/ESTabBarController-swift/ESTabBarController_swift.framework/Info.plist

ProcessInfoPlistFile /Users/zhouming/Library/Developer/Xcode/DerivedData/falcon-gsoilikaxsflzjexzrtqkcenvrbo/Build/Products/Release-iphonesimulator/DisplayCriteria/DisplayCriteria.framework/Info.plist /Users/zhouming/Desktop/falcon/Pods/Target\ Support\ Files/DisplayCriteria/DisplayCriteria-Info.plist (in target 'DisplayCriteria' from project 'Pods')
    cd /Users/zhouming/Desktop/falcon/Pods
    builtin-infoPlistUtility /Users/zhouming/Desktop/falcon/Pods/Target\ Support\ Files/DisplayCriteria/DisplayCriteria-Info.plist -producttype com.apple.product-type.framework -expandbuildsettings -format binary -platform iphonesimulator -o /Users/zhouming/Library/Developer/Xcode/DerivedData/falcon-gsoilikaxsflzjexzrtqkcenvrbo/Build/Products/Release-iphonesimulator/DisplayCriteria/DisplayCriteria.framework/Info.plist

ProcessInfoPlistFile /Users/zhouming/Library/Developer/Xcode/DerivedData/falcon-gsoilikaxsflzjexzrtqkcenvrbo/Build/Products/Release-iphonesimulator/IQKeyboardNotification/IQKeyboardNotification.framework/Info.plist /Users/zhouming/Desktop/falcon/Pods/Target\ Support\ Files/IQKeyboardNotification/IQKeyboardNotification-Info.plist (in target 'IQKeyboardNotification' from project 'Pods')
    cd /Users/zhouming/Desktop/falcon/Pods
    builtin-infoPlistUtility /Users/zhouming/Desktop/falcon/Pods/Target\ Support\ Files/IQKeyboardNotification/IQKeyboardNotification-Info.plist -producttype com.apple.product-type.framework -expandbuildsettings -format binary -platform iphonesimulator -o /Users/zhouming/Library/Developer/Xcode/DerivedData/falcon-gsoilikaxsflzjexzrtqkcenvrbo/Build/Products/Release-iphonesimulator/IQKeyboardNotification/IQKeyboardNotification.framework/Info.plist

ProcessInfoPlistFile /Users/zhouming/Library/Developer/Xcode/DerivedData/falcon-gsoilikaxsflzjexzrtqkcenvrbo/Build/Products/Release-iphonesimulator/DZNEmptyDataSet/DZNEmptyDataSet.framework/Info.plist /Users/zhouming/Desktop/falcon/Pods/Target\ Support\ Files/DZNEmptyDataSet/DZNEmptyDataSet-Info.plist (in target 'DZNEmptyDataSet' from project 'Pods')
    cd /Users/zhouming/Desktop/falcon/Pods
    builtin-infoPlistUtility /Users/zhouming/Desktop/falcon/Pods/Target\ Support\ Files/DZNEmptyDataSet/DZNEmptyDataSet-Info.plist -producttype com.apple.product-type.framework -expandbuildsettings -format binary -platform iphonesimulator -o /Users/zhouming/Library/Developer/Xcode/DerivedData/falcon-gsoilikaxsflzjexzrtqkcenvrbo/Build/Products/Release-iphonesimulator/DZNEmptyDataSet/DZNEmptyDataSet.framework/Info.plist

ProcessInfoPlistFile /Users/zhouming/Library/Developer/Xcode/DerivedData/falcon-gsoilikaxsflzjexzrtqkcenvrbo/Build/Products/Release-iphonesimulator/Cache/Cache.framework/Info.plist /Users/zhouming/Desktop/falcon/Pods/Target\ Support\ Files/Cache/Cache-Info.plist (in target 'Cache' from project 'Pods')
    cd /Users/zhouming/Desktop/falcon/Pods
    builtin-infoPlistUtility /Users/zhouming/Desktop/falcon/Pods/Target\ Support\ Files/Cache/Cache-Info.plist -producttype com.apple.product-type.framework -expandbuildsettings -format binary -platform iphonesimulator -o /Users/zhouming/Library/Developer/Xcode/DerivedData/falcon-gsoilikaxsflzjexzrtqkcenvrbo/Build/Products/Release-iphonesimulator/Cache/Cache.framework/Info.plist

ProcessInfoPlistFile /Users/zhouming/Library/Developer/Xcode/DerivedData/falcon-gsoilikaxsflzjexzrtqkcenvrbo/Build/Products/Release-iphonesimulator/Alamofire/Alamofire.bundle/Info.plist /Users/zhouming/Desktop/falcon/Pods/Target\ Support\ Files/Alamofire/ResourceBundle-Alamofire-Alamofire-Info.plist (in target 'Alamofire-Alamofire' from project 'Pods')
    cd /Users/zhouming/Desktop/falcon/Pods
    builtin-infoPlistUtility /Users/zhouming/Desktop/falcon/Pods/Target\ Support\ Files/Alamofire/ResourceBundle-Alamofire-Alamofire-Info.plist -producttype com.apple.product-type.bundle -expandbuildsettings -format binary -platform iphonesimulator -o /Users/zhouming/Library/Developer/Xcode/DerivedData/falcon-gsoilikaxsflzjexzrtqkcenvrbo/Build/Products/Release-iphonesimulator/Alamofire/Alamofire.bundle/Info.plist

ProcessInfoPlistFile /Users/zhouming/Library/Developer/Xcode/DerivedData/falcon-gsoilikaxsflzjexzrtqkcenvrbo/Build/Products/Release-iphonesimulator/Toast/Toast.framework/Info.plist /Users/zhouming/Desktop/falcon/Pods/Target\ Support\ Files/Toast/Toast-Info.plist (in target 'Toast' from project 'Pods')
    cd /Users/zhouming/Desktop/falcon/Pods
    builtin-infoPlistUtility /Users/zhouming/Desktop/falcon/Pods/Target\ Support\ Files/Toast/Toast-Info.plist -producttype com.apple.product-type.framework -expandbuildsettings -format binary -platform iphonesimulator -o /Users/zhouming/Library/Developer/Xcode/DerivedData/falcon-gsoilikaxsflzjexzrtqkcenvrbo/Build/Products/Release-iphonesimulator/Toast/Toast.framework/Info.plist

ProcessInfoPlistFile /Users/zhouming/Library/Developer/Xcode/DerivedData/falcon-gsoilikaxsflzjexzrtqkcenvrbo/Build/Products/Release-iphonesimulator/JXSegmentedView/JXSegmentedView.framework/Info.plist /Users/zhouming/Desktop/falcon/Pods/Target\ Support\ Files/JXSegmentedView/JXSegmentedView-Info.plist (in target 'JXSegmentedView' from project 'Pods')
    cd /Users/zhouming/Desktop/falcon/Pods
    builtin-infoPlistUtility /Users/zhouming/Desktop/falcon/Pods/Target\ Support\ Files/JXSegmentedView/JXSegmentedView-Info.plist -producttype com.apple.product-type.framework -expandbuildsettings -format binary -platform iphonesimulator -o /Users/zhouming/Library/Developer/Xcode/DerivedData/falcon-gsoilikaxsflzjexzrtqkcenvrbo/Build/Products/Release-iphonesimulator/JXSegmentedView/JXSegmentedView.framework/Info.plist

ProcessInfoPlistFile /Users/zhouming/Library/Developer/Xcode/DerivedData/falcon-gsoilikaxsflzjexzrtqkcenvrbo/Build/Products/Release-iphonesimulator/JXPagingView/JXPagingView.framework/Info.plist /Users/zhouming/Desktop/falcon/Pods/Target\ Support\ Files/JXPagingView/JXPagingView-Info.plist (in target 'JXPagingView' from project 'Pods')
    cd /Users/zhouming/Desktop/falcon/Pods
    builtin-infoPlistUtility /Users/zhouming/Desktop/falcon/Pods/Target\ Support\ Files/JXPagingView/JXPagingView-Info.plist -producttype com.apple.product-type.framework -expandbuildsettings -format binary -platform iphonesimulator -o /Users/zhouming/Library/Developer/Xcode/DerivedData/falcon-gsoilikaxsflzjexzrtqkcenvrbo/Build/Products/Release-iphonesimulator/JXPagingView/JXPagingView.framework/Info.plist

ProcessInfoPlistFile /Users/zhouming/Library/Developer/Xcode/DerivedData/falcon-gsoilikaxsflzjexzrtqkcenvrbo/Build/Products/Release-iphonesimulator/KSPlayer/KSPlayer.framework/Info.plist /Users/zhouming/Desktop/falcon/Pods/Target\ Support\ Files/KSPlayer/KSPlayer-Info.plist (in target 'KSPlayer' from project 'Pods')
    cd /Users/zhouming/Desktop/falcon/Pods
    builtin-infoPlistUtility /Users/zhouming/Desktop/falcon/Pods/Target\ Support\ Files/KSPlayer/KSPlayer-Info.plist -producttype com.apple.product-type.framework -expandbuildsettings -format binary -platform iphonesimulator -o /Users/zhouming/Library/Developer/Xcode/DerivedData/falcon-gsoilikaxsflzjexzrtqkcenvrbo/Build/Products/Release-iphonesimulator/KSPlayer/KSPlayer.framework/Info.plist

ProcessInfoPlistFile /Users/zhouming/Library/Developer/Xcode/DerivedData/falcon-gsoilikaxsflzjexzrtqkcenvrbo/Build/Products/Release-iphonesimulator/Kingfisher/Kingfisher.framework/Info.plist /Users/zhouming/Desktop/falcon/Pods/Target\ Support\ Files/Kingfisher/Kingfisher-Info.plist (in target 'Kingfisher' from project 'Pods')
    cd /Users/zhouming/Desktop/falcon/Pods
    builtin-infoPlistUtility /Users/zhouming/Desktop/falcon/Pods/Target\ Support\ Files/Kingfisher/Kingfisher-Info.plist -producttype com.apple.product-type.framework -expandbuildsettings -format binary -platform iphonesimulator -o /Users/zhouming/Library/Developer/Xcode/DerivedData/falcon-gsoilikaxsflzjexzrtqkcenvrbo/Build/Products/Release-iphonesimulator/Kingfisher/Kingfisher.framework/Info.plist

ProcessInfoPlistFile /Users/zhouming/Library/Developer/Xcode/DerivedData/falcon-gsoilikaxsflzjexzrtqkcenvrbo/Build/Products/Release-iphonesimulator/IQKeyboardCore/IQKeyboardCore.framework/Info.plist /Users/zhouming/Desktop/falcon/Pods/Target\ Support\ Files/IQKeyboardCore/IQKeyboardCore-Info.plist (in target 'IQKeyboardCore' from project 'Pods')
    cd /Users/zhouming/Desktop/falcon/Pods
    builtin-infoPlistUtility /Users/zhouming/Desktop/falcon/Pods/Target\ Support\ Files/IQKeyboardCore/IQKeyboardCore-Info.plist -producttype com.apple.product-type.framework -expandbuildsettings -format binary -platform iphonesimulator -o /Users/zhouming/Library/Developer/Xcode/DerivedData/falcon-gsoilikaxsflzjexzrtqkcenvrbo/Build/Products/Release-iphonesimulator/IQKeyboardCore/IQKeyboardCore.framework/Info.plist

ProcessInfoPlistFile /Users/zhouming/Library/Developer/Xcode/DerivedData/falcon-gsoilikaxsflzjexzrtqkcenvrbo/Build/Products/Release-iphonesimulator/Alamofire/Alamofire.framework/Info.plist /Users/zhouming/Desktop/falcon/Pods/Target\ Support\ Files/Alamofire/Alamofire-Info.plist (in target 'Alamofire' from project 'Pods')
    cd /Users/zhouming/Desktop/falcon/Pods
    builtin-infoPlistUtility /Users/zhouming/Desktop/falcon/Pods/Target\ Support\ Files/Alamofire/Alamofire-Info.plist -producttype com.apple.product-type.framework -expandbuildsettings -format binary -platform iphonesimulator -o /Users/zhouming/Library/Developer/Xcode/DerivedData/falcon-gsoilikaxsflzjexzrtqkcenvrbo/Build/Products/Release-iphonesimulator/Alamofire/Alamofire.framework/Info.plist

ProcessInfoPlistFile /Users/zhouming/Library/Developer/Xcode/DerivedData/falcon-gsoilikaxsflzjexzrtqkcenvrbo/Build/Products/Release-iphonesimulator/YQPhotoBrowser/YQPhotoBrowser.bundle/Info.plist /Users/zhouming/Desktop/falcon/Pods/Target\ Support\ Files/YQPhotoBrowser/ResourceBundle-YQPhotoBrowser-YQPhotoBrowser-Info.plist (in target 'YQPhotoBrowser-YQPhotoBrowser' from project 'Pods')
    cd /Users/zhouming/Desktop/falcon/Pods
    builtin-infoPlistUtility /Users/zhouming/Desktop/falcon/Pods/Target\ Support\ Files/YQPhotoBrowser/ResourceBundle-YQPhotoBrowser-YQPhotoBrowser-Info.plist -producttype com.apple.product-type.bundle -expandbuildsettings -format binary -platform iphonesimulator -additionalcontentfile /Users/zhouming/Library/Developer/Xcode/DerivedData/falcon-gsoilikaxsflzjexzrtqkcenvrbo/Build/Intermediates.noindex/Pods.build/Release-iphonesimulator/YQPhotoBrowser-YQPhotoBrowser.build/assetcatalog_generated_info.plist -o /Users/zhouming/Library/Developer/Xcode/DerivedData/falcon-gsoilikaxsflzjexzrtqkcenvrbo/Build/Products/Release-iphonesimulator/YQPhotoBrowser/YQPhotoBrowser.bundle/Info.plist

ProcessInfoPlistFile /Users/zhouming/Library/Developer/Xcode/DerivedData/falcon-gsoilikaxsflzjexzrtqkcenvrbo/Build/Products/Release-iphonesimulator/IQTextInputViewNotification/IQTextInputViewNotification.bundle/Info.plist /Users/zhouming/Desktop/falcon/Pods/Target\ Support\ Files/IQTextInputViewNotification/ResourceBundle-IQTextInputViewNotification-IQTextInputViewNotification-Info.plist (in target 'IQTextInputViewNotification-IQTextInputViewNotification' from project 'Pods')
    cd /Users/zhouming/Desktop/falcon/Pods
    builtin-infoPlistUtility /Users/zhouming/Desktop/falcon/Pods/Target\ Support\ Files/IQTextInputViewNotification/ResourceBundle-IQTextInputViewNotification-IQTextInputViewNotification-Info.plist -producttype com.apple.product-type.bundle -expandbuildsettings -format binary -platform iphonesimulator -o /Users/zhouming/Library/Developer/Xcode/DerivedData/falcon-gsoilikaxsflzjexzrtqkcenvrbo/Build/Products/Release-iphonesimulator/IQTextInputViewNotification/IQTextInputViewNotification.bundle/Info.plist

ProcessInfoPlistFile /Users/zhouming/Library/Developer/Xcode/DerivedData/falcon-gsoilikaxsflzjexzrtqkcenvrbo/Build/Products/Release-iphonesimulator/IQKeyboardToolbar/IQKeyboardToolbar.bundle/Info.plist /Users/zhouming/Desktop/falcon/Pods/Target\ Support\ Files/IQKeyboardToolbar/ResourceBundle-IQKeyboardToolbar-IQKeyboardToolbar-Info.plist (in target 'IQKeyboardToolbar-IQKeyboardToolbar' from project 'Pods')
    cd /Users/zhouming/Desktop/falcon/Pods
    builtin-infoPlistUtility /Users/zhouming/Desktop/falcon/Pods/Target\ Support\ Files/IQKeyboardToolbar/ResourceBundle-IQKeyboardToolbar-IQKeyboardToolbar-Info.plist -producttype com.apple.product-type.bundle -expandbuildsettings -format binary -platform iphonesimulator -o /Users/zhouming/Library/Developer/Xcode/DerivedData/falcon-gsoilikaxsflzjexzrtqkcenvrbo/Build/Products/Release-iphonesimulator/IQKeyboardToolbar/IQKeyboardToolbar.bundle/Info.plist

ProcessInfoPlistFile /Users/zhouming/Library/Developer/Xcode/DerivedData/falcon-gsoilikaxsflzjexzrtqkcenvrbo/Build/Products/Release-iphonesimulator/IQKeyboardReturnManager/IQKeyboardReturnManager.bundle/Info.plist /Users/zhouming/Desktop/falcon/Pods/Target\ Support\ Files/IQKeyboardReturnManager/ResourceBundle-IQKeyboardReturnManager-IQKeyboardReturnManager-Info.plist (in target 'IQKeyboardReturnManager-IQKeyboardReturnManager' from project 'Pods')
    cd /Users/zhouming/Desktop/falcon/Pods
    builtin-infoPlistUtility /Users/zhouming/Desktop/falcon/Pods/Target\ Support\ Files/IQKeyboardReturnManager/ResourceBundle-IQKeyboardReturnManager-IQKeyboardReturnManager-Info.plist -producttype com.apple.product-type.bundle -expandbuildsettings -format binary -platform iphonesimulator -o /Users/zhouming/Library/Developer/Xcode/DerivedData/falcon-gsoilikaxsflzjexzrtqkcenvrbo/Build/Products/Release-iphonesimulator/IQKeyboardReturnManager/IQKeyboardReturnManager.bundle/Info.plist

ProcessInfoPlistFile /Users/zhouming/Library/Developer/Xcode/DerivedData/falcon-gsoilikaxsflzjexzrtqkcenvrbo/Build/Products/Release-iphonesimulator/YQPhotoBrowser/YQPhotoBrowser.framework/Info.plist /Users/zhouming/Desktop/falcon/Pods/Target\ Support\ Files/YQPhotoBrowser/YQPhotoBrowser-Info.plist (in target 'YQPhotoBrowser' from project 'Pods')
    cd /Users/zhouming/Desktop/falcon/Pods
    builtin-infoPlistUtility /Users/zhouming/Desktop/falcon/Pods/Target\ Support\ Files/YQPhotoBrowser/YQPhotoBrowser-Info.plist -producttype com.apple.product-type.framework -expandbuildsettings -format binary -platform iphonesimulator -o /Users/zhouming/Library/Developer/Xcode/DerivedData/falcon-gsoilikaxsflzjexzrtqkcenvrbo/Build/Products/Release-iphonesimulator/YQPhotoBrowser/YQPhotoBrowser.framework/Info.plist

ProcessInfoPlistFile /Users/zhouming/Library/Developer/Xcode/DerivedData/falcon-gsoilikaxsflzjexzrtqkcenvrbo/Build/Products/Release-iphonesimulator/IQKeyboardToolbar/IQKeyboardToolbar.framework/Info.plist /Users/zhouming/Desktop/falcon/Pods/Target\ Support\ Files/IQKeyboardToolbar/IQKeyboardToolbar-Info.plist (in target 'IQKeyboardToolbar' from project 'Pods')
    cd /Users/zhouming/Desktop/falcon/Pods
    builtin-infoPlistUtility /Users/zhouming/Desktop/falcon/Pods/Target\ Support\ Files/IQKeyboardToolbar/IQKeyboardToolbar-Info.plist -producttype com.apple.product-type.framework -expandbuildsettings -format binary -platform iphonesimulator -o /Users/zhouming/Library/Developer/Xcode/DerivedData/falcon-gsoilikaxsflzjexzrtqkcenvrbo/Build/Products/Release-iphonesimulator/IQKeyboardToolbar/IQKeyboardToolbar.framework/Info.plist

ProcessInfoPlistFile /Users/zhouming/Library/Developer/Xcode/DerivedData/falcon-gsoilikaxsflzjexzrtqkcenvrbo/Build/Products/Release-iphonesimulator/IQTextInputViewNotification/IQTextInputViewNotification.framework/Info.plist /Users/zhouming/Desktop/falcon/Pods/Target\ Support\ Files/IQTextInputViewNotification/IQTextInputViewNotification-Info.plist (in target 'IQTextInputViewNotification' from project 'Pods')
    cd /Users/zhouming/Desktop/falcon/Pods
    builtin-infoPlistUtility /Users/zhouming/Desktop/falcon/Pods/Target\ Support\ Files/IQTextInputViewNotification/IQTextInputViewNotification-Info.plist -producttype com.apple.product-type.framework -expandbuildsettings -format binary -platform iphonesimulator -o /Users/zhouming/Library/Developer/Xcode/DerivedData/falcon-gsoilikaxsflzjexzrtqkcenvrbo/Build/Products/Release-iphonesimulator/IQTextInputViewNotification/IQTextInputViewNotification.framework/Info.plist

ProcessInfoPlistFile /Users/zhouming/Library/Developer/Xcode/DerivedData/falcon-gsoilikaxsflzjexzrtqkcenvrbo/Build/Products/Release-iphonesimulator/IQKeyboardReturnManager/IQKeyboardReturnManager.framework/Info.plist /Users/zhouming/Desktop/falcon/Pods/Target\ Support\ Files/IQKeyboardReturnManager/IQKeyboardReturnManager-Info.plist (in target 'IQKeyboardReturnManager' from project 'Pods')
    cd /Users/zhouming/Desktop/falcon/Pods
    builtin-infoPlistUtility /Users/zhouming/Desktop/falcon/Pods/Target\ Support\ Files/IQKeyboardReturnManager/IQKeyboardReturnManager-Info.plist -producttype com.apple.product-type.framework -expandbuildsettings -format binary -platform iphonesimulator -o /Users/zhouming/Library/Developer/Xcode/DerivedData/falcon-gsoilikaxsflzjexzrtqkcenvrbo/Build/Products/Release-iphonesimulator/IQKeyboardReturnManager/IQKeyboardReturnManager.framework/Info.plist

ProcessInfoPlistFile /Users/zhouming/Library/Developer/Xcode/DerivedData/falcon-gsoilikaxsflzjexzrtqkcenvrbo/Build/Products/Release-iphonesimulator/IQTextView/IQTextView.bundle/Info.plist /Users/zhouming/Desktop/falcon/Pods/Target\ Support\ Files/IQTextView/ResourceBundle-IQTextView-IQTextView-Info.plist (in target 'IQTextView-IQTextView' from project 'Pods')
    cd /Users/zhouming/Desktop/falcon/Pods
    builtin-infoPlistUtility /Users/zhouming/Desktop/falcon/Pods/Target\ Support\ Files/IQTextView/ResourceBundle-IQTextView-IQTextView-Info.plist -producttype com.apple.product-type.bundle -expandbuildsettings -format binary -platform iphonesimulator -o /Users/zhouming/Library/Developer/Xcode/DerivedData/falcon-gsoilikaxsflzjexzrtqkcenvrbo/Build/Products/Release-iphonesimulator/IQTextView/IQTextView.bundle/Info.plist

ProcessInfoPlistFile /Users/zhouming/Library/Developer/Xcode/DerivedData/falcon-gsoilikaxsflzjexzrtqkcenvrbo/Build/Products/Release-iphonesimulator/IQKeyboardToolbarManager/IQKeyboardToolbarManager.bundle/Info.plist /Users/zhouming/Desktop/falcon/Pods/Target\ Support\ Files/IQKeyboardToolbarManager/ResourceBundle-IQKeyboardToolbarManager-IQKeyboardToolbarManager-Info.plist (in target 'IQKeyboardToolbarManager-IQKeyboardToolbarManager' from project 'Pods')
    cd /Users/zhouming/Desktop/falcon/Pods
    builtin-infoPlistUtility /Users/zhouming/Desktop/falcon/Pods/Target\ Support\ Files/IQKeyboardToolbarManager/ResourceBundle-IQKeyboardToolbarManager-IQKeyboardToolbarManager-Info.plist -producttype com.apple.product-type.bundle -expandbuildsettings -format binary -platform iphonesimulator -o /Users/zhouming/Library/Developer/Xcode/DerivedData/falcon-gsoilikaxsflzjexzrtqkcenvrbo/Build/Products/Release-iphonesimulator/IQKeyboardToolbarManager/IQKeyboardToolbarManager.bundle/Info.plist

ProcessInfoPlistFile /Users/zhouming/Library/Developer/Xcode/DerivedData/falcon-gsoilikaxsflzjexzrtqkcenvrbo/Build/Products/Release-iphonesimulator/IQKeyboardToolbarManager/IQKeyboardToolbarManager.framework/Info.plist /Users/zhouming/Desktop/falcon/Pods/Target\ Support\ Files/IQKeyboardToolbarManager/IQKeyboardToolbarManager-Info.plist (in target 'IQKeyboardToolbarManager' from project 'Pods')
    cd /Users/zhouming/Desktop/falcon/Pods
    builtin-infoPlistUtility /Users/zhouming/Desktop/falcon/Pods/Target\ Support\ Files/IQKeyboardToolbarManager/IQKeyboardToolbarManager-Info.plist -producttype com.apple.product-type.framework -expandbuildsettings -format binary -platform iphonesimulator -o /Users/zhouming/Library/Developer/Xcode/DerivedData/falcon-gsoilikaxsflzjexzrtqkcenvrbo/Build/Products/Release-iphonesimulator/IQKeyboardToolbarManager/IQKeyboardToolbarManager.framework/Info.plist

ProcessInfoPlistFile /Users/zhouming/Library/Developer/Xcode/DerivedData/falcon-gsoilikaxsflzjexzrtqkcenvrbo/Build/Products/Release-iphonesimulator/IQTextView/IQTextView.framework/Info.plist /Users/zhouming/Desktop/falcon/Pods/Target\ Support\ Files/IQTextView/IQTextView-Info.plist (in target 'IQTextView' from project 'Pods')
    cd /Users/zhouming/Desktop/falcon/Pods
    builtin-infoPlistUtility /Users/zhouming/Desktop/falcon/Pods/Target\ Support\ Files/IQTextView/IQTextView-Info.plist -producttype com.apple.product-type.framework -expandbuildsettings -format binary -platform iphonesimulator -o /Users/zhouming/Library/Developer/Xcode/DerivedData/falcon-gsoilikaxsflzjexzrtqkcenvrbo/Build/Products/Release-iphonesimulator/IQTextView/IQTextView.framework/Info.plist

ProcessInfoPlistFile /Users/zhouming/Library/Developer/Xcode/DerivedData/falcon-gsoilikaxsflzjexzrtqkcenvrbo/Build/Products/Release-iphonesimulator/IQKeyboardManagerSwift/IQKeyboardManagerSwift.bundle/Info.plist /Users/zhouming/Desktop/falcon/Pods/Target\ Support\ Files/IQKeyboardManagerSwift/ResourceBundle-IQKeyboardManagerSwift-IQKeyboardManagerSwift-Info.plist (in target 'IQKeyboardManagerSwift-IQKeyboardManagerSwift' from project 'Pods')
    cd /Users/zhouming/Desktop/falcon/Pods
    builtin-infoPlistUtility /Users/zhouming/Desktop/falcon/Pods/Target\ Support\ Files/IQKeyboardManagerSwift/ResourceBundle-IQKeyboardManagerSwift-IQKeyboardManagerSwift-Info.plist -producttype com.apple.product-type.bundle -expandbuildsettings -format binary -platform iphonesimulator -o /Users/zhouming/Library/Developer/Xcode/DerivedData/falcon-gsoilikaxsflzjexzrtqkcenvrbo/Build/Products/Release-iphonesimulator/IQKeyboardManagerSwift/IQKeyboardManagerSwift.bundle/Info.plist

ProcessInfoPlistFile /Users/zhouming/Library/Developer/Xcode/DerivedData/falcon-gsoilikaxsflzjexzrtqkcenvrbo/Build/Products/Release-iphonesimulator/IQKeyboardManagerSwift/IQKeyboardManagerSwift.framework/Info.plist /Users/zhouming/Desktop/falcon/Pods/Target\ Support\ Files/IQKeyboardManagerSwift/IQKeyboardManagerSwift-Info.plist (in target 'IQKeyboardManagerSwift' from project 'Pods')
    cd /Users/zhouming/Desktop/falcon/Pods
    builtin-infoPlistUtility /Users/zhouming/Desktop/falcon/Pods/Target\ Support\ Files/IQKeyboardManagerSwift/IQKeyboardManagerSwift-Info.plist -producttype com.apple.product-type.framework -expandbuildsettings -format binary -platform iphonesimulator -o /Users/zhouming/Library/Developer/Xcode/DerivedData/falcon-gsoilikaxsflzjexzrtqkcenvrbo/Build/Products/Release-iphonesimulator/IQKeyboardManagerSwift/IQKeyboardManagerSwift.framework/Info.plist

ProcessInfoPlistFile /Users/zhouming/Library/Developer/Xcode/DerivedData/falcon-gsoilikaxsflzjexzrtqkcenvrbo/Build/Products/Release-iphonesimulator/Pods_falcon.framework/Info.plist /Users/zhouming/Desktop/falcon/Pods/Target\ Support\ Files/Pods-falcon/Pods-falcon-Info.plist (in target 'Pods-falcon' from project 'Pods')
    cd /Users/zhouming/Desktop/falcon/Pods
    builtin-infoPlistUtility /Users/zhouming/Desktop/falcon/Pods/Target\ Support\ Files/Pods-falcon/Pods-falcon-Info.plist -producttype com.apple.product-type.framework -expandbuildsettings -format binary -platform iphonesimulator -o /Users/zhouming/Library/Developer/Xcode/DerivedData/falcon-gsoilikaxsflzjexzrtqkcenvrbo/Build/Products/Release-iphonesimulator/Pods_falcon.framework/Info.plist

SwiftDriver falcon normal arm64 com.apple.xcode.tools.swift.compiler (in target 'falcon' from project 'falcon')
    cd /Users/zhouming/Desktop/falcon
    builtin-SwiftDriver -- /Applications/Xcode.app/Contents/Developer/Toolchains/XcodeDefault.xctoolchain/usr/bin/swiftc -module-name falcon -O -whole-module-optimization -enforce-exclusivity\=checked @/Users/zhouming/Library/Developer/Xcode/DerivedData/falcon-gsoilikaxsflzjexzrtqkcenvrbo/Build/Intermediates.noindex/falcon.build/Release-iphonesimulator/falcon.build/Objects-normal/arm64/falcon.SwiftFileList -D COCOAPODS -default-isolation\=MainActor -enable-bare-slash-regex -enable-upcoming-feature DisableOutwardActorInference -enable-upcoming-feature InferSendableFromCaptures -enable-upcoming-feature GlobalActorIsolatedTypesUsability -enable-upcoming-feature MemberImportVisibility -enable-upcoming-feature InferIsolatedConformances -enable-upcoming-feature NonisolatedNonsendingByDefault -enable-experimental-feature DebugDescriptionMacro -sdk /Applications/Xcode.app/Contents/Developer/Platforms/iPhoneSimulator.platform/Developer/SDKs/iPhoneSimulator26.0.sdk -target arm64-apple-ios15.5-simulator -g -module-cache-path /Users/zhouming/Library/Developer/Xcode/DerivedData/ModuleCache.noindex -Xfrontend -serialize-debugging-options -profile-coverage-mapping -profile-generate -swift-version 5 -I /Users/zhouming/Library/Developer/Xcode/DerivedData/falcon-gsoilikaxsflzjexzrtqkcenvrbo/Build/Products/Release-iphonesimulator -F /Users/zhouming/Library/Developer/Xcode/DerivedData/falcon-gsoilikaxsflzjexzrtqkcenvrbo/Build/Products/Release-iphonesimulator -F /Users/zhouming/Library/Developer/Xcode/DerivedData/falcon-gsoilikaxsflzjexzrtqkcenvrbo/Build/Products/Release-iphonesimulator/Alamofire -F /Users/zhouming/Library/Developer/Xcode/DerivedData/falcon-gsoilikaxsflzjexzrtqkcenvrbo/Build/Products/Release-iphonesimulator/Cache -F /Users/zhouming/Library/Developer/Xcode/DerivedData/falcon-gsoilikaxsflzjexzrtqkcenvrbo/Build/Products/Release-iphonesimulator/DZNEmptyDataSet -F /Users/zhouming/Library/Developer/Xcode/DerivedData/falcon-gsoilikaxsflzjexzrtqkcenvrbo/Build/Products/Release-iphonesimulator/DisplayCriteria -F /Users/zhouming/Library/Developer/Xcode/DerivedData/falcon-gsoilikaxsflzjexzrtqkcenvrbo/Build/Products/Release-iphonesimulator/ESTabBarController-swift -F /Users/zhouming/Library/Developer/Xcode/DerivedData/falcon-gsoilikaxsflzjexzrtqkcenvrbo/Build/Products/Release-iphonesimulator/FFmpegKit -F /Users/zhouming/Library/Developer/Xcode/DerivedData/falcon-gsoilikaxsflzjexzrtqkcenvrbo/Build/Products/Release-iphonesimulator/IQKeyboardCore -F /Users/zhouming/Library/Developer/Xcode/DerivedData/falcon-gsoilikaxsflzjexzrtqkcenvrbo/Build/Products/Release-iphonesimulator/IQKeyboardManagerSwift -F /Users/zhouming/Library/Developer/Xcode/DerivedData/falcon-gsoilikaxsflzjexzrtqkcenvrbo/Build/Products/Release-iphonesimulator/IQKeyboardNotification -F /Users/zhouming/Library/Developer/Xcode/DerivedData/falcon-gsoilikaxsflzjexzrtqkcenvrbo/Build/Products/Release-iphonesimulator/IQKeyboardReturnManager -F /Users/zhouming/Library/Developer/Xcode/DerivedData/falcon-gsoilikaxsflzjexzrtqkcenvrbo/Build/Products/Release-iphonesimulator/IQKeyboardToolbar -F /Users/zhouming/Library/Developer/Xcode/DerivedData/falcon-gsoilikaxsflzjexzrtqkcenvrbo/Build/Products/Release-iphonesimulator/IQKeyboardToolbarManager -F /Users/zhouming/Library/Developer/Xcode/DerivedData/falcon-gsoilikaxsflzjexzrtqkcenvrbo/Build/Products/Release-iphonesimulator/IQTextInputViewNotification -F /Users/zhouming/Library/Developer/Xcode/DerivedData/falcon-gsoilikaxsflzjexzrtqkcenvrbo/Build/Products/Release-iphonesimulator/IQTextView -F /Users/zhouming/Library/Developer/Xcode/DerivedData/falcon-gsoilikaxsflzjexzrtqkcenvrbo/Build/Products/Release-iphonesimulator/JXPagingView -F /Users/zhouming/Library/Developer/Xcode/DerivedData/falcon-gsoilikaxsflzjexzrtqkcenvrbo/Build/Products/Release-iphonesimulator/JXSegmentedView -F /Users/zhouming/Library/Developer/Xcode/DerivedData/falcon-gsoilikaxsflzjexzrtqkcenvrbo/Build/Products/Release-iphonesimulator/KSPlayer -F /Users/zhouming/Library/Developer/Xcode/DerivedData/falcon-gsoilikaxsflzjexzrtqkcenvrbo/Build/Products/Release-iphonesimulator/Kingfisher -F /Users/zhouming/Library/Developer/Xcode/DerivedData/falcon-gsoilikaxsflzjexzrtqkcenvrbo/Build/Products/Release-iphonesimulator/MBProgressHUD -F /Users/zhouming/Library/Developer/Xcode/DerivedData/falcon-gsoilikaxsflzjexzrtqkcenvrbo/Build/Products/Release-iphonesimulator/SnapKit -F /Users/zhouming/Library/Developer/Xcode/DerivedData/falcon-gsoilikaxsflzjexzrtqkcenvrbo/Build/Products/Release-iphonesimulator/Toast -F /Users/zhouming/Library/Developer/Xcode/DerivedData/falcon-gsoilikaxsflzjexzrtqkcenvrbo/Build/Products/Release-iphonesimulator/YQKingfisher -F /Users/zhouming/Library/Developer/Xcode/DerivedData/falcon-gsoilikaxsflzjexzrtqkcenvrbo/Build/Products/Release-iphonesimulator/YQPhotoBrowser -F /Users/zhouming/Library/Developer/Xcode/DerivedData/falcon-gsoilikaxsflzjexzrtqkcenvrbo/Build/Products/Release-iphonesimulator/YYCache -F /Users/zhouming/Library/Developer/Xcode/DerivedData/falcon-gsoilikaxsflzjexzrtqkcenvrbo/Build/Products/Release-iphonesimulator/YYText -F /Users/zhouming/Library/Developer/Xcode/DerivedData/falcon-gsoilikaxsflzjexzrtqkcenvrbo/Build/Products/Release-iphonesimulator/ZLPhotoBrowser -F /Users/zhouming/Library/Developer/Xcode/DerivedData/falcon-gsoilikaxsflzjexzrtqkcenvrbo/Build/Products/Release-iphonesimulator/lottie-ios -F /Users/zhouming/Desktop/falcon/Pods/FFmpegKit/Sources -F /Users/zhouming/Desktop/falcon/Pods/Libass/Sources -F /Users/zhouming/Library/Developer/Xcode/DerivedData/falcon-gsoilikaxsflzjexzrtqkcenvrbo/Build/Products/Release-iphonesimulator/XCFrameworkIntermediates/FFmpegKit/FFmpegKit -F /Users/zhouming/Library/Developer/Xcode/DerivedData/falcon-gsoilikaxsflzjexzrtqkcenvrbo/Build/Products/Release-iphonesimulator/XCFrameworkIntermediates/Libass/Libass -emit-localized-strings -emit-localized-strings-path /Users/zhouming/Library/Developer/Xcode/DerivedData/falcon-gsoilikaxsflzjexzrtqkcenvrbo/Build/Intermediates.noindex/falcon.build/Release-iphonesimulator/falcon.build/Objects-normal/arm64 -c -num-threads 8 -Xcc -ivfsstatcache -Xcc /Users/zhouming/Library/Developer/Xcode/DerivedData/SDKStatCaches.noindex/iphonesimulator26.0-23A339-3885c01c3e6b6a337905948deab2002e26257891a6c027eb51374368541b8346.sdkstatcache -output-file-map /Users/zhouming/Library/Developer/Xcode/DerivedData/falcon-gsoilikaxsflzjexzrtqkcenvrbo/Build/Intermediates.noindex/falcon.build/Release-iphonesimulator/falcon.build/Objects-normal/arm64/falcon-OutputFileMap.json -use-frontend-parseable-output -save-temps -no-color-diagnostics -explicit-module-build -module-cache-path /Users/zhouming/Library/Developer/Xcode/DerivedData/falcon-gsoilikaxsflzjexzrtqkcenvrbo/Build/Intermediates.noindex/SwiftExplicitPrecompiledModules -clang-scanner-module-cache-path /Users/zhouming/Library/Developer/Xcode/DerivedData/ModuleCache.noindex -sdk-module-cache-path /Users/zhouming/Library/Developer/Xcode/DerivedData/ModuleCache.noindex -serialize-diagnostics -emit-dependencies -emit-module -emit-module-path /Users/zhouming/Library/Developer/Xcode/DerivedData/falcon-gsoilikaxsflzjexzrtqkcenvrbo/Build/Intermediates.noindex/falcon.build/Release-iphonesimulator/falcon.build/Objects-normal/arm64/falcon.swiftmodule -validate-clang-modules-once -clang-build-session-file /Users/zhouming/Library/Developer/Xcode/DerivedData/ModuleCache.noindex/Session.modulevalidation -Xcc -I/Users/zhouming/Library/Developer/Xcode/DerivedData/falcon-gsoilikaxsflzjexzrtqkcenvrbo/Build/Intermediates.noindex/falcon.build/Release-iphonesimulator/falcon.build/swift-overrides.hmap -emit-const-values -Xfrontend -const-gather-protocols-file -Xfrontend /Users/zhouming/Library/Developer/Xcode/DerivedData/falcon-gsoilikaxsflzjexzrtqkcenvrbo/Build/Intermediates.noindex/falcon.build/Release-iphonesimulator/falcon.build/Objects-normal/arm64/falcon_const_extract_protocols.json -Xcc -iquote -Xcc /Users/zhouming/Library/Developer/Xcode/DerivedData/falcon-gsoilikaxsflzjexzrtqkcenvrbo/Build/Intermediates.noindex/falcon.build/Release-iphonesimulator/falcon.build/falcon-generated-files.hmap -Xcc -I/Users/zhouming/Library/Developer/Xcode/DerivedData/falcon-gsoilikaxsflzjexzrtqkcenvrbo/Build/Intermediates.noindex/falcon.build/Release-iphonesimulator/falcon.build/falcon-own-target-headers.hmap -Xcc -I/Users/zhouming/Library/Developer/Xcode/DerivedData/falcon-gsoilikaxsflzjexzrtqkcenvrbo/Build/Intermediates.noindex/falcon.build/Release-iphonesimulator/falcon.build/falcon-all-non-framework-target-headers.hmap -Xcc -ivfsoverlay -Xcc /Users/zhouming/Library/Developer/Xcode/DerivedData/falcon-gsoilikaxsflzjexzrtqkcenvrbo/Build/Intermediates.noindex/falcon.build/Release-iphonesimulator/falcon-0daf7a28aeb72ccd5ee13e2bf2731ec9-VFS-iphonesimulator/all-product-headers.yaml -Xcc -iquote -Xcc /Users/zhouming/Library/Developer/Xcode/DerivedData/falcon-gsoilikaxsflzjexzrtqkcenvrbo/Build/Intermediates.noindex/falcon.build/Release-iphonesimulator/falcon.build/falcon-project-headers.hmap -Xcc -I/Users/zhouming/Library/Developer/Xcode/DerivedData/falcon-gsoilikaxsflzjexzrtqkcenvrbo/Build/Products/Release-iphonesimulator/include -Xcc -I/Users/zhouming/Library/Developer/Xcode/DerivedData/falcon-gsoilikaxsflzjexzrtqkcenvrbo/Build/Products/Release-iphonesimulator/Alamofire/Alamofire.framework/Headers -Xcc -I/Users/zhouming/Library/Developer/Xcode/DerivedData/falcon-gsoilikaxsflzjexzrtqkcenvrbo/Build/Products/Release-iphonesimulator/Cache/Cache.framework/Headers -Xcc -I/Users/zhouming/Library/Developer/Xcode/DerivedData/falcon-gsoilikaxsflzjexzrtqkcenvrbo/Build/Products/Release-iphonesimulator/DZNEmptyDataSet/DZNEmptyDataSet.framework/Headers -Xcc -I/Users/zhouming/Library/Developer/Xcode/DerivedData/falcon-gsoilikaxsflzjexzrtqkcenvrbo/Build/Products/Release-iphonesimulator/DisplayCriteria/DisplayCriteria.framework/Headers -Xcc -I/Users/zhouming/Library/Developer/Xcode/DerivedData/falcon-gsoilikaxsflzjexzrtqkcenvrbo/Build/Products/Release-iphonesimulator/ESTabBarController-swift/ESTabBarController_swift.framework/Headers -Xcc -I/Users/zhouming/Library/Developer/Xcode/DerivedData/falcon-gsoilikaxsflzjexzrtqkcenvrbo/Build/Products/Release-iphonesimulator/FFmpegKit/FFmpegKit.framework/Headers -Xcc -I/Users/zhouming/Library/Developer/Xcode/DerivedData/falcon-gsoilikaxsflzjexzrtqkcenvrbo/Build/Products/Release-iphonesimulator/IQKeyboardCore/IQKeyboardCore.framework/Headers -Xcc -I/Users/zhouming/Library/Developer/Xcode/DerivedData/falcon-gsoilikaxsflzjexzrtqkcenvrbo/Build/Products/Release-iphonesimulator/IQKeyboardManagerSwift/IQKeyboardManagerSwift.framework/Headers -Xcc -I/Users/zhouming/Library/Developer/Xcode/DerivedData/falcon-gsoilikaxsflzjexzrtqkcenvrbo/Build/Products/Release-iphonesimulator/IQKeyboardNotification/IQKeyboardNotification.framework/Headers -Xcc -I/Users/zhouming/Library/Developer/Xcode/DerivedData/falcon-gsoilikaxsflzjexzrtqkcenvrbo/Build/Products/Release-iphonesimulator/IQKeyboardReturnManager/IQKeyboardReturnManager.framework/Headers -Xcc -I/Users/zhouming/Library/Developer/Xcode/DerivedData/falcon-gsoilikaxsflzjexzrtqkcenvrbo/Build/Products/Release-iphonesimulator/IQKeyboardToolbar/IQKeyboardToolbar.framework/Headers -Xcc -I/Users/zhouming/Library/Developer/Xcode/DerivedData/falcon-gsoilikaxsflzjexzrtqkcenvrbo/Build/Products/Release-iphonesimulator/IQKeyboardToolbarManager/IQKeyboardToolbarManager.framework/Headers -Xcc -I/Users/zhouming/Library/Developer/Xcode/DerivedData/falcon-gsoilikaxsflzjexzrtqkcenvrbo/Build/Products/Release-iphonesimulator/IQTextInputViewNotification/IQTextInputViewNotification.framework/Headers -Xcc -I/Users/zhouming/Library/Developer/Xcode/DerivedData/falcon-gsoilikaxsflzjexzrtqkcenvrbo/Build/Products/Release-iphonesimulator/IQTextView/IQTextView.framework/Headers -Xcc -I/Users/zhouming/Library/Developer/Xcode/DerivedData/falcon-gsoilikaxsflzjexzrtqkcenvrbo/Build/Products/Release-iphonesimulator/JXPagingView/JXPagingView.framework/Headers -Xcc -I/Users/zhouming/Library/Developer/Xcode/DerivedData/falcon-gsoilikaxsflzjexzrtqkcenvrbo/Build/Products/Release-iphonesimulator/JXSegmentedView/JXSegmentedView.framework/Headers -Xcc -I/Users/zhouming/Library/Developer/Xcode/DerivedData/falcon-gsoilikaxsflzjexzrtqkcenvrbo/Build/Products/Release-iphonesimulator/KSPlayer/KSPlayer.framework/Headers -Xcc -I/Users/zhouming/Library/Developer/Xcode/DerivedData/falcon-gsoilikaxsflzjexzrtqkcenvrbo/Build/Products/Release-iphonesimulator/Kingfisher/Kingfisher.framework/Headers -Xcc -I/Users/zhouming/Library/Developer/Xcode/DerivedData/falcon-gsoilikaxsflzjexzrtqkcenvrbo/Build/Products/Release-iphonesimulator/MBProgressHUD/MBProgressHUD.framework/Headers -Xcc -I/Users/zhouming/Library/Developer/Xcode/DerivedData/falcon-gsoilikaxsflzjexzrtqkcenvrbo/Build/Products/Release-iphonesimulator/SnapKit/SnapKit.framework/Headers -Xcc -I/Users/zhouming/Library/Developer/Xcode/DerivedData/falcon-gsoilikaxsflzjexzrtqkcenvrbo/Build/Products/Release-iphonesimulator/Toast/Toast.framework/Headers -Xcc -I/Users/zhouming/Library/Developer/Xcode/DerivedData/falcon-gsoilikaxsflzjexzrtqkcenvrbo/Build/Products/Release-iphonesimulator/YQKingfisher/YQKingfisher.framework/Headers -Xcc -I/Users/zhouming/Library/Developer/Xcode/DerivedData/falcon-gsoilikaxsflzjexzrtqkcenvrbo/Build/Products/Release-iphonesimulator/YQPhotoBrowser/YQPhotoBrowser.framework/Headers -Xcc -I/Users/zhouming/Library/Developer/Xcode/DerivedData/falcon-gsoilikaxsflzjexzrtqkcenvrbo/Build/Products/Release-iphonesimulator/YYCache/YYCache.framework/Headers -Xcc -I/Users/zhouming/Library/Developer/Xcode/DerivedData/falcon-gsoilikaxsflzjexzrtqkcenvrbo/Build/Products/Release-iphonesimulator/YYText/YYText.framework/Headers -Xcc -I/Users/zhouming/Library/Developer/Xcode/DerivedData/falcon-gsoilikaxsflzjexzrtqkcenvrbo/Build/Products/Release-iphonesimulator/ZLPhotoBrowser/ZLPhotoBrowser.framework/Headers -Xcc -I/Users/zhouming/Library/Developer/Xcode/DerivedData/falcon-gsoilikaxsflzjexzrtqkcenvrbo/Build/Products/Release-iphonesimulator/lottie-ios/Lottie.framework/Headers -Xcc -I/Users/zhouming/Library/Developer/Xcode/DerivedData/falcon-gsoilikaxsflzjexzrtqkcenvrbo/Build/Products/Release-iphonesimulator/XCFrameworkIntermediates/FFmpegKit/FFmpegKit/Headers -Xcc -I/Users/zhouming/Library/Developer/Xcode/DerivedData/falcon-gsoilikaxsflzjexzrtqkcenvrbo/Build/Intermediates.noindex/falcon.build/Release-iphonesimulator/falcon.build/DerivedSources-normal/arm64 -Xcc -I/Users/zhouming/Library/Developer/Xcode/DerivedData/falcon-gsoilikaxsflzjexzrtqkcenvrbo/Build/Intermediates.noindex/falcon.build/Release-iphonesimulator/falcon.build/DerivedSources/arm64 -Xcc -I/Users/zhouming/Library/Developer/Xcode/DerivedData/falcon-gsoilikaxsflzjexzrtqkcenvrbo/Build/Intermediates.noindex/falcon.build/Release-iphonesimulator/falcon.build/DerivedSources -Xcc -DCOCOAPODS\=1 -emit-objc-header -emit-objc-header-path /Users/zhouming/Library/Developer/Xcode/DerivedData/falcon-gsoilikaxsflzjexzrtqkcenvrbo/Build/Intermediates.noindex/falcon.build/Release-iphonesimulator/falcon.build/Objects-normal/arm64/falcon-Swift.h -working-directory /Users/zhouming/Desktop/falcon -no-emit-module-separately-wmo

SwiftDriver falcon normal x86_64 com.apple.xcode.tools.swift.compiler (in target 'falcon' from project 'falcon')
    cd /Users/zhouming/Desktop/falcon
    builtin-SwiftDriver -- /Applications/Xcode.app/Contents/Developer/Toolchains/XcodeDefault.xctoolchain/usr/bin/swiftc -module-name falcon -O -whole-module-optimization -enforce-exclusivity\=checked @/Users/zhouming/Library/Developer/Xcode/DerivedData/falcon-gsoilikaxsflzjexzrtqkcenvrbo/Build/Intermediates.noindex/falcon.build/Release-iphonesimulator/falcon.build/Objects-normal/x86_64/falcon.SwiftFileList -D COCOAPODS -default-isolation\=MainActor -enable-bare-slash-regex -enable-upcoming-feature DisableOutwardActorInference -enable-upcoming-feature InferSendableFromCaptures -enable-upcoming-feature GlobalActorIsolatedTypesUsability -enable-upcoming-feature MemberImportVisibility -enable-upcoming-feature InferIsolatedConformances -enable-upcoming-feature NonisolatedNonsendingByDefault -enable-experimental-feature DebugDescriptionMacro -sdk /Applications/Xcode.app/Contents/Developer/Platforms/iPhoneSimulator.platform/Developer/SDKs/iPhoneSimulator26.0.sdk -target x86_64-apple-ios15.5-simulator -g -module-cache-path /Users/zhouming/Library/Developer/Xcode/DerivedData/ModuleCache.noindex -Xfrontend -serialize-debugging-options -profile-coverage-mapping -profile-generate -swift-version 5 -I /Users/zhouming/Library/Developer/Xcode/DerivedData/falcon-gsoilikaxsflzjexzrtqkcenvrbo/Build/Products/Release-iphonesimulator -F /Users/zhouming/Library/Developer/Xcode/DerivedData/falcon-gsoilikaxsflzjexzrtqkcenvrbo/Build/Products/Release-iphonesimulator -F /Users/zhouming/Library/Developer/Xcode/DerivedData/falcon-gsoilikaxsflzjexzrtqkcenvrbo/Build/Products/Release-iphonesimulator/Alamofire -F /Users/zhouming/Library/Developer/Xcode/DerivedData/falcon-gsoilikaxsflzjexzrtqkcenvrbo/Build/Products/Release-iphonesimulator/Cache -F /Users/zhouming/Library/Developer/Xcode/DerivedData/falcon-gsoilikaxsflzjexzrtqkcenvrbo/Build/Products/Release-iphonesimulator/DZNEmptyDataSet -F /Users/zhouming/Library/Developer/Xcode/DerivedData/falcon-gsoilikaxsflzjexzrtqkcenvrbo/Build/Products/Release-iphonesimulator/DisplayCriteria -F /Users/zhouming/Library/Developer/Xcode/DerivedData/falcon-gsoilikaxsflzjexzrtqkcenvrbo/Build/Products/Release-iphonesimulator/ESTabBarController-swift -F /Users/zhouming/Library/Developer/Xcode/DerivedData/falcon-gsoilikaxsflzjexzrtqkcenvrbo/Build/Products/Release-iphonesimulator/FFmpegKit -F /Users/zhouming/Library/Developer/Xcode/DerivedData/falcon-gsoilikaxsflzjexzrtqkcenvrbo/Build/Products/Release-iphonesimulator/IQKeyboardCore -F /Users/zhouming/Library/Developer/Xcode/DerivedData/falcon-gsoilikaxsflzjexzrtqkcenvrbo/Build/Products/Release-iphonesimulator/IQKeyboardManagerSwift -F /Users/zhouming/Library/Developer/Xcode/DerivedData/falcon-gsoilikaxsflzjexzrtqkcenvrbo/Build/Products/Release-iphonesimulator/IQKeyboardNotification -F /Users/zhouming/Library/Developer/Xcode/DerivedData/falcon-gsoilikaxsflzjexzrtqkcenvrbo/Build/Products/Release-iphonesimulator/IQKeyboardReturnManager -F /Users/zhouming/Library/Developer/Xcode/DerivedData/falcon-gsoilikaxsflzjexzrtqkcenvrbo/Build/Products/Release-iphonesimulator/IQKeyboardToolbar -F /Users/zhouming/Library/Developer/Xcode/DerivedData/falcon-gsoilikaxsflzjexzrtqkcenvrbo/Build/Products/Release-iphonesimulator/IQKeyboardToolbarManager -F /Users/zhouming/Library/Developer/Xcode/DerivedData/falcon-gsoilikaxsflzjexzrtqkcenvrbo/Build/Products/Release-iphonesimulator/IQTextInputViewNotification -F /Users/zhouming/Library/Developer/Xcode/DerivedData/falcon-gsoilikaxsflzjexzrtqkcenvrbo/Build/Products/Release-iphonesimulator/IQTextView -F /Users/zhouming/Library/Developer/Xcode/DerivedData/falcon-gsoilikaxsflzjexzrtqkcenvrbo/Build/Products/Release-iphonesimulator/JXPagingView -F /Users/zhouming/Library/Developer/Xcode/DerivedData/falcon-gsoilikaxsflzjexzrtqkcenvrbo/Build/Products/Release-iphonesimulator/JXSegmentedView -F /Users/zhouming/Library/Developer/Xcode/DerivedData/falcon-gsoilikaxsflzjexzrtqkcenvrbo/Build/Products/Release-iphonesimulator/KSPlayer -F /Users/zhouming/Library/Developer/Xcode/DerivedData/falcon-gsoilikaxsflzjexzrtqkcenvrbo/Build/Products/Release-iphonesimulator/Kingfisher -F /Users/zhouming/Library/Developer/Xcode/DerivedData/falcon-gsoilikaxsflzjexzrtqkcenvrbo/Build/Products/Release-iphonesimulator/MBProgressHUD -F /Users/zhouming/Library/Developer/Xcode/DerivedData/falcon-gsoilikaxsflzjexzrtqkcenvrbo/Build/Products/Release-iphonesimulator/SnapKit -F /Users/zhouming/Library/Developer/Xcode/DerivedData/falcon-gsoilikaxsflzjexzrtqkcenvrbo/Build/Products/Release-iphonesimulator/Toast -F /Users/zhouming/Library/Developer/Xcode/DerivedData/falcon-gsoilikaxsflzjexzrtqkcenvrbo/Build/Products/Release-iphonesimulator/YQKingfisher -F /Users/zhouming/Library/Developer/Xcode/DerivedData/falcon-gsoilikaxsflzjexzrtqkcenvrbo/Build/Products/Release-iphonesimulator/YQPhotoBrowser -F /Users/zhouming/Library/Developer/Xcode/DerivedData/falcon-gsoilikaxsflzjexzrtqkcenvrbo/Build/Products/Release-iphonesimulator/YYCache -F /Users/zhouming/Library/Developer/Xcode/DerivedData/falcon-gsoilikaxsflzjexzrtqkcenvrbo/Build/Products/Release-iphonesimulator/YYText -F /Users/zhouming/Library/Developer/Xcode/DerivedData/falcon-gsoilikaxsflzjexzrtqkcenvrbo/Build/Products/Release-iphonesimulator/ZLPhotoBrowser -F /Users/zhouming/Library/Developer/Xcode/DerivedData/falcon-gsoilikaxsflzjexzrtqkcenvrbo/Build/Products/Release-iphonesimulator/lottie-ios -F /Users/zhouming/Desktop/falcon/Pods/FFmpegKit/Sources -F /Users/zhouming/Desktop/falcon/Pods/Libass/Sources -F /Users/zhouming/Library/Developer/Xcode/DerivedData/falcon-gsoilikaxsflzjexzrtqkcenvrbo/Build/Products/Release-iphonesimulator/XCFrameworkIntermediates/FFmpegKit/FFmpegKit -F /Users/zhouming/Library/Developer/Xcode/DerivedData/falcon-gsoilikaxsflzjexzrtqkcenvrbo/Build/Products/Release-iphonesimulator/XCFrameworkIntermediates/Libass/Libass -emit-localized-strings -emit-localized-strings-path /Users/zhouming/Library/Developer/Xcode/DerivedData/falcon-gsoilikaxsflzjexzrtqkcenvrbo/Build/Intermediates.noindex/falcon.build/Release-iphonesimulator/falcon.build/Objects-normal/x86_64 -c -num-threads 8 -Xcc -ivfsstatcache -Xcc /Users/zhouming/Library/Developer/Xcode/DerivedData/SDKStatCaches.noindex/iphonesimulator26.0-23A339-3885c01c3e6b6a337905948deab2002e26257891a6c027eb51374368541b8346.sdkstatcache -output-file-map /Users/zhouming/Library/Developer/Xcode/DerivedData/falcon-gsoilikaxsflzjexzrtqkcenvrbo/Build/Intermediates.noindex/falcon.build/Release-iphonesimulator/falcon.build/Objects-normal/x86_64/falcon-OutputFileMap.json -use-frontend-parseable-output -save-temps -no-color-diagnostics -explicit-module-build -module-cache-path /Users/zhouming/Library/Developer/Xcode/DerivedData/falcon-gsoilikaxsflzjexzrtqkcenvrbo/Build/Intermediates.noindex/SwiftExplicitPrecompiledModules -clang-scanner-module-cache-path /Users/zhouming/Library/Developer/Xcode/DerivedData/ModuleCache.noindex -sdk-module-cache-path /Users/zhouming/Library/Developer/Xcode/DerivedData/ModuleCache.noindex -serialize-diagnostics -emit-dependencies -emit-module -emit-module-path /Users/zhouming/Library/Developer/Xcode/DerivedData/falcon-gsoilikaxsflzjexzrtqkcenvrbo/Build/Intermediates.noindex/falcon.build/Release-iphonesimulator/falcon.build/Objects-normal/x86_64/falcon.swiftmodule -validate-clang-modules-once -clang-build-session-file /Users/zhouming/Library/Developer/Xcode/DerivedData/ModuleCache.noindex/Session.modulevalidation -Xcc -I/Users/zhouming/Library/Developer/Xcode/DerivedData/falcon-gsoilikaxsflzjexzrtqkcenvrbo/Build/Intermediates.noindex/falcon.build/Release-iphonesimulator/falcon.build/swift-overrides.hmap -emit-const-values -Xfrontend -const-gather-protocols-file -Xfrontend /Users/zhouming/Library/Developer/Xcode/DerivedData/falcon-gsoilikaxsflzjexzrtqkcenvrbo/Build/Intermediates.noindex/falcon.build/Release-iphonesimulator/falcon.build/Objects-normal/x86_64/falcon_const_extract_protocols.json -Xcc -iquote -Xcc /Users/zhouming/Library/Developer/Xcode/DerivedData/falcon-gsoilikaxsflzjexzrtqkcenvrbo/Build/Intermediates.noindex/falcon.build/Release-iphonesimulator/falcon.build/falcon-generated-files.hmap -Xcc -I/Users/zhouming/Library/Developer/Xcode/DerivedData/falcon-gsoilikaxsflzjexzrtqkcenvrbo/Build/Intermediates.noindex/falcon.build/Release-iphonesimulator/falcon.build/falcon-own-target-headers.hmap -Xcc -I/Users/zhouming/Library/Developer/Xcode/DerivedData/falcon-gsoilikaxsflzjexzrtqkcenvrbo/Build/Intermediates.noindex/falcon.build/Release-iphonesimulator/falcon.build/falcon-all-non-framework-target-headers.hmap -Xcc -ivfsoverlay -Xcc /Users/zhouming/Library/Developer/Xcode/DerivedData/falcon-gsoilikaxsflzjexzrtqkcenvrbo/Build/Intermediates.noindex/falcon.build/Release-iphonesimulator/falcon-0daf7a28aeb72ccd5ee13e2bf2731ec9-VFS-iphonesimulator/all-product-headers.yaml -Xcc -iquote -Xcc /Users/zhouming/Library/Developer/Xcode/DerivedData/falcon-gsoilikaxsflzjexzrtqkcenvrbo/Build/Intermediates.noindex/falcon.build/Release-iphonesimulator/falcon.build/falcon-project-headers.hmap -Xcc -I/Users/zhouming/Library/Developer/Xcode/DerivedData/falcon-gsoilikaxsflzjexzrtqkcenvrbo/Build/Products/Release-iphonesimulator/include -Xcc -I/Users/zhouming/Library/Developer/Xcode/DerivedData/falcon-gsoilikaxsflzjexzrtqkcenvrbo/Build/Products/Release-iphonesimulator/Alamofire/Alamofire.framework/Headers -Xcc -I/Users/zhouming/Library/Developer/Xcode/DerivedData/falcon-gsoilikaxsflzjexzrtqkcenvrbo/Build/Products/Release-iphonesimulator/Cache/Cache.framework/Headers -Xcc -I/Users/zhouming/Library/Developer/Xcode/DerivedData/falcon-gsoilikaxsflzjexzrtqkcenvrbo/Build/Products/Release-iphonesimulator/DZNEmptyDataSet/DZNEmptyDataSet.framework/Headers -Xcc -I/Users/zhouming/Library/Developer/Xcode/DerivedData/falcon-gsoilikaxsflzjexzrtqkcenvrbo/Build/Products/Release-iphonesimulator/DisplayCriteria/DisplayCriteria.framework/Headers -Xcc -I/Users/zhouming/Library/Developer/Xcode/DerivedData/falcon-gsoilikaxsflzjexzrtqkcenvrbo/Build/Products/Release-iphonesimulator/ESTabBarController-swift/ESTabBarController_swift.framework/Headers -Xcc -I/Users/zhouming/Library/Developer/Xcode/DerivedData/falcon-gsoilikaxsflzjexzrtqkcenvrbo/Build/Products/Release-iphonesimulator/FFmpegKit/FFmpegKit.framework/Headers -Xcc -I/Users/zhouming/Library/Developer/Xcode/DerivedData/falcon-gsoilikaxsflzjexzrtqkcenvrbo/Build/Products/Release-iphonesimulator/IQKeyboardCore/IQKeyboardCore.framework/Headers -Xcc -I/Users/zhouming/Library/Developer/Xcode/DerivedData/falcon-gsoilikaxsflzjexzrtqkcenvrbo/Build/Products/Release-iphonesimulator/IQKeyboardManagerSwift/IQKeyboardManagerSwift.framework/Headers -Xcc -I/Users/zhouming/Library/Developer/Xcode/DerivedData/falcon-gsoilikaxsflzjexzrtqkcenvrbo/Build/Products/Release-iphonesimulator/IQKeyboardNotification/IQKeyboardNotification.framework/Headers -Xcc -I/Users/zhouming/Library/Developer/Xcode/DerivedData/falcon-gsoilikaxsflzjexzrtqkcenvrbo/Build/Products/Release-iphonesimulator/IQKeyboardReturnManager/IQKeyboardReturnManager.framework/Headers -Xcc -I/Users/zhouming/Library/Developer/Xcode/DerivedData/falcon-gsoilikaxsflzjexzrtqkcenvrbo/Build/Products/Release-iphonesimulator/IQKeyboardToolbar/IQKeyboardToolbar.framework/Headers -Xcc -I/Users/zhouming/Library/Developer/Xcode/DerivedData/falcon-gsoilikaxsflzjexzrtqkcenvrbo/Build/Products/Release-iphonesimulator/IQKeyboardToolbarManager/IQKeyboardToolbarManager.framework/Headers -Xcc -I/Users/zhouming/Library/Developer/Xcode/DerivedData/falcon-gsoilikaxsflzjexzrtqkcenvrbo/Build/Products/Release-iphonesimulator/IQTextInputViewNotification/IQTextInputViewNotification.framework/Headers -Xcc -I/Users/zhouming/Library/Developer/Xcode/DerivedData/falcon-gsoilikaxsflzjexzrtqkcenvrbo/Build/Products/Release-iphonesimulator/IQTextView/IQTextView.framework/Headers -Xcc -I/Users/zhouming/Library/Developer/Xcode/DerivedData/falcon-gsoilikaxsflzjexzrtqkcenvrbo/Build/Products/Release-iphonesimulator/JXPagingView/JXPagingView.framework/Headers -Xcc -I/Users/zhouming/Library/Developer/Xcode/DerivedData/falcon-gsoilikaxsflzjexzrtqkcenvrbo/Build/Products/Release-iphonesimulator/JXSegmentedView/JXSegmentedView.framework/Headers -Xcc -I/Users/zhouming/Library/Developer/Xcode/DerivedData/falcon-gsoilikaxsflzjexzrtqkcenvrbo/Build/Products/Release-iphonesimulator/KSPlayer/KSPlayer.framework/Headers -Xcc -I/Users/zhouming/Library/Developer/Xcode/DerivedData/falcon-gsoilikaxsflzjexzrtqkcenvrbo/Build/Products/Release-iphonesimulator/Kingfisher/Kingfisher.framework/Headers -Xcc -I/Users/zhouming/Library/Developer/Xcode/DerivedData/falcon-gsoilikaxsflzjexzrtqkcenvrbo/Build/Products/Release-iphonesimulator/MBProgressHUD/MBProgressHUD.framework/Headers -Xcc -I/Users/zhouming/Library/Developer/Xcode/DerivedData/falcon-gsoilikaxsflzjexzrtqkcenvrbo/Build/Products/Release-iphonesimulator/SnapKit/SnapKit.framework/Headers -Xcc -I/Users/zhouming/Library/Developer/Xcode/DerivedData/falcon-gsoilikaxsflzjexzrtqkcenvrbo/Build/Products/Release-iphonesimulator/Toast/Toast.framework/Headers -Xcc -I/Users/zhouming/Library/Developer/Xcode/DerivedData/falcon-gsoilikaxsflzjexzrtqkcenvrbo/Build/Products/Release-iphonesimulator/YQKingfisher/YQKingfisher.framework/Headers -Xcc -I/Users/zhouming/Library/Developer/Xcode/DerivedData/falcon-gsoilikaxsflzjexzrtqkcenvrbo/Build/Products/Release-iphonesimulator/YQPhotoBrowser/YQPhotoBrowser.framework/Headers -Xcc -I/Users/zhouming/Library/Developer/Xcode/DerivedData/falcon-gsoilikaxsflzjexzrtqkcenvrbo/Build/Products/Release-iphonesimulator/YYCache/YYCache.framework/Headers -Xcc -I/Users/zhouming/Library/Developer/Xcode/DerivedData/falcon-gsoilikaxsflzjexzrtqkcenvrbo/Build/Products/Release-iphonesimulator/YYText/YYText.framework/Headers -Xcc -I/Users/zhouming/Library/Developer/Xcode/DerivedData/falcon-gsoilikaxsflzjexzrtqkcenvrbo/Build/Products/Release-iphonesimulator/ZLPhotoBrowser/ZLPhotoBrowser.framework/Headers -Xcc -I/Users/zhouming/Library/Developer/Xcode/DerivedData/falcon-gsoilikaxsflzjexzrtqkcenvrbo/Build/Products/Release-iphonesimulator/lottie-ios/Lottie.framework/Headers -Xcc -I/Users/zhouming/Library/Developer/Xcode/DerivedData/falcon-gsoilikaxsflzjexzrtqkcenvrbo/Build/Products/Release-iphonesimulator/XCFrameworkIntermediates/FFmpegKit/FFmpegKit/Headers -Xcc -I/Users/zhouming/Library/Developer/Xcode/DerivedData/falcon-gsoilikaxsflzjexzrtqkcenvrbo/Build/Intermediates.noindex/falcon.build/Release-iphonesimulator/falcon.build/DerivedSources-normal/x86_64 -Xcc -I/Users/zhouming/Library/Developer/Xcode/DerivedData/falcon-gsoilikaxsflzjexzrtqkcenvrbo/Build/Intermediates.noindex/falcon.build/Release-iphonesimulator/falcon.build/DerivedSources/x86_64 -Xcc -I/Users/zhouming/Library/Developer/Xcode/DerivedData/falcon-gsoilikaxsflzjexzrtqkcenvrbo/Build/Intermediates.noindex/falcon.build/Release-iphonesimulator/falcon.build/DerivedSources -Xcc -DCOCOAPODS\=1 -emit-objc-header -emit-objc-header-path /Users/zhouming/Library/Developer/Xcode/DerivedData/falcon-gsoilikaxsflzjexzrtqkcenvrbo/Build/Intermediates.noindex/falcon.build/Release-iphonesimulator/falcon.build/Objects-normal/x86_64/falcon-Swift.h -working-directory /Users/zhouming/Desktop/falcon -no-emit-module-separately-wmo

ProcessInfoPlistFile /Users/zhouming/Library/Developer/Xcode/DerivedData/falcon-gsoilikaxsflzjexzrtqkcenvrbo/Build/Products/Release-iphonesimulator/falcon.app/Info.plist /Users/zhouming/Desktop/falcon/falcon/Info.plist (in target 'falcon' from project 'falcon')
    cd /Users/zhouming/Desktop/falcon
    builtin-infoPlistUtility /Users/zhouming/Desktop/falcon/falcon/Info.plist -producttype com.apple.product-type.application -genpkginfo /Users/zhouming/Library/Developer/Xcode/DerivedData/falcon-gsoilikaxsflzjexzrtqkcenvrbo/Build/Products/Release-iphonesimulator/falcon.app/PkgInfo -expandbuildsettings -format binary -platform iphonesimulator -additionalcontentfile /Users/zhouming/Library/Developer/Xcode/DerivedData/falcon-gsoilikaxsflzjexzrtqkcenvrbo/Build/Intermediates.noindex/falcon.build/Release-iphonesimulator/falcon.build/Base.lproj/LaunchScreen-SBPartialInfo.plist -additionalcontentfile /Users/zhouming/Library/Developer/Xcode/DerivedData/falcon-gsoilikaxsflzjexzrtqkcenvrbo/Build/Intermediates.noindex/falcon.build/Release-iphonesimulator/falcon.build/assetcatalog_generated_info.plist -o /Users/zhouming/Library/Developer/Xcode/DerivedData/falcon-gsoilikaxsflzjexzrtqkcenvrbo/Build/Products/Release-iphonesimulator/falcon.app/Info.plist

SwiftCompile normal arm64 Compiling\ DSCardListCell.swift,\ DSAvatar.swift,\ DSBannerView.swift,\ DSButton.swift,\ DSCardView.swift,\ DSEmptyStateView.swift,\ DSImageCardView.swift,\ DSLabel.swift,\ DSLoadingView.swift,\ DSTag.swift,\ DSTextField.swift,\ DSToast.swift,\ DSColor.swift,\ DSSpacing.swift,\ DSTypography.swift,\ String+Extension.swift,\ UIColor+Extension.swift,\ UIViewController+Extension.swift,\ UIWindow+Extension.swift,\ GCDSimpleCache.swift,\ UIKitBasicViewController.swift,\ UIKitViewController.swift,\ UIKitWindowViewController.swift,\ UserInfo.swift,\ UserInfoSession.swift,\ FileManager+Extension.swift,\ LoginUtil.swift,\ PerformanceMeasurer.swift,\ BaseNavigationController.swift,\ TestAutolayoutViewController.swift,\ DesignSystemDemoViewController.swift,\ DSComplexListViewController.swift,\ UseNavigationBarController.swift,\ ProtocolDemoViewController.swift,\ ConcurrentQueueCounter.swift,\ LockCounter.swift,\ NSRecursiveLockDemo.swift,\ SemaphoreCounter.swift,\ SerialQueueCounter.swift,\ OnlySonLock.swift,\ OnlySuperLock.swift,\ QueueViewController.swift,\ RunLoopDemoViewController.swift,\ AssociatedObjectViewController.swift,\ MethodSwizzlingViewController.swift,\ TabbarAppearanceDemoViewController.swift,\ MDESTabBarController.swift,\ MDTabbarController.swift,\ UsageTimerViewController.swift,\ BasicKnowledgeViewController.swift,\ GistDetailViewController.swift,\ NetworkDemoViewController.swift,\ PerformanceCPUDemoViewController.swift,\ PerformanceGPUDemoViewController.swift,\ DZNEmptyDataSetUsageViewController.swift,\ JXPagingNestedSegmentViewController.swift,\ JXPagingViewUseViewController.swift,\ MDFullscreenPopGesture.swift,\ UINavigationBarController+MDFullscreenPopGestureExtension.swift,\ UIViewController+MDFullscreenPopGestureExtension.swift,\ MDScrollView.swift,\ SegmentedViewUseViewController.swift,\ PhotoBrowerViewController.swift,\ UsageThirdPartyViewController.swift,\ CacheManager.swift,\ NetworkInterceptor.swift,\ APIRouter.swift,\ BaseResponse.swift,\ NetworkConfig.swift,\ NetworkError.swift,\ NetworkManager.swift,\ AlamofireFirstViewController.swift,\ AlamofireFourViewController.swift,\ AlamofireSecondViewController.swift,\ AlamofireThirdViewController.swift,\ AlamofireViewController.swift,\ AlamofireZeroViewController.swift,\ BinAPI.swift,\ GistResponse.swift,\ HParams.swift,\ HResponse.swift,\ UserAPI.swift,\ WebError.swift,\ KingfisherCache.swift,\ KingfisherDiskCache.swift,\ KingfisherMemoryCache.swift,\ KingfisherManager.swift,\ KFError.swift,\ KingfisherDownloader.swift,\ KingfisherSessionDataTask.swift,\ KingfisherSessionDelegate.swift,\ KingfisherBasicViewController.swift,\ KingfisherSessionDelegateViewController.swift,\ KingfisherUseNetworkLayerViewController.swift,\ KingfisherViewController.swift,\ FAProgressHUD.swift,\ FAProgressHUDUsageViewController.swift,\ falconWrapper.swift,\ NamespaceViewController.swift,\ RotationBestPracticeDemo.swift,\ RotationDemoViewController.swift,\ Navigationer.swift,\ RouteCompatible.swift,\ RouteConvertible.swift,\ RouteError.swift,\ RouteParser.swift,\ SimpleRouter.swift,\ Route.swift,\ RouterViewController.swift,\ SimpleCache.swift,\ SimpleCacheError.swift,\ SimpleDiskCache.swift,\ SimpleDiskFile.swift,\ SimpleMemoryCache.swift,\ CacheBasicViewController.swift,\ CacheDeepInViewController.swift,\ CacheImitateViewController.swift,\ CacheUsageViewController.swift,\ CacheViewController.swift,\ GCDCacheViewController.swift,\ LockBenchmarkViewController.swift,\ LockBlockingViewController.swift,\ ThreadUnsafeDemoViewController.swift,\ FeedViewController.swift,\ YYTextAttributeViewController.swift,\ YYTextController.swift,\ YYTextLayoutViewController.swift,\ LoginViewController.swift,\ AppDelegate.swift,\ HomeViewController.swift,\ SceneDelegate.swift,\ GeneratedAssetSymbols.swift /Users/zhouming/Desktop/falcon/falcon/Core/DesignSystem/Cells/DSCardListCell.swift /Users/zhouming/Desktop/falcon/falcon/Core/DesignSystem/Components/DSAvatar.swift /Users/zhouming/Desktop/falcon/falcon/Core/DesignSystem/Components/DSBannerView.swift /Users/zhouming/Desktop/falcon/falcon/Core/DesignSystem/Components/DSButton.swift /Users/zhouming/Desktop/falcon/falcon/Core/DesignSystem/Components/DSCardView.swift /Users/zhouming/Desktop/falcon/falcon/Core/DesignSystem/Components/DSEmptyStateView.swift /Users/zhouming/Desktop/falcon/falcon/Core/DesignSystem/Components/DSImageCardView.swift /Users/zhouming/Desktop/falcon/falcon/Core/DesignSystem/Components/DSLabel.swift /Users/zhouming/Desktop/falcon/falcon/Core/DesignSystem/Components/DSLoadingView.swift /Users/zhouming/Desktop/falcon/falcon/Core/DesignSystem/Components/DSTag.swift /Users/zhouming/Desktop/falcon/falcon/Core/DesignSystem/Components/DSTextField.swift /Users/zhouming/Desktop/falcon/falcon/Core/DesignSystem/Components/DSToast.swift /Users/zhouming/Desktop/falcon/falcon/Core/DesignSystem/Tokens/DSColor.swift /Users/zhouming/Desktop/falcon/falcon/Core/DesignSystem/Tokens/DSSpacing.swift /Users/zhouming/Desktop/falcon/falcon/Core/DesignSystem/Tokens/DSTypography.swift /Users/zhouming/Desktop/falcon/falcon/Core/UIKitExtension/Encapsulation/String+Extension.swift /Users/zhouming/Desktop/falcon/falcon/Core/UIKitExtension/Encapsulation/UIColor+Extension.swift /Users/zhouming/Desktop/falcon/falcon/Core/UIKitExtension/Encapsulation/UIViewController+Extension.swift /Users/zhouming/Desktop/falcon/falcon/Core/UIKitExtension/Encapsulation/UIWindow+Extension.swift /Users/zhouming/Desktop/falcon/falcon/Core/UIKitExtension/GCDSimpleCache.swift /Users/zhouming/Desktop/falcon/falcon/Core/UIKitExtension/UIKitBasicViewController.swift /Users/zhouming/Desktop/falcon/falcon/Core/UIKitExtension/UIKitViewController.swift /Users/zhouming/Desktop/falcon/falcon/Core/UIKitExtension/UIKitWindowViewController.swift /Users/zhouming/Desktop/falcon/falcon/Core/UserInfo/UserInfo.swift /Users/zhouming/Desktop/falcon/falcon/Core/UserInfo/UserInfoSession.swift /Users/zhouming/Desktop/falcon/falcon/Core/Util/FileManager+Extension.swift /Users/zhouming/Desktop/falcon/falcon/Core/Util/LoginUtil.swift /Users/zhouming/Desktop/falcon/falcon/Core/Util/PerformanceMeasurer.swift /Users/zhouming/Desktop/falcon/falcon/Core/BaseNavigationController.swift /Users/zhouming/Desktop/falcon/falcon/Demos/BasicKnowledge/Autolayout/TestAutolayoutViewController.swift /Users/zhouming/Desktop/falcon/falcon/Demos/BasicKnowledge/DesignSystem/DesignSystemDemoViewController.swift /Users/zhouming/Desktop/falcon/falcon/Demos/BasicKnowledge/DesignSystem/DSComplexListViewController.swift /Users/zhouming/Desktop/falcon/falcon/Demos/BasicKnowledge/Navigation/UseNavigationBarController.swift /Users/zhouming/Desktop/falcon/falcon/Demos/BasicKnowledge/Protocol/ProtocolDemoViewController.swift /Users/zhouming/Desktop/falcon/falcon/Demos/BasicKnowledge/Queue/Lock/ConcurrentQueueCounter.swift /Users/zhouming/Desktop/falcon/falcon/Demos/BasicKnowledge/Queue/Lock/LockCounter.swift /Users/zhouming/Desktop/falcon/falcon/Demos/BasicKnowledge/Queue/Lock/NSRecursiveLockDemo.swift /Users/zhouming/Desktop/falcon/falcon/Demos/BasicKnowledge/Queue/Lock/SemaphoreCounter.swift /Users/zhouming/Desktop/falcon/falcon/Demos/BasicKnowledge/Queue/Lock/SerialQueueCounter.swift /Users/zhouming/Desktop/falcon/falcon/Demos/BasicKnowledge/Queue/LockGranularity/OnlySonLock.swift /Users/zhouming/Desktop/falcon/falcon/Demos/BasicKnowledge/Queue/LockGranularity/OnlySuperLock.swift /Users/zhouming/Desktop/falcon/falcon/Demos/BasicKnowledge/Queue/QueueViewController.swift /Users/zhouming/Desktop/falcon/falcon/Demos/BasicKnowledge/RunLoop/RunLoopDemoViewController.swift /Users/zhouming/Desktop/falcon/falcon/Demos/BasicKnowledge/Runtime/AssociatedObjectViewController.swift /Users/zhouming/Desktop/falcon/falcon/Demos/BasicKnowledge/Runtime/MethodSwizzlingViewController.swift /Users/zhouming/Desktop/falcon/falcon/Demos/BasicKnowledge/Tabbar/Appearance/TabbarAppearanceDemoViewController.swift /Users/zhouming/Desktop/falcon/falcon/Demos/BasicKnowledge/Tabbar/MDESTabBarController.swift /Users/zhouming/Desktop/falcon/falcon/Demos/BasicKnowledge/Tabbar/MDTabbarController.swift /Users/zhouming/Desktop/falcon/falcon/Demos/BasicKnowledge/Timer/Usage/UsageTimerViewController.swift /Users/zhouming/Desktop/falcon/falcon/Demos/BasicKnowledge/BasicKnowledgeViewController.swift /Users/zhouming/Desktop/falcon/falcon/Demos/Network/Alamofire/GistDetailViewController.swift /Users/zhouming/Desktop/falcon/falcon/Demos/Network/Alamofire/NetworkDemoViewController.swift /Users/zhouming/Desktop/falcon/falcon/Demos/Performance/PerformanceCPUDemoViewController.swift /Users/zhouming/Desktop/falcon/falcon/Demos/Performance/PerformanceGPUDemoViewController.swift /Users/zhouming/Desktop/falcon/falcon/Demos/ThirdParty/DZNEmptyDataSet/Usage/DZNEmptyDataSetUsageViewController.swift /Users/zhouming/Desktop/falcon/falcon/Demos/ThirdParty/JXPagingView/Nest/JXPagingNestedSegmentViewController.swift /Users/zhouming/Desktop/falcon/falcon/Demos/ThirdParty/JXPagingView/JXPagingViewUseViewController.swift /Users/zhouming/Desktop/falcon/falcon/Demos/ThirdParty/MDFullscreenPopGesture/MDFullscreenPopGesture.swift /Users/zhouming/Desktop/falcon/falcon/Demos/ThirdParty/MDFullscreenPopGesture/UINavigationBarController+MDFullscreenPopGestureExtension.swift /Users/zhouming/Desktop/falcon/falcon/Demos/ThirdParty/MDFullscreenPopGesture/UIViewController+MDFullscreenPopGestureExtension.swift /Users/zhouming/Desktop/falcon/falcon/Demos/ThirdParty/SegmentedView/MDScrollView.swift /Users/zhouming/Desktop/falcon/falcon/Demos/ThirdParty/SegmentedView/SegmentedViewUseViewController.swift /Users/zhouming/Desktop/falcon/falcon/Demos/ThirdParty/ZLPhotoBrowser/PhotoBrowerViewController.swift /Users/zhouming/Desktop/falcon/falcon/Demos/ThirdParty/UsageThirdPartyViewController.swift /Users/zhouming/Desktop/falcon/falcon/LearningModules/Alamofire/Encapsulation/Feature/CacheManager.swift /Users/zhouming/Desktop/falcon/falcon/LearningModules/Alamofire/Encapsulation/Feature/NetworkInterceptor.swift /Users/zhouming/Desktop/falcon/falcon/LearningModules/Alamofire/Encapsulation/APIRouter.swift /Users/zhouming/Desktop/falcon/falcon/LearningModules/Alamofire/Encapsulation/BaseResponse.swift /Users/zhouming/Desktop/falcon/falcon/LearningModules/Alamofire/Encapsulation/NetworkConfig.swift /Users/zhouming/Desktop/falcon/falcon/LearningModules/Alamofire/Encapsulation/NetworkError.swift /Users/zhouming/Desktop/falcon/falcon/LearningModules/Alamofire/Encapsulation/NetworkManager.swift /Users/zhouming/Desktop/falcon/falcon/LearningModules/Alamofire/Usage/AlamofireFirstViewController.swift /Users/zhouming/Desktop/falcon/falcon/LearningModules/Alamofire/Usage/AlamofireFourViewController.swift /Users/zhouming/Desktop/falcon/falcon/LearningModules/Alamofire/Usage/AlamofireSecondViewController.swift /Users/zhouming/Desktop/falcon/falcon/LearningModules/Alamofire/Usage/AlamofireThirdViewController.swift /Users/zhouming/Desktop/falcon/falcon/LearningModules/Alamofire/Usage/AlamofireViewController.swift /Users/zhouming/Desktop/falcon/falcon/LearningModules/Alamofire/Usage/AlamofireZeroViewController.swift /Users/zhouming/Desktop/falcon/falcon/LearningModules/Alamofire/Usage/BinAPI.swift /Users/zhouming/Desktop/falcon/falcon/LearningModules/Alamofire/Usage/GistResponse.swift /Users/zhouming/Desktop/falcon/falcon/LearningModules/Alamofire/Usage/HParams.swift /Users/zhouming/Desktop/falcon/falcon/LearningModules/Alamofire/Usage/HResponse.swift /Users/zhouming/Desktop/falcon/falcon/LearningModules/Alamofire/Usage/UserAPI.swift /Users/zhouming/Desktop/falcon/falcon/LearningModules/Alamofire/Usage/WebError.swift /Users/zhouming/Desktop/falcon/falcon/LearningModules/Kingfisher/Cache/KingfisherCache.swift /Users/zhouming/Desktop/falcon/falcon/LearningModules/Kingfisher/Cache/KingfisherDiskCache.swift /Users/zhouming/Desktop/falcon/falcon/LearningModules/Kingfisher/Cache/KingfisherMemoryCache.swift /Users/zhouming/Desktop/falcon/falcon/LearningModules/Kingfisher/Coordinate/KingfisherManager.swift /Users/zhouming/Desktop/falcon/falcon/LearningModules/Kingfisher/Network/KFError.swift /Users/zhouming/Desktop/falcon/falcon/LearningModules/Kingfisher/Network/KingfisherDownloader.swift /Users/zhouming/Desktop/falcon/falcon/LearningModules/Kingfisher/Network/KingfisherSessionDataTask.swift /Users/zhouming/Desktop/falcon/falcon/LearningModules/Kingfisher/Network/KingfisherSessionDelegate.swift /Users/zhouming/Desktop/falcon/falcon/LearningModules/Kingfisher/Usage/KingfisherBasicViewController.swift /Users/zhouming/Desktop/falcon/falcon/LearningModules/Kingfisher/Usage/KingfisherSessionDelegateViewController.swift /Users/zhouming/Desktop/falcon/falcon/LearningModules/Kingfisher/Usage/KingfisherUseNetworkLayerViewController.swift /Users/zhouming/Desktop/falcon/falcon/LearningModules/Kingfisher/Usage/KingfisherViewController.swift /Users/zhouming/Desktop/falcon/falcon/LearningModules/MBProgressHUD/Encapsulation/FAProgressHUD.swift /Users/zhouming/Desktop/falcon/falcon/LearningModules/MBProgressHUD/Usage/FAProgressHUDUsageViewController.swift /Users/zhouming/Desktop/falcon/falcon/LearningModules/Namespace/Encapsulation/falconWrapper.swift /Users/zhouming/Desktop/falcon/falcon/LearningModules/Namespace/NamespaceViewController.swift /Users/zhouming/Desktop/falcon/falcon/LearningModules/Rotation/RotationBestPracticeDemo.swift /Users/zhouming/Desktop/falcon/falcon/LearningModules/Rotation/RotationDemoViewController.swift /Users/zhouming/Desktop/falcon/falcon/LearningModules/Router/Encapsulation/Navigationer.swift /Users/zhouming/Desktop/falcon/falcon/LearningModules/Router/Encapsulation/RouteCompatible.swift /Users/zhouming/Desktop/falcon/falcon/LearningModules/Router/Encapsulation/RouteConvertible.swift /Users/zhouming/Desktop/falcon/falcon/LearningModules/Router/Encapsulation/RouteError.swift /Users/zhouming/Desktop/falcon/falcon/LearningModules/Router/Encapsulation/RouteParser.swift /Users/zhouming/Desktop/falcon/falcon/LearningModules/Router/Encapsulation/SimpleRouter.swift /Users/zhouming/Desktop/falcon/falcon/LearningModules/Router/Usage/Route.swift /Users/zhouming/Desktop/falcon/falcon/LearningModules/Router/Usage/RouterViewController.swift /Users/zhouming/Desktop/falcon/falcon/LearningModules/YYCache/Imitate/SimpleCache/SimpleCache.swift /Users/zhouming/Desktop/falcon/falcon/LearningModules/YYCache/Imitate/SimpleCache/SimpleCacheError.swift /Users/zhouming/Desktop/falcon/falcon/LearningModules/YYCache/Imitate/SimpleCache/SimpleDiskCache.swift /Users/zhouming/Desktop/falcon/falcon/LearningModules/YYCache/Imitate/SimpleCache/SimpleDiskFile.swift /Users/zhouming/Desktop/falcon/falcon/LearningModules/YYCache/Imitate/SimpleCache/SimpleMemoryCache.swift /Users/zhouming/Desktop/falcon/falcon/LearningModules/YYCache/Usage/CacheBasicViewController.swift /Users/zhouming/Desktop/falcon/falcon/LearningModules/YYCache/Usage/CacheDeepInViewController.swift /Users/zhouming/Desktop/falcon/falcon/LearningModules/YYCache/Usage/CacheImitateViewController.swift /Users/zhouming/Desktop/falcon/falcon/LearningModules/YYCache/Usage/CacheUsageViewController.swift /Users/zhouming/Desktop/falcon/falcon/LearningModules/YYCache/Usage/CacheViewController.swift /Users/zhouming/Desktop/falcon/falcon/LearningModules/YYCache/Usage/GCDCacheViewController.swift /Users/zhouming/Desktop/falcon/falcon/LearningModules/YYCache/Usage/LockBenchmarkViewController.swift /Users/zhouming/Desktop/falcon/falcon/LearningModules/YYCache/Usage/LockBlockingViewController.swift /Users/zhouming/Desktop/falcon/falcon/LearningModules/YYCache/Usage/ThreadUnsafeDemoViewController.swift /Users/zhouming/Desktop/falcon/falcon/LearningModules/YYText/FeedViewController.swift /Users/zhouming/Desktop/falcon/falcon/LearningModules/YYText/YYTextAttributeViewController.swift /Users/zhouming/Desktop/falcon/falcon/LearningModules/YYText/YYTextController.swift /Users/zhouming/Desktop/falcon/falcon/LearningModules/YYText/YYTextLayoutViewController.swift /Users/zhouming/Desktop/falcon/falcon/Login/LoginViewController.swift /Users/zhouming/Desktop/falcon/falcon/AppDelegate.swift /Users/zhouming/Desktop/falcon/falcon/HomeViewController.swift /Users/zhouming/Desktop/falcon/falcon/SceneDelegate.swift /Users/zhouming/Library/Developer/Xcode/DerivedData/falcon-gsoilikaxsflzjexzrtqkcenvrbo/Build/Intermediates.noindex/falcon.build/Release-iphonesimulator/falcon.build/DerivedSources/GeneratedAssetSymbols.swift /Applications/Xcode.app/Contents/Developer/Toolchains/XcodeDefault.xctoolchain/usr/lib/swift/iphonesimulator/prebuilt-modules/26.0/AVFoundation.swiftmodule/arm64-apple-ios-simulator.swiftmodule /Applications/Xcode.app/Contents/Developer/Toolchains/XcodeDefault.xctoolchain/usr/lib/swift/iphonesimulator/prebuilt-modules/26.0/SwiftUI.swiftmodule/arm64-apple-ios-simulator.swiftmodule /Applications/Xcode.app/Contents/Developer/Toolchains/XcodeDefault.xctoolchain/usr/lib/swift/iphonesimulator/prebuilt-modules/26.0/simd.swiftmodule/arm64-apple-ios-simulator.swiftmodule /Applications/Xcode.app/Contents/Developer/Toolchains/XcodeDefault.xctoolchain/usr/lib/swift/iphonesimulator/prebuilt-modules/26.0/XPC.swiftmodule/arm64-apple-ios-simulator.swiftmodule /Applications/Xcode.app/Contents/Developer/Toolchains/XcodeDefault.xctoolchain/usr/lib/swift/iphonesimulator/prebuilt-modules/26.0/CarPlay.swiftmodule/arm64-apple-ios-simulator.swiftmodule /Applications/Xcode.app/Contents/Developer/Toolchains/XcodeDefault.xctoolchain/usr/lib/swift/iphonesimulator/prebuilt-modules/26.0/MapKit.swiftmodule/arm64-apple-ios-simulator.swiftmodule /Applications/Xcode.app/Contents/Developer/Toolchains/XcodeDefault.xctoolchain/usr/lib/swift/iphonesimulator/prebuilt-modules/26.0/Swift.swiftmodule/arm64-apple-ios-simulator.swiftmodule /Applications/Xcode.app/Contents/Developer/Toolchains/XcodeDefault.xctoolchain/usr/lib/swift/iphonesimulator/prebuilt-modules/26.0/FileProvider.swiftmodule/arm64-apple-ios-simulator.swiftmodule /Applications/Xcode.app/Contents/Developer/Toolchains/XcodeDefault.xctoolchain/usr/lib/swift/iphonesimulator/prebuilt-modules/26.0/Dispatch.swiftmodule/arm64-apple-ios-simulator.swiftmodule /Applications/Xcode.app/Contents/Developer/Toolchains/XcodeDefault.xctoolchain/usr/lib/swift/iphonesimulator/prebuilt-modules/26.0/Accessibility.swiftmodule/arm64-apple-ios-simulator.swiftmodule /Users/zhouming/Library/Developer/Xcode/DerivedData/falcon-gsoilikaxsflzjexzrtqkcenvrbo/Build/Products/Release-iphonesimulator/ESTabBarController-swift/ESTabBarController_swift.framework/Modules/ESTabBarController_swift.swiftmodule/arm64-apple-ios-simulator.swiftmodule /Applications/Xcode.app/Contents/Developer/Toolchains/XcodeDefault.xctoolchain/usr/lib/swift/iphonesimulator/prebuilt-modules/26.0/CoreAudio.swiftmodule/arm64-apple-ios-simulator.swiftmodule /Applications/Xcode.app/Contents/Developer/Toolchains/XcodeDefault.xctoolchain/usr/lib/swift/iphonesimulator/prebuilt-modules/26.0/Symbols.swiftmodule/arm64-apple-ios-simulator.swiftmodule /Users/zhouming/Library/Developer/Xcode/DerivedData/falcon-gsoilikaxsflzjexzrtqkcenvrbo/Build/Products/Release-iphonesimulator/SnapKit/SnapKit.framework/Modules/SnapKit.swiftmodule/arm64-apple-ios-simulator.swiftmodule /Applications/Xcode.app/Contents/Developer/Toolchains/XcodeDefault.xctoolchain/usr/lib/swift/iphonesimulator/prebuilt-modules/26.0/Distributed.swiftmodule/arm64-apple-ios-simulator.swiftmodule /Applications/Xcode.app/Contents/Developer/Toolchains/XcodeDefault.xctoolchain/usr/lib/swift/iphonesimulator/prebuilt-modules/26.0/AVFAudio.swiftmodule/arm64-apple-ios-simulator.swiftmodule /Applications/Xcode.app/Contents/Developer/Toolchains/XcodeDefault.xctoolchain/usr/lib/swift/iphonesimulator/prebuilt-modules/26.0/_DarwinFoundation2.swiftmodule/arm64-apple-ios-simulator.swiftmodule /Applications/Xcode.app/Contents/Developer/Toolchains/XcodeDefault.xctoolchain/usr/lib/swift/iphonesimulator/prebuilt-modules/26.0/CoreData.swiftmodule/arm64-apple-ios-simulator.swiftmodule /Applications/Xcode.app/Contents/Developer/Toolchains/XcodeDefault.xctoolchain/usr/lib/swift/iphonesimulator/prebuilt-modules/26.0/_DarwinFoundation3.swiftmodule/arm64-apple-ios-simulator.swiftmodule /Applications/Xcode.app/Contents/Developer/Toolchains/XcodeDefault.xctoolchain/usr/lib/swift/iphonesimulator/prebuilt-modules/26.0/LocalAuthentication.swiftmodule/arm64-apple-ios-simulator.swiftmodule /Applications/Xcode.app/Contents/Developer/Toolchains/XcodeDefault.xctoolchain/usr/lib/swift/iphonesimulator/prebuilt-modules/26.0/SwiftUICore.swiftmodule/arm64-apple-ios-simulator.swiftmodule /Applications/Xcode.app/Contents/Developer/Toolchains/XcodeDefault.xctoolchain/usr/lib/swift/iphonesimulator/prebuilt-modules/26.0/_StringProcessing.swiftmodule/arm64-apple-ios-simulator.swiftmodule /Applications/Xcode.app/Contents/Developer/Toolchains/XcodeDefault.xctoolchain/usr/lib/swift/iphonesimulator/prebuilt-modules/26.0/CoreVideo.swiftmodule/arm64-apple-ios-simulator.swiftmodule /Applications/Xcode.app/Contents/Developer/Toolchains/XcodeDefault.xctoolchain/usr/lib/swift/iphonesimulator/prebuilt-modules/26.0/Photos.swiftmodule/arm64-apple-ios-simulator.swiftmodule /Applications/Xcode.app/Contents/Developer/Toolchains/XcodeDefault.xctoolchain/usr/lib/swift/iphonesimulator/prebuilt-modules/26.0/Network.swiftmodule/arm64-apple-ios-simulator.swiftmodule /Users/zhouming/Library/Developer/Xcode/DerivedData/falcon-gsoilikaxsflzjexzrtqkcenvrbo/Build/Products/Release-iphonesimulator/Alamofire/Alamofire.framework/Modules/Alamofire.swiftmodule/arm64-apple-ios-simulator.swiftmodule /Applications/Xcode.app/Contents/Developer/Toolchains/XcodeDefault.xctoolchain/usr/lib/swift/iphonesimulator/prebuilt-modules/26.0/CoreGraphics.swiftmodule/arm64-apple-ios-simulator.swiftmodule /Applications/Xcode.app/Contents/Developer/Toolchains/XcodeDefault.xctoolchain/usr/lib/swift/iphonesimulator/prebuilt-modules/26.0/CoreMedia.swiftmodule/arm64-apple-ios-simulator.swiftmodule /Applications/Xcode.app/Contents/Developer/Toolchains/XcodeDefault.xctoolchain/usr/lib/swift/iphonesimulator/prebuilt-modules/26.0/_Concurrency.swiftmodule/arm64-apple-ios-simulator.swiftmodule /Applications/Xcode.app/Contents/Developer/Toolchains/XcodeDefault.xctoolchain/usr/lib/swift/iphonesimulator/prebuilt-modules/26.0/AVKit.swiftmodule/arm64-apple-ios-simulator.swiftmodule /Users/zhouming/Library/Developer/Xcode/DerivedData/falcon-gsoilikaxsflzjexzrtqkcenvrbo/Build/Products/Release-iphonesimulator/JXSegmentedView/JXSegmentedView.framework/Modules/JXSegmentedView.swiftmodule/arm64-apple-ios-simulator.swiftmodule /Applications/Xcode.app/Contents/Developer/Toolchains/XcodeDefault.xctoolchain/usr/lib/swift/iphonesimulator/prebuilt-modules/26.0/Observation.swiftmodule/arm64-apple-ios-simulator.swiftmodule /Applications/Xcode.app/Contents/Developer/Toolchains/XcodeDefault.xctoolchain/usr/lib/swift/iphonesimulator/prebuilt-modules/26.0/_Builtin_float.swiftmodule/arm64-apple-ios-simulator.swiftmodule /Applications/Xcode.app/Contents/Developer/Toolchains/XcodeDefault.xctoolchain/usr/lib/swift/iphonesimulator/prebuilt-modules/26.0/UniformTypeIdentifiers.swiftmodule/arm64-apple-ios-simulator.swiftmodule /Applications/Xcode.app/Contents/Developer/Toolchains/XcodeDefault.xctoolchain/usr/lib/swift/iphonesimulator/prebuilt-modules/26.0/DataDetection.swiftmodule/arm64-apple-ios-simulator.swiftmodule /Applications/Xcode.app/Contents/Developer/Toolchains/XcodeDefault.xctoolchain/usr/lib/swift/iphonesimulator/prebuilt-modules/26.0/OSLog.swiftmodule/arm64-apple-ios-simulator.swiftmodule /Applications/Xcode.app/Contents/Developer/Toolchains/XcodeDefault.xctoolchain/usr/lib/swift/iphonesimulator/prebuilt-modules/26.0/Combine.swiftmodule/arm64-apple-ios-simulator.swiftmodule /Applications/Xcode.app/Contents/Developer/Toolchains/XcodeDefault.xctoolchain/usr/lib/swift/iphonesimulator/prebuilt-modules/26.0/_DarwinFoundation1.swiftmodule/arm64-apple-ios-simulator.swiftmodule /Applications/Xcode.app/Contents/Developer/Toolchains/XcodeDefault.xctoolchain/usr/lib/swift/iphonesimulator/prebuilt-modules/26.0/QuartzCore.swiftmodule/arm64-apple-ios-simulator.swiftmodule /Applications/Xcode.app/Contents/Developer/Toolchains/XcodeDefault.xctoolchain/usr/lib/swift/iphonesimulator/prebuilt-modules/26.0/Accelerate.swiftmodule/arm64-apple-ios-simulator.swiftmodule /Applications/Xcode.app/Contents/Developer/Toolchains/XcodeDefault.xctoolchain/usr/lib/swift/iphonesimulator/prebuilt-modules/26.0/CoreLocation.swiftmodule/arm64-apple-ios-simulator.swiftmodule /Applications/Xcode.app/Contents/Developer/Toolchains/XcodeDefault.xctoolchain/usr/lib/swift/iphonesimulator/prebuilt-modules/26.0/CoreTransferable.swiftmodule/arm64-apple-ios-simulator.swiftmodule /Applications/Xcode.app/Contents/Developer/Toolchains/XcodeDefault.xctoolchain/usr/lib/swift/iphonesimulator/prebuilt-modules/26.0/AudioToolbox.swiftmodule/arm64-apple-ios-simulator.swiftmodule /Applications/Xcode.app/Contents/Developer/Toolchains/XcodeDefault.xctoolchain/usr/lib/swift/iphonesimulator/prebuilt-modules/26.0/PhotosUI.swiftmodule/arm64-apple-ios-simulator.swiftmodule /Applications/Xcode.app/Contents/Developer/Toolchains/XcodeDefault.xctoolchain/usr/lib/swift/iphonesimulator/prebuilt-modules/26.0/Spatial.swiftmodule/arm64-apple-ios-simulator.swiftmodule /Applications/Xcode.app/Contents/Developer/Toolchains/XcodeDefault.xctoolchain/usr/lib/swift/iphonesimulator/prebuilt-modules/26.0/UIKit.swiftmodule/arm64-apple-ios-simulator.swiftmodule /Applications/Xcode.app/Contents/Developer/Toolchains/XcodeDefault.xctoolchain/usr/lib/swift/iphonesimulator/prebuilt-modules/26.0/Synchronization.swiftmodule/arm64-apple-ios-simulator.swiftmodule /Applications/Xcode.app/Contents/Developer/Toolchains/XcodeDefault.xctoolchain/usr/lib/swift/iphonesimulator/prebuilt-modules/26.0/CoreMotion.swiftmodule/arm64-apple-ios-simulator.swiftmodule /Applications/Xcode.app/Contents/Developer/Toolchains/XcodeDefault.xctoolchain/usr/lib/swift/iphonesimulator/prebuilt-modules/26.0/ObjectiveC.swiftmodule/arm64-apple-ios-simulator.swiftmodule /Applications/Xcode.app/Contents/Developer/Toolchains/XcodeDefault.xctoolchain/usr/lib/swift/iphonesimulator/prebuilt-modules/26.0/CoreImage.swiftmodule/arm64-apple-ios-simulator.swiftmodule /Applications/Xcode.app/Contents/Developer/Toolchains/XcodeDefault.xctoolchain/usr/lib/swift/iphonesimulator/prebuilt-modules/26.0/GeoToolbox.swiftmodule/arm64-apple-ios-simulator.swiftmodule /Applications/Xcode.app/Contents/Developer/Toolchains/XcodeDefault.xctoolchain/usr/lib/swift/iphonesimulator/prebuilt-modules/26.0/os.swiftmodule/arm64-apple-ios-simulator.swiftmodule /Applications/Xcode.app/Contents/Developer/Toolchains/XcodeDefault.xctoolchain/usr/lib/swift/iphonesimulator/prebuilt-modules/26.0/CoreMIDI.swiftmodule/arm64-apple-ios-simulator.swiftmodule /Applications/Xcode.app/Contents/Developer/Toolchains/XcodeDefault.xctoolchain/usr/lib/swift/iphonesimulator/prebuilt-modules/26.0/System.swiftmodule/arm64-apple-ios-simulator.swiftmodule /Users/zhouming/Library/Developer/Xcode/DerivedData/falcon-gsoilikaxsflzjexzrtqkcenvrbo/Build/Products/Release-iphonesimulator/ZLPhotoBrowser/ZLPhotoBrowser.framework/Modules/ZLPhotoBrowser.swiftmodule/arm64-apple-ios-simulator.swiftmodule /Applications/Xcode.app/Contents/Developer/Toolchains/XcodeDefault.xctoolchain/usr/lib/swift/iphonesimulator/prebuilt-modules/26.0/CoreText.swiftmodule/arm64-apple-ios-simulator.swiftmodule /Applications/Xcode.app/Contents/Developer/Toolchains/XcodeDefault.xctoolchain/usr/lib/swift/iphonesimulator/prebuilt-modules/26.0/Foundation.swiftmodule/arm64-apple-ios-simulator.swiftmodule /Applications/Xcode.app/Contents/Developer/Toolchains/XcodeDefault.xctoolchain/usr/lib/swift/iphonesimulator/prebuilt-modules/26.0/DeveloperToolsSupport.swiftmodule/arm64-apple-ios-simulator.swiftmodule /Applications/Xcode.app/Contents/Developer/Toolchains/XcodeDefault.xctoolchain/usr/lib/swift/iphonesimulator/prebuilt-modules/26.0/TipKit.swiftmodule/arm64-apple-ios-simulator.swiftmodule /Users/zhouming/Library/Developer/Xcode/DerivedData/falcon-gsoilikaxsflzjexzrtqkcenvrbo/Build/Products/Release-iphonesimulator/JXPagingView/JXPagingView.framework/Modules/JXPagingView.swiftmodule/arm64-apple-ios-simulator.swiftmodule /Applications/Xcode.app/Contents/Developer/Toolchains/XcodeDefault.xctoolchain/usr/lib/swift/iphonesimulator/prebuilt-modules/26.0/CryptoKit.swiftmodule/arm64-apple-ios-simulator.swiftmodule /Applications/Xcode.app/Contents/Developer/Toolchains/XcodeDefault.xctoolchain/usr/lib/swift/iphonesimulator/prebuilt-modules/26.0/Metal.swiftmodule/arm64-apple-ios-simulator.swiftmodule /Applications/Xcode.app/Contents/Developer/Toolchains/XcodeDefault.xctoolchain/usr/lib/swift/iphonesimulator/prebuilt-modules/26.0/Darwin.swiftmodule/arm64-apple-ios-simulator.swiftmodule /Applications/Xcode.app/Contents/Developer/Toolchains/XcodeDefault.xctoolchain/usr/lib/swift/iphonesimulator/prebuilt-modules/26.0/CoreFoundation.swiftmodule/arm64-apple-ios-simulator.swiftmodule /Users/zhouming/Library/Developer/Xcode/DerivedData/falcon-gsoilikaxsflzjexzrtqkcenvrbo/Build/Products/Release-iphonesimulator/Kingfisher/Kingfisher.framework/Modules/Kingfisher.swiftmodule/arm64-apple-ios-simulator.swiftmodule /Users/zhouming/Library/Developer/Xcode/DerivedData/falcon-gsoilikaxsflzjexzrtqkcenvrbo/Build/Intermediates.noindex/SwiftExplicitPrecompiledModules/ZLPhotoBrowser-78GOD5DCDEQCH2TJNRTGURPC.pcm /Users/zhouming/Library/Developer/Xcode/DerivedData/ModuleCache.noindex/CoreVideo-4OTEAZA53GX7RMFACKWR5K634.pcm /Users/zhouming/Library/Developer/Xcode/DerivedData/ModuleCache.noindex/SwiftShims-4XLUTJTCTO2XMUD2OMT7D855A.pcm /Users/zhouming/Library/Developer/Xcode/DerivedData/ModuleCache.noindex/CoreMotion-2YMYN7N8U5E86BZ6MJA09Q5OM.pcm /Users/zhouming/Library/Developer/Xcode/DerivedData/ModuleCache.noindex/dnssd-540AXLZEKI31YNSZ5EXOK64AJ.pcm /Users/zhouming/Library/Developer/Xcode/DerivedData/ModuleCache.noindex/_Builtin_stdint-72EYIGBF2JV3I33RBRSUXJ9WW.pcm /Users/zhouming/Library/Developer/Xcode/DerivedData/ModuleCache.noindex/simd-59QBXNZT1BYIQVHKXLGJLSJ1R.pcm /Users/zhouming/Library/Developer/Xcode/DerivedData/ModuleCache.noindex/CoreServices-BPA4ZFMPIJXLPPQMTXMB4YYJO.pcm /Users/zhouming/Library/Developer/Xcode/DerivedData/ModuleCache.noindex/Photos-AO7A6GUH7BCIK5NV44CHFEE99.pcm /Users/zhouming/Library/Developer/Xcode/DerivedData/ModuleCache.noindex/CoreMIDI-81O4UDFV41N167V0RSNZLPCNO.pcm /Users/zhouming/Library/Developer/Xcode/DerivedData/ModuleCache.noindex/CarPlay-CQVSNW5T7JKAKAS656NKKNF9S.pcm /Users/zhouming/Library/Developer/Xcode/DerivedData/falcon-gsoilikaxsflzjexzrtqkcenvrbo/Build/Intermediates.noindex/SwiftExplicitPrecompiledModules/YYText-CVD0BTCZR3A64XXVJUATQ1NP8.pcm /Users/zhouming/Library/Developer/Xcode/DerivedData/ModuleCache.noindex/MobileCoreServices-87VYXJAYBM334U12E9VBICP2N.pcm /Users/zhouming/Library/Developer/Xcode/DerivedData/ModuleCache.noindex/OSLog-97OPMC4OR29F6XUR2SFQ18KLR.pcm /Users/zhouming/Library/Developer/Xcode/DerivedData/ModuleCache.noindex/UIUtilities-8LTVS4BCCZFLQB6ZJSCHO5ZGM.pcm /Users/zhouming/Library/Developer/Xcode/DerivedData/ModuleCache.noindex/zlib-7D3MAYOHD7PV99WXEYW8ACXEO.pcm /Users/zhouming/Library/Developer/Xcode/DerivedData/ModuleCache.noindex/Network-8DVV0SHPWLV0SRM7796WWBPT4.pcm /Users/zhouming/Library/Developer/Xcode/DerivedData/ModuleCache.noindex/Accelerate-DI7E5MPG0A1LC4SE1P7PSBT2F.pcm /Users/zhouming/Library/Developer/Xcode/DerivedData/ModuleCache.noindex/PhotosUI-92YNZSTQ3RV7KF7DTTIZGKWFJ.pcm /Users/zhouming/Library/Developer/Xcode/DerivedData/ModuleCache.noindex/_Builtin_inttypes-7T67IOH9GBTIX1375A89KVGT7.pcm /Users/zhouming/Library/Developer/Xcode/DerivedData/ModuleCache.noindex/LocalAuthentication-1W0HM8XO380BTIDS11VNZ7AF.pcm /Users/zhouming/Library/Developer/Xcode/DerivedData/ModuleCache.noindex/ImageIO-5LWJEE9A2FI24JV76H3CAJHFM.pcm /Users/zhouming/Library/Developer/Xcode/DerivedData/falcon-gsoilikaxsflzjexzrtqkcenvrbo/Build/Intermediates.noindex/SwiftExplicitPrecompiledModules/JXSegmentedView-EFKLBNSCVHFOLLDHNOB05L2ED.pcm /Users/zhouming/Library/Developer/Xcode/DerivedData/ModuleCache.noindex/_Builtin_stdatomic-AN8PHCJ9SP778541VBAKYV3KR.pcm /Users/zhouming/Library/Developer/Xcode/DerivedData/ModuleCache.noindex/CoreImage-3PSGNTK5I9R0XKCDCNAOG3EAY.pcm /Users/zhouming/Library/Developer/Xcode/DerivedData/ModuleCache.noindex/FileProvider-ELICWS6JLKQIUMBN0FRYB851J.pcm /Users/zhouming/Library/Developer/Xcode/DerivedData/ModuleCache.noindex/Metal-8TU11Z95L24RF8CE9JU7TUV8F.pcm /Users/zhouming/Library/Developer/Xcode/DerivedData/ModuleCache.noindex/_SwiftConcurrencyShims-4D1ZQ7R3UB2Y8DKBDK5T0374T.pcm /Users/zhouming/Library/Developer/Xcode/DerivedData/ModuleCache.noindex/Accessibility-C96H0J8WDBNVHX4IC2C4B369B.pcm /Users/zhouming/Library/Developer/Xcode/DerivedData/ModuleCache.noindex/CoreMedia-C5BET60938R968ZT1KO1X8EJJ.pcm /Users/zhouming/Library/Developer/Xcode/DerivedData/ModuleCache.noindex/os-DHOSEO8E4O50WWCBI79R7F13T.pcm /Users/zhouming/Library/Developer/Xcode/DerivedData/ModuleCache.noindex/AVFoundation-4WBG5XCW3DPYNOCBYDY03U9ZC.pcm /Users/zhouming/Library/Developer/Xcode/DerivedData/ModuleCache.noindex/Foundation-1H9D1WVWOXTUZWKMC91LYUW0S.pcm /Users/zhouming/Library/Developer/Xcode/DerivedData/ModuleCache.noindex/Symbols-2YAYPBWSBD5LR0TRE15TTNXK1.pcm /Users/zhouming/Library/Developer/Xcode/DerivedData/ModuleCache.noindex/_DarwinFoundation1-2EFOHLG9XS6330MI47FYGW13Y.pcm /Users/zhouming/Library/Developer/Xcode/DerivedData/ModuleCache.noindex/OpenGLES-7M4DJ81LM9RF75PV7WE4F96M1.pcm /Users/zhouming/Library/Developer/Xcode/DerivedData/ModuleCache.noindex/CoreAudioTypes-CJOVP3SFVYUPYJNXH1MCH0141.pcm /Users/zhouming/Library/Developer/Xcode/DerivedData/falcon-gsoilikaxsflzjexzrtqkcenvrbo/Build/Intermediates.noindex/SwiftExplicitPrecompiledModules/ESTabBarController_swift-1SCWGGLHR0H9GT31AVC16V8XL.pcm /Users/zhouming/Library/Developer/Xcode/DerivedData/ModuleCache.noindex/CoreData-BPGE8ZJUUYUAU9H53PGM6RBO.pcm /Users/zhouming/Library/Developer/Xcode/DerivedData/ModuleCache.noindex/SystemConfiguration-40Z79M24NKUVDXVSIUS23GDVN.pcm /Users/zhouming/Library/Developer/Xcode/DerivedData/ModuleCache.noindex/_DarwinFoundation2-AHJWFRHCRY8T78R22PZXZWC8I.pcm /Users/zhouming/Library/Developer/Xcode/DerivedData/ModuleCache.noindex/CoreLocation-9K8VAVFGUA2BCQGH207DB4B2C.pcm /Users/zhouming/Library/Developer/Xcode/DerivedData/ModuleCache.noindex/MediaToolbox-EZJ7K86C047Y9OHDARN7JWPQZ.pcm /Users/zhouming/Library/Developer/Xcode/DerivedData/ModuleCache.noindex/UniformTypeIdentifiers-2UD3ND1D12A7QAD49Z307PTGD.pcm /Users/zhouming/Library/Developer/Xcode/DerivedData/ModuleCache.noindex/MachO-4RMPC75JMG3ISP0USOQN5XMCR.pcm /Users/zhouming/Library/Developer/Xcode/DerivedData/ModuleCache.noindex/CoreFoundation-9EIXKJ371TRKP4VVA50526DX7.pcm /Users/zhouming/Library/Developer/Xcode/DerivedData/falcon-gsoilikaxsflzjexzrtqkcenvrbo/Build/Intermediates.noindex/SwiftExplicitPrecompiledModules/Kingfisher-7OT91F8ZHKAO8JKUA6JDDXCCN.pcm /Users/zhouming/Library/Developer/Xcode/DerivedData/ModuleCache.noindex/Dispatch-EHGASZIJG34TROCMG7US3I2WN.pcm /Users/zhouming/Library/Developer/Xcode/DerivedData/ModuleCache.noindex/CoreText-B37U0EBD5F4IYDTP5BLS52WUX.pcm /Users/zhouming/Library/Developer/Xcode/DerivedData/ModuleCache.noindex/_Builtin_stdbool-47BX623Z6R7SZH3GYZUSDM4JE.pcm /Users/zhouming/Library/Developer/Xcode/DerivedData/ModuleCache.noindex/Security-9U7R1MEN8AIOI98K7Q1ZGU8VW.pcm /Users/zhouming/Library/Developer/Xcode/DerivedData/ModuleCache.noindex/AVKit-8Z01YCZBXAIHLHB0JUZWO3KCZ.pcm /Users/zhouming/Library/Developer/Xcode/DerivedData/ModuleCache.noindex/UIKit-4XYIJTEGGKCXFFDODX4MFI9QX.pcm /Users/zhouming/Library/Developer/Xcode/DerivedData/ModuleCache.noindex/_LocationEssentials-DPIGO8QTD8I4KSLB07J9WDHOL.pcm /Users/zhouming/Library/Developer/Xcode/DerivedData/ModuleCache.noindex/ptrauth-XQ3O9RU8KQVSK2Q1QZMLKH87.pcm /Users/zhouming/Library/Developer/Xcode/DerivedData/ModuleCache.noindex/IOSurface-61JEJSLU2CWN2B6K5J1BOL8V7.pcm /Users/zhouming/Library/Developer/Xcode/DerivedData/ModuleCache.noindex/MapKit-A3J5809DTXXJLXJDZY39NEW6S.pcm /Users/zhouming/Library/Developer/Xcode/DerivedData/ModuleCache.noindex/_Builtin_intrinsics-C6HEO19YPBDVLV48FOFAUJ28T.pcm /Users/zhouming/Library/Developer/Xcode/DerivedData/ModuleCache.noindex/_Builtin_stddef-QMAITMGEB2AMIHNP3Z9EZYCG.pcm /Users/zhouming/Library/Developer/Xcode/DerivedData/falcon-gsoilikaxsflzjexzrtqkcenvrbo/Build/Intermediates.noindex/SwiftExplicitPrecompiledModules/JXPagingView-8RF26R7A4G75HG8WBKC9I8Y4W.pcm /Users/zhouming/Library/Developer/Xcode/DerivedData/ModuleCache.noindex/SwiftUI-B9W36K64BC7NN9O8XSQBGKMVW.pcm /Users/zhouming/Library/Developer/Xcode/DerivedData/ModuleCache.noindex/CFNetwork-6VDMCBSJRC1L3U6XHS1QDNHAR.pcm /Users/zhouming/Library/Developer/Xcode/DerivedData/ModuleCache.noindex/sys_types-9V7XYLNGZH7JHRHOBPAUK56QW.pcm /Users/zhouming/Library/Developer/Xcode/DerivedData/ModuleCache.noindex/_Builtin_tgmath-5PHPYAP1UCAOVLXHOAD2UIFH7.pcm /Users/zhouming/Library/Developer/Xcode/DerivedData/ModuleCache.noindex/ObjectiveC-EZRZYG6VGOJO6QPEOD8V3JU3U.pcm /Users/zhouming/Library/Developer/Xcode/DerivedData/ModuleCache.noindex/SwiftUICore-EVIVTVG0CLI4DKMTM0MLQSN28.pcm /Users/zhouming/Library/Developer/Xcode/DerivedData/ModuleCache.noindex/Spatial-9SBQUIL1YFL35SOU91GEU9WQ0.pcm /Users/zhouming/Library/Developer/Xcode/DerivedData/ModuleCache.noindex/Darwin-1FS56FBDTX521IUB4OKCB61J3.pcm /Users/zhouming/Library/Developer/Xcode/DerivedData/ModuleCache.noindex/DataDetection-97PFJC19IZX2AO6LGM06Q4HT9.pcm /Users/zhouming/Library/Developer/Xcode/DerivedData/ModuleCache.noindex/CoreTransferable-1Z5ZT0L82GBLHIYDK8J3ND7WP.pcm /Users/zhouming/Library/Developer/Xcode/DerivedData/ModuleCache.noindex/os_workgroup-ALJPKVK41Q7UVW06V4XU60HUW.pcm /Users/zhouming/Library/Developer/Xcode/DerivedData/ModuleCache.noindex/_DarwinFoundation3-961X7OZLDIY15YLVLPALWGZ42.pcm /Users/zhouming/Library/Developer/Xcode/DerivedData/ModuleCache.noindex/QuartzCore-119DBBHROA94PNB2JK6WVZTDF.pcm /Users/zhouming/Library/Developer/Xcode/DerivedData/falcon-gsoilikaxsflzjexzrtqkcenvrbo/Build/Intermediates.noindex/SwiftExplicitPrecompiledModules/YYCache-95E5OV6YV6YDJCESGQ5W3CG7D.pcm /Users/zhouming/Library/Developer/Xcode/DerivedData/ModuleCache.noindex/_Builtin_limits-3505OA8Y7ESM9G8GBQJSC185L.pcm /Users/zhouming/Library/Developer/Xcode/DerivedData/ModuleCache.noindex/ptrcheck-8ZXQV9V7S4QVBDZSUN55S3NJI.pcm /Users/zhouming/Library/Developer/Xcode/DerivedData/ModuleCache.noindex/UserNotifications-ANOB14YIEOXFWNDLD5EDMS6IW.pcm /Users/zhouming/Library/Developer/Xcode/DerivedData/ModuleCache.noindex/XPC-7RSB0JWFMXSUB2902MNE897U9.pcm /Users/zhouming/Library/Developer/Xcode/DerivedData/ModuleCache.noindex/CommonCrypto-4JGSTC13OVKJAGV0Y3ER0011P.pcm /Users/zhouming/Library/Developer/Xcode/DerivedData/ModuleCache.noindex/_AvailabilityInternal-BB3BOLJOCPTMG62CVZCAXE9L0.pcm /Users/zhouming/Library/Developer/Xcode/DerivedData/ModuleCache.noindex/AVRouting-C5KFHQFN7GGH39APVNEJNQP70.pcm /Users/zhouming/Library/Developer/Xcode/DerivedData/ModuleCache.noindex/AVFAudio-B1603RKJP0JKT9VWNRQ5716X2.pcm /Users/zhouming/Library/Developer/Xcode/DerivedData/falcon-gsoilikaxsflzjexzrtqkcenvrbo/Build/Intermediates.noindex/SwiftExplicitPrecompiledModules/Alamofire-2T14AVSZHK3VAX2LOTCV8CPVG.pcm /Users/zhouming/Library/Developer/Xcode/DerivedData/ModuleCache.noindex/DeveloperToolsSupport-60QNU8BXXV9X8PV0E2KH4QWVE.pcm /Users/zhouming/Library/Developer/Xcode/DerivedData/ModuleCache.noindex/AudioToolbox-AWDU971MI68F0KIFV2U2P37Q8.pcm /Users/zhouming/Library/Developer/Xcode/DerivedData/ModuleCache.noindex/os_object-6V87ZCI3I0NWQDU020EZIEWM1.pcm /Users/zhouming/Library/Developer/Xcode/DerivedData/ModuleCache.noindex/_Builtin_float-CK1KCS9DCWQUBQJDX85PSMAZ5.pcm /Users/zhouming/Library/Developer/Xcode/DerivedData/falcon-gsoilikaxsflzjexzrtqkcenvrbo/Build/Intermediates.noindex/SwiftExplicitPrecompiledModules/SnapKit-D675E427VHVYQZ6Z17ZVUU6VZ.pcm /Users/zhouming/Library/Developer/Xcode/DerivedData/ModuleCache.noindex/CoreAudio-5K8S8QH7HX8BHJATXW1TY2PGT.pcm /Users/zhouming/Library/Developer/Xcode/DerivedData/ModuleCache.noindex/CoreGraphics-AY93UOS1HQDTHL6PF4FHQ9JHV.pcm /Users/zhouming/Library/Developer/Xcode/DerivedData/ModuleCache.noindex/_Builtin_stdarg-CSZZUI8H8B36FACUNQ3LLVXHB.pcm /Users/zhouming/Library/Developer/Xcode/DerivedData/falcon-gsoilikaxsflzjexzrtqkcenvrbo/Build/Intermediates.noindex/falcon.build/Release-iphonesimulator/falcon.build/Objects-normal/arm64/falcon-dependencies-2.json (in target 'falcon' from project 'falcon')

CompileSwift normal arm64 (in target 'falcon' from project 'falcon')
    cd /Users/zhouming/Desktop/falcon
    

SwiftCompile normal x86_64 Compiling\ DSCardListCell.swift,\ DSAvatar.swift,\ DSBannerView.swift,\ DSButton.swift,\ DSCardView.swift,\ DSEmptyStateView.swift,\ DSImageCardView.swift,\ DSLabel.swift,\ DSLoadingView.swift,\ DSTag.swift,\ DSTextField.swift,\ DSToast.swift,\ DSColor.swift,\ DSSpacing.swift,\ DSTypography.swift,\ String+Extension.swift,\ UIColor+Extension.swift,\ UIViewController+Extension.swift,\ UIWindow+Extension.swift,\ GCDSimpleCache.swift,\ UIKitBasicViewController.swift,\ UIKitViewController.swift,\ UIKitWindowViewController.swift,\ UserInfo.swift,\ UserInfoSession.swift,\ FileManager+Extension.swift,\ LoginUtil.swift,\ PerformanceMeasurer.swift,\ BaseNavigationController.swift,\ TestAutolayoutViewController.swift,\ DesignSystemDemoViewController.swift,\ DSComplexListViewController.swift,\ UseNavigationBarController.swift,\ ProtocolDemoViewController.swift,\ ConcurrentQueueCounter.swift,\ LockCounter.swift,\ NSRecursiveLockDemo.swift,\ SemaphoreCounter.swift,\ SerialQueueCounter.swift,\ OnlySonLock.swift,\ OnlySuperLock.swift,\ QueueViewController.swift,\ RunLoopDemoViewController.swift,\ AssociatedObjectViewController.swift,\ MethodSwizzlingViewController.swift,\ TabbarAppearanceDemoViewController.swift,\ MDESTabBarController.swift,\ MDTabbarController.swift,\ UsageTimerViewController.swift,\ BasicKnowledgeViewController.swift,\ GistDetailViewController.swift,\ NetworkDemoViewController.swift,\ PerformanceCPUDemoViewController.swift,\ PerformanceGPUDemoViewController.swift,\ DZNEmptyDataSetUsageViewController.swift,\ JXPagingNestedSegmentViewController.swift,\ JXPagingViewUseViewController.swift,\ MDFullscreenPopGesture.swift,\ UINavigationBarController+MDFullscreenPopGestureExtension.swift,\ UIViewController+MDFullscreenPopGestureExtension.swift,\ MDScrollView.swift,\ SegmentedViewUseViewController.swift,\ PhotoBrowerViewController.swift,\ UsageThirdPartyViewController.swift,\ CacheManager.swift,\ NetworkInterceptor.swift,\ APIRouter.swift,\ BaseResponse.swift,\ NetworkConfig.swift,\ NetworkError.swift,\ NetworkManager.swift,\ AlamofireFirstViewController.swift,\ AlamofireFourViewController.swift,\ AlamofireSecondViewController.swift,\ AlamofireThirdViewController.swift,\ AlamofireViewController.swift,\ AlamofireZeroViewController.swift,\ BinAPI.swift,\ GistResponse.swift,\ HParams.swift,\ HResponse.swift,\ UserAPI.swift,\ WebError.swift,\ KingfisherCache.swift,\ KingfisherDiskCache.swift,\ KingfisherMemoryCache.swift,\ KingfisherManager.swift,\ KFError.swift,\ KingfisherDownloader.swift,\ KingfisherSessionDataTask.swift,\ KingfisherSessionDelegate.swift,\ KingfisherBasicViewController.swift,\ KingfisherSessionDelegateViewController.swift,\ KingfisherUseNetworkLayerViewController.swift,\ KingfisherViewController.swift,\ FAProgressHUD.swift,\ FAProgressHUDUsageViewController.swift,\ falconWrapper.swift,\ NamespaceViewController.swift,\ RotationBestPracticeDemo.swift,\ RotationDemoViewController.swift,\ Navigationer.swift,\ RouteCompatible.swift,\ RouteConvertible.swift,\ RouteError.swift,\ RouteParser.swift,\ SimpleRouter.swift,\ Route.swift,\ RouterViewController.swift,\ SimpleCache.swift,\ SimpleCacheError.swift,\ SimpleDiskCache.swift,\ SimpleDiskFile.swift,\ SimpleMemoryCache.swift,\ CacheBasicViewController.swift,\ CacheDeepInViewController.swift,\ CacheImitateViewController.swift,\ CacheUsageViewController.swift,\ CacheViewController.swift,\ GCDCacheViewController.swift,\ LockBenchmarkViewController.swift,\ LockBlockingViewController.swift,\ ThreadUnsafeDemoViewController.swift,\ FeedViewController.swift,\ YYTextAttributeViewController.swift,\ YYTextController.swift,\ YYTextLayoutViewController.swift,\ LoginViewController.swift,\ AppDelegate.swift,\ HomeViewController.swift,\ SceneDelegate.swift,\ GeneratedAssetSymbols.swift /Users/zhouming/Desktop/falcon/falcon/Core/DesignSystem/Cells/DSCardListCell.swift /Users/zhouming/Desktop/falcon/falcon/Core/DesignSystem/Components/DSAvatar.swift /Users/zhouming/Desktop/falcon/falcon/Core/DesignSystem/Components/DSBannerView.swift /Users/zhouming/Desktop/falcon/falcon/Core/DesignSystem/Components/DSButton.swift /Users/zhouming/Desktop/falcon/falcon/Core/DesignSystem/Components/DSCardView.swift /Users/zhouming/Desktop/falcon/falcon/Core/DesignSystem/Components/DSEmptyStateView.swift /Users/zhouming/Desktop/falcon/falcon/Core/DesignSystem/Components/DSImageCardView.swift /Users/zhouming/Desktop/falcon/falcon/Core/DesignSystem/Components/DSLabel.swift /Users/zhouming/Desktop/falcon/falcon/Core/DesignSystem/Components/DSLoadingView.swift /Users/zhouming/Desktop/falcon/falcon/Core/DesignSystem/Components/DSTag.swift /Users/zhouming/Desktop/falcon/falcon/Core/DesignSystem/Components/DSTextField.swift /Users/zhouming/Desktop/falcon/falcon/Core/DesignSystem/Components/DSToast.swift /Users/zhouming/Desktop/falcon/falcon/Core/DesignSystem/Tokens/DSColor.swift /Users/zhouming/Desktop/falcon/falcon/Core/DesignSystem/Tokens/DSSpacing.swift /Users/zhouming/Desktop/falcon/falcon/Core/DesignSystem/Tokens/DSTypography.swift /Users/zhouming/Desktop/falcon/falcon/Core/UIKitExtension/Encapsulation/String+Extension.swift /Users/zhouming/Desktop/falcon/falcon/Core/UIKitExtension/Encapsulation/UIColor+Extension.swift /Users/zhouming/Desktop/falcon/falcon/Core/UIKitExtension/Encapsulation/UIViewController+Extension.swift /Users/zhouming/Desktop/falcon/falcon/Core/UIKitExtension/Encapsulation/UIWindow+Extension.swift /Users/zhouming/Desktop/falcon/falcon/Core/UIKitExtension/GCDSimpleCache.swift /Users/zhouming/Desktop/falcon/falcon/Core/UIKitExtension/UIKitBasicViewController.swift /Users/zhouming/Desktop/falcon/falcon/Core/UIKitExtension/UIKitViewController.swift /Users/zhouming/Desktop/falcon/falcon/Core/UIKitExtension/UIKitWindowViewController.swift /Users/zhouming/Desktop/falcon/falcon/Core/UserInfo/UserInfo.swift /Users/zhouming/Desktop/falcon/falcon/Core/UserInfo/UserInfoSession.swift /Users/zhouming/Desktop/falcon/falcon/Core/Util/FileManager+Extension.swift /Users/zhouming/Desktop/falcon/falcon/Core/Util/LoginUtil.swift /Users/zhouming/Desktop/falcon/falcon/Core/Util/PerformanceMeasurer.swift /Users/zhouming/Desktop/falcon/falcon/Core/BaseNavigationController.swift /Users/zhouming/Desktop/falcon/falcon/Demos/BasicKnowledge/Autolayout/TestAutolayoutViewController.swift /Users/zhouming/Desktop/falcon/falcon/Demos/BasicKnowledge/DesignSystem/DesignSystemDemoViewController.swift /Users/zhouming/Desktop/falcon/falcon/Demos/BasicKnowledge/DesignSystem/DSComplexListViewController.swift /Users/zhouming/Desktop/falcon/falcon/Demos/BasicKnowledge/Navigation/UseNavigationBarController.swift /Users/zhouming/Desktop/falcon/falcon/Demos/BasicKnowledge/Protocol/ProtocolDemoViewController.swift /Users/zhouming/Desktop/falcon/falcon/Demos/BasicKnowledge/Queue/Lock/ConcurrentQueueCounter.swift /Users/zhouming/Desktop/falcon/falcon/Demos/BasicKnowledge/Queue/Lock/LockCounter.swift /Users/zhouming/Desktop/falcon/falcon/Demos/BasicKnowledge/Queue/Lock/NSRecursiveLockDemo.swift /Users/zhouming/Desktop/falcon/falcon/Demos/BasicKnowledge/Queue/Lock/SemaphoreCounter.swift /Users/zhouming/Desktop/falcon/falcon/Demos/BasicKnowledge/Queue/Lock/SerialQueueCounter.swift /Users/zhouming/Desktop/falcon/falcon/Demos/BasicKnowledge/Queue/LockGranularity/OnlySonLock.swift /Users/zhouming/Desktop/falcon/falcon/Demos/BasicKnowledge/Queue/LockGranularity/OnlySuperLock.swift /Users/zhouming/Desktop/falcon/falcon/Demos/BasicKnowledge/Queue/QueueViewController.swift /Users/zhouming/Desktop/falcon/falcon/Demos/BasicKnowledge/RunLoop/RunLoopDemoViewController.swift /Users/zhouming/Desktop/falcon/falcon/Demos/BasicKnowledge/Runtime/AssociatedObjectViewController.swift /Users/zhouming/Desktop/falcon/falcon/Demos/BasicKnowledge/Runtime/MethodSwizzlingViewController.swift /Users/zhouming/Desktop/falcon/falcon/Demos/BasicKnowledge/Tabbar/Appearance/TabbarAppearanceDemoViewController.swift /Users/zhouming/Desktop/falcon/falcon/Demos/BasicKnowledge/Tabbar/MDESTabBarController.swift /Users/zhouming/Desktop/falcon/falcon/Demos/BasicKnowledge/Tabbar/MDTabbarController.swift /Users/zhouming/Desktop/falcon/falcon/Demos/BasicKnowledge/Timer/Usage/UsageTimerViewController.swift /Users/zhouming/Desktop/falcon/falcon/Demos/BasicKnowledge/BasicKnowledgeViewController.swift /Users/zhouming/Desktop/falcon/falcon/Demos/Network/Alamofire/GistDetailViewController.swift /Users/zhouming/Desktop/falcon/falcon/Demos/Network/Alamofire/NetworkDemoViewController.swift /Users/zhouming/Desktop/falcon/falcon/Demos/Performance/PerformanceCPUDemoViewController.swift /Users/zhouming/Desktop/falcon/falcon/Demos/Performance/PerformanceGPUDemoViewController.swift /Users/zhouming/Desktop/falcon/falcon/Demos/ThirdParty/DZNEmptyDataSet/Usage/DZNEmptyDataSetUsageViewController.swift /Users/zhouming/Desktop/falcon/falcon/Demos/ThirdParty/JXPagingView/Nest/JXPagingNestedSegmentViewController.swift /Users/zhouming/Desktop/falcon/falcon/Demos/ThirdParty/JXPagingView/JXPagingViewUseViewController.swift /Users/zhouming/Desktop/falcon/falcon/Demos/ThirdParty/MDFullscreenPopGesture/MDFullscreenPopGesture.swift /Users/zhouming/Desktop/falcon/falcon/Demos/ThirdParty/MDFullscreenPopGesture/UINavigationBarController+MDFullscreenPopGestureExtension.swift /Users/zhouming/Desktop/falcon/falcon/Demos/ThirdParty/MDFullscreenPopGesture/UIViewController+MDFullscreenPopGestureExtension.swift /Users/zhouming/Desktop/falcon/falcon/Demos/ThirdParty/SegmentedView/MDScrollView.swift /Users/zhouming/Desktop/falcon/falcon/Demos/ThirdParty/SegmentedView/SegmentedViewUseViewController.swift /Users/zhouming/Desktop/falcon/falcon/Demos/ThirdParty/ZLPhotoBrowser/PhotoBrowerViewController.swift /Users/zhouming/Desktop/falcon/falcon/Demos/ThirdParty/UsageThirdPartyViewController.swift /Users/zhouming/Desktop/falcon/falcon/LearningModules/Alamofire/Encapsulation/Feature/CacheManager.swift /Users/zhouming/Desktop/falcon/falcon/LearningModules/Alamofire/Encapsulation/Feature/NetworkInterceptor.swift /Users/zhouming/Desktop/falcon/falcon/LearningModules/Alamofire/Encapsulation/APIRouter.swift /Users/zhouming/Desktop/falcon/falcon/LearningModules/Alamofire/Encapsulation/BaseResponse.swift /Users/zhouming/Desktop/falcon/falcon/LearningModules/Alamofire/Encapsulation/NetworkConfig.swift /Users/zhouming/Desktop/falcon/falcon/LearningModules/Alamofire/Encapsulation/NetworkError.swift /Users/zhouming/Desktop/falcon/falcon/LearningModules/Alamofire/Encapsulation/NetworkManager.swift /Users/zhouming/Desktop/falcon/falcon/LearningModules/Alamofire/Usage/AlamofireFirstViewController.swift /Users/zhouming/Desktop/falcon/falcon/LearningModules/Alamofire/Usage/AlamofireFourViewController.swift /Users/zhouming/Desktop/falcon/falcon/LearningModules/Alamofire/Usage/AlamofireSecondViewController.swift /Users/zhouming/Desktop/falcon/falcon/LearningModules/Alamofire/Usage/AlamofireThirdViewController.swift /Users/zhouming/Desktop/falcon/falcon/LearningModules/Alamofire/Usage/AlamofireViewController.swift /Users/zhouming/Desktop/falcon/falcon/LearningModules/Alamofire/Usage/AlamofireZeroViewController.swift /Users/zhouming/Desktop/falcon/falcon/LearningModules/Alamofire/Usage/BinAPI.swift /Users/zhouming/Desktop/falcon/falcon/LearningModules/Alamofire/Usage/GistResponse.swift /Users/zhouming/Desktop/falcon/falcon/LearningModules/Alamofire/Usage/HParams.swift /Users/zhouming/Desktop/falcon/falcon/LearningModules/Alamofire/Usage/HResponse.swift /Users/zhouming/Desktop/falcon/falcon/LearningModules/Alamofire/Usage/UserAPI.swift /Users/zhouming/Desktop/falcon/falcon/LearningModules/Alamofire/Usage/WebError.swift /Users/zhouming/Desktop/falcon/falcon/LearningModules/Kingfisher/Cache/KingfisherCache.swift /Users/zhouming/Desktop/falcon/falcon/LearningModules/Kingfisher/Cache/KingfisherDiskCache.swift /Users/zhouming/Desktop/falcon/falcon/LearningModules/Kingfisher/Cache/KingfisherMemoryCache.swift /Users/zhouming/Desktop/falcon/falcon/LearningModules/Kingfisher/Coordinate/KingfisherManager.swift /Users/zhouming/Desktop/falcon/falcon/LearningModules/Kingfisher/Network/KFError.swift /Users/zhouming/Desktop/falcon/falcon/LearningModules/Kingfisher/Network/KingfisherDownloader.swift /Users/zhouming/Desktop/falcon/falcon/LearningModules/Kingfisher/Network/KingfisherSessionDataTask.swift /Users/zhouming/Desktop/falcon/falcon/LearningModules/Kingfisher/Network/KingfisherSessionDelegate.swift /Users/zhouming/Desktop/falcon/falcon/LearningModules/Kingfisher/Usage/KingfisherBasicViewController.swift /Users/zhouming/Desktop/falcon/falcon/LearningModules/Kingfisher/Usage/KingfisherSessionDelegateViewController.swift /Users/zhouming/Desktop/falcon/falcon/LearningModules/Kingfisher/Usage/KingfisherUseNetworkLayerViewController.swift /Users/zhouming/Desktop/falcon/falcon/LearningModules/Kingfisher/Usage/KingfisherViewController.swift /Users/zhouming/Desktop/falcon/falcon/LearningModules/MBProgressHUD/Encapsulation/FAProgressHUD.swift /Users/zhouming/Desktop/falcon/falcon/LearningModules/MBProgressHUD/Usage/FAProgressHUDUsageViewController.swift /Users/zhouming/Desktop/falcon/falcon/LearningModules/Namespace/Encapsulation/falconWrapper.swift /Users/zhouming/Desktop/falcon/falcon/LearningModules/Namespace/NamespaceViewController.swift /Users/zhouming/Desktop/falcon/falcon/LearningModules/Rotation/RotationBestPracticeDemo.swift /Users/zhouming/Desktop/falcon/falcon/LearningModules/Rotation/RotationDemoViewController.swift /Users/zhouming/Desktop/falcon/falcon/LearningModules/Router/Encapsulation/Navigationer.swift /Users/zhouming/Desktop/falcon/falcon/LearningModules/Router/Encapsulation/RouteCompatible.swift /Users/zhouming/Desktop/falcon/falcon/LearningModules/Router/Encapsulation/RouteConvertible.swift /Users/zhouming/Desktop/falcon/falcon/LearningModules/Router/Encapsulation/RouteError.swift /Users/zhouming/Desktop/falcon/falcon/LearningModules/Router/Encapsulation/RouteParser.swift /Users/zhouming/Desktop/falcon/falcon/LearningModules/Router/Encapsulation/SimpleRouter.swift /Users/zhouming/Desktop/falcon/falcon/LearningModules/Router/Usage/Route.swift /Users/zhouming/Desktop/falcon/falcon/LearningModules/Router/Usage/RouterViewController.swift /Users/zhouming/Desktop/falcon/falcon/LearningModules/YYCache/Imitate/SimpleCache/SimpleCache.swift /Users/zhouming/Desktop/falcon/falcon/LearningModules/YYCache/Imitate/SimpleCache/SimpleCacheError.swift /Users/zhouming/Desktop/falcon/falcon/LearningModules/YYCache/Imitate/SimpleCache/SimpleDiskCache.swift /Users/zhouming/Desktop/falcon/falcon/LearningModules/YYCache/Imitate/SimpleCache/SimpleDiskFile.swift /Users/zhouming/Desktop/falcon/falcon/LearningModules/YYCache/Imitate/SimpleCache/SimpleMemoryCache.swift /Users/zhouming/Desktop/falcon/falcon/LearningModules/YYCache/Usage/CacheBasicViewController.swift /Users/zhouming/Desktop/falcon/falcon/LearningModules/YYCache/Usage/CacheDeepInViewController.swift /Users/zhouming/Desktop/falcon/falcon/LearningModules/YYCache/Usage/CacheImitateViewController.swift /Users/zhouming/Desktop/falcon/falcon/LearningModules/YYCache/Usage/CacheUsageViewController.swift /Users/zhouming/Desktop/falcon/falcon/LearningModules/YYCache/Usage/CacheViewController.swift /Users/zhouming/Desktop/falcon/falcon/LearningModules/YYCache/Usage/GCDCacheViewController.swift /Users/zhouming/Desktop/falcon/falcon/LearningModules/YYCache/Usage/LockBenchmarkViewController.swift /Users/zhouming/Desktop/falcon/falcon/LearningModules/YYCache/Usage/LockBlockingViewController.swift /Users/zhouming/Desktop/falcon/falcon/LearningModules/YYCache/Usage/ThreadUnsafeDemoViewController.swift /Users/zhouming/Desktop/falcon/falcon/LearningModules/YYText/FeedViewController.swift /Users/zhouming/Desktop/falcon/falcon/LearningModules/YYText/YYTextAttributeViewController.swift /Users/zhouming/Desktop/falcon/falcon/LearningModules/YYText/YYTextController.swift /Users/zhouming/Desktop/falcon/falcon/LearningModules/YYText/YYTextLayoutViewController.swift /Users/zhouming/Desktop/falcon/falcon/Login/LoginViewController.swift /Users/zhouming/Desktop/falcon/falcon/AppDelegate.swift /Users/zhouming/Desktop/falcon/falcon/HomeViewController.swift /Users/zhouming/Desktop/falcon/falcon/SceneDelegate.swift /Users/zhouming/Library/Developer/Xcode/DerivedData/falcon-gsoilikaxsflzjexzrtqkcenvrbo/Build/Intermediates.noindex/falcon.build/Release-iphonesimulator/falcon.build/DerivedSources/GeneratedAssetSymbols.swift /Applications/Xcode.app/Contents/Developer/Toolchains/XcodeDefault.xctoolchain/usr/lib/swift/iphonesimulator/prebuilt-modules/26.0/Network.swiftmodule/x86_64-apple-ios-simulator.swiftmodule /Applications/Xcode.app/Contents/Developer/Toolchains/XcodeDefault.xctoolchain/usr/lib/swift/iphonesimulator/prebuilt-modules/26.0/AVFAudio.swiftmodule/x86_64-apple-ios-simulator.swiftmodule /Applications/Xcode.app/Contents/Developer/Toolchains/XcodeDefault.xctoolchain/usr/lib/swift/iphonesimulator/prebuilt-modules/26.0/Distributed.swiftmodule/x86_64-apple-ios-simulator.swiftmodule /Applications/Xcode.app/Contents/Developer/Toolchains/XcodeDefault.xctoolchain/usr/lib/swift/iphonesimulator/prebuilt-modules/26.0/CoreGraphics.swiftmodule/x86_64-apple-ios-simulator.swiftmodule /Applications/Xcode.app/Contents/Developer/Toolchains/XcodeDefault.xctoolchain/usr/lib/swift/iphonesimulator/prebuilt-modules/26.0/_DarwinFoundation2.swiftmodule/x86_64-apple-ios-simulator.swiftmodule /Applications/Xcode.app/Contents/Developer/Toolchains/XcodeDefault.xctoolchain/usr/lib/swift/iphonesimulator/prebuilt-modules/26.0/DataDetection.swiftmodule/x86_64-apple-ios-simulator.swiftmodule /Applications/Xcode.app/Contents/Developer/Toolchains/XcodeDefault.xctoolchain/usr/lib/swift/iphonesimulator/prebuilt-modules/26.0/FileProvider.swiftmodule/x86_64-apple-ios-simulator.swiftmodule /Applications/Xcode.app/Contents/Developer/Toolchains/XcodeDefault.xctoolchain/usr/lib/swift/iphonesimulator/prebuilt-modules/26.0/TipKit.swiftmodule/x86_64-apple-ios-simulator.swiftmodule /Applications/Xcode.app/Contents/Developer/Toolchains/XcodeDefault.xctoolchain/usr/lib/swift/iphonesimulator/prebuilt-modules/26.0/_Builtin_float.swiftmodule/x86_64-apple-ios-simulator.swiftmodule /Applications/Xcode.app/Contents/Developer/Toolchains/XcodeDefault.xctoolchain/usr/lib/swift/iphonesimulator/prebuilt-modules/26.0/Synchronization.swiftmodule/x86_64-apple-ios-simulator.swiftmodule /Applications/Xcode.app/Contents/Developer/Toolchains/XcodeDefault.xctoolchain/usr/lib/swift/iphonesimulator/prebuilt-modules/26.0/_StringProcessing.swiftmodule/x86_64-apple-ios-simulator.swiftmodule /Applications/Xcode.app/Contents/Developer/Toolchains/XcodeDefault.xctoolchain/usr/lib/swift/iphonesimulator/prebuilt-modules/26.0/UniformTypeIdentifiers.swiftmodule/x86_64-apple-ios-simulator.swiftmodule /Applications/Xcode.app/Contents/Developer/Toolchains/XcodeDefault.xctoolchain/usr/lib/swift/iphonesimulator/prebuilt-modules/26.0/CoreImage.swiftmodule/x86_64-apple-ios-simulator.swiftmodule /Applications/Xcode.app/Contents/Developer/Toolchains/XcodeDefault.xctoolchain/usr/lib/swift/iphonesimulator/prebuilt-modules/26.0/SwiftUI.swiftmodule/x86_64-apple-ios-simulator.swiftmodule /Applications/Xcode.app/Contents/Developer/Toolchains/XcodeDefault.xctoolchain/usr/lib/swift/iphonesimulator/prebuilt-modules/26.0/OSLog.swiftmodule/x86_64-apple-ios-simulator.swiftmodule /Applications/Xcode.app/Contents/Developer/Toolchains/XcodeDefault.xctoolchain/usr/lib/swift/iphonesimulator/prebuilt-modules/26.0/MapKit.swiftmodule/x86_64-apple-ios-simulator.swiftmodule /Applications/Xcode.app/Contents/Developer/Toolchains/XcodeDefault.xctoolchain/usr/lib/swift/iphonesimulator/prebuilt-modules/26.0/Accessibility.swiftmodule/x86_64-apple-ios-simulator.swiftmodule /Applications/Xcode.app/Contents/Developer/Toolchains/XcodeDefault.xctoolchain/usr/lib/swift/iphonesimulator/prebuilt-modules/26.0/Photos.swiftmodule/x86_64-apple-ios-simulator.swiftmodule /Applications/Xcode.app/Contents/Developer/Toolchains/XcodeDefault.xctoolchain/usr/lib/swift/iphonesimulator/prebuilt-modules/26.0/AVFoundation.swiftmodule/x86_64-apple-ios-simulator.swiftmodule /Applications/Xcode.app/Contents/Developer/Toolchains/XcodeDefault.xctoolchain/usr/lib/swift/iphonesimulator/prebuilt-modules/26.0/AudioToolbox.swiftmodule/x86_64-apple-ios-simulator.swiftmodule /Applications/Xcode.app/Contents/Developer/Toolchains/XcodeDefault.xctoolchain/usr/lib/swift/iphonesimulator/prebuilt-modules/26.0/Dispatch.swiftmodule/x86_64-apple-ios-simulator.swiftmodule /Applications/Xcode.app/Contents/Developer/Toolchains/XcodeDefault.xctoolchain/usr/lib/swift/iphonesimulator/prebuilt-modules/26.0/Accelerate.swiftmodule/x86_64-apple-ios-simulator.swiftmodule /Applications/Xcode.app/Contents/Developer/Toolchains/XcodeDefault.xctoolchain/usr/lib/swift/iphonesimulator/prebuilt-modules/26.0/QuartzCore.swiftmodule/x86_64-apple-ios-simulator.swiftmodule /Applications/Xcode.app/Contents/Developer/Toolchains/XcodeDefault.xctoolchain/usr/lib/swift/iphonesimulator/prebuilt-modules/26.0/CoreVideo.swiftmodule/x86_64-apple-ios-simulator.swiftmodule /Applications/Xcode.app/Contents/Developer/Toolchains/XcodeDefault.xctoolchain/usr/lib/swift/iphonesimulator/prebuilt-modules/26.0/Foundation.swiftmodule/x86_64-apple-ios-simulator.swiftmodule /Applications/Xcode.app/Contents/Developer/Toolchains/XcodeDefault.xctoolchain/usr/lib/swift/iphonesimulator/prebuilt-modules/26.0/CryptoKit.swiftmodule/x86_64-apple-ios-simulator.swiftmodule /Applications/Xcode.app/Contents/Developer/Toolchains/XcodeDefault.xctoolchain/usr/lib/swift/iphonesimulator/prebuilt-modules/26.0/CoreMedia.swiftmodule/x86_64-apple-ios-simulator.swiftmodule /Applications/Xcode.app/Contents/Developer/Toolchains/XcodeDefault.xctoolchain/usr/lib/swift/iphonesimulator/prebuilt-modules/26.0/CoreTransferable.swiftmodule/x86_64-apple-ios-simulator.swiftmodule /Applications/Xcode.app/Contents/Developer/Toolchains/XcodeDefault.xctoolchain/usr/lib/swift/iphonesimulator/prebuilt-modules/26.0/os.swiftmodule/x86_64-apple-ios-simulator.swiftmodule /Users/zhouming/Library/Developer/Xcode/DerivedData/falcon-gsoilikaxsflzjexzrtqkcenvrbo/Build/Products/Release-iphonesimulator/ZLPhotoBrowser/ZLPhotoBrowser.framework/Modules/ZLPhotoBrowser.swiftmodule/x86_64-apple-ios-simulator.swiftmodule /Users/zhouming/Library/Developer/Xcode/DerivedData/falcon-gsoilikaxsflzjexzrtqkcenvrbo/Build/Products/Release-iphonesimulator/Alamofire/Alamofire.framework/Modules/Alamofire.swiftmodule/x86_64-apple-ios-simulator.swiftmodule /Applications/Xcode.app/Contents/Developer/Toolchains/XcodeDefault.xctoolchain/usr/lib/swift/iphonesimulator/prebuilt-modules/26.0/AVKit.swiftmodule/x86_64-apple-ios-simulator.swiftmodule /Applications/Xcode.app/Contents/Developer/Toolchains/XcodeDefault.xctoolchain/usr/lib/swift/iphonesimulator/prebuilt-modules/26.0/GeoToolbox.swiftmodule/x86_64-apple-ios-simulator.swiftmodule /Users/zhouming/Library/Developer/Xcode/DerivedData/falcon-gsoilikaxsflzjexzrtqkcenvrbo/Build/Products/Release-iphonesimulator/SnapKit/SnapKit.framework/Modules/SnapKit.swiftmodule/x86_64-apple-ios-simulator.swiftmodule /Users/zhouming/Library/Developer/Xcode/DerivedData/falcon-gsoilikaxsflzjexzrtqkcenvrbo/Build/Products/Release-iphonesimulator/JXPagingView/JXPagingView.framework/Modules/JXPagingView.swiftmodule/x86_64-apple-ios-simulator.swiftmodule /Applications/Xcode.app/Contents/Developer/Toolchains/XcodeDefault.xctoolchain/usr/lib/swift/iphonesimulator/prebuilt-modules/26.0/System.swiftmodule/x86_64-apple-ios-simulator.swiftmodule /Applications/Xcode.app/Contents/Developer/Toolchains/XcodeDefault.xctoolchain/usr/lib/swift/iphonesimulator/prebuilt-modules/26.0/CarPlay.swiftmodule/x86_64-apple-ios-simulator.swiftmodule /Applications/Xcode.app/Contents/Developer/Toolchains/XcodeDefault.xctoolchain/usr/lib/swift/iphonesimulator/prebuilt-modules/26.0/ObjectiveC.swiftmodule/x86_64-apple-ios-simulator.swiftmodule /Applications/Xcode.app/Contents/Developer/Toolchains/XcodeDefault.xctoolchain/usr/lib/swift/iphonesimulator/prebuilt-modules/26.0/Observation.swiftmodule/x86_64-apple-ios-simulator.swiftmodule /Applications/Xcode.app/Contents/Developer/Toolchains/XcodeDefault.xctoolchain/usr/lib/swift/iphonesimulator/prebuilt-modules/26.0/simd.swiftmodule/x86_64-apple-ios-simulator.swiftmodule /Applications/Xcode.app/Contents/Developer/Toolchains/XcodeDefault.xctoolchain/usr/lib/swift/iphonesimulator/prebuilt-modules/26.0/Swift.swiftmodule/x86_64-apple-ios-simulator.swiftmodule /Applications/Xcode.app/Contents/Developer/Toolchains/XcodeDefault.xctoolchain/usr/lib/swift/iphonesimulator/prebuilt-modules/26.0/CoreText.swiftmodule/x86_64-apple-ios-simulator.swiftmodule /Applications/Xcode.app/Contents/Developer/Toolchains/XcodeDefault.xctoolchain/usr/lib/swift/iphonesimulator/prebuilt-modules/26.0/Metal.swiftmodule/x86_64-apple-ios-simulator.swiftmodule /Applications/Xcode.app/Contents/Developer/Toolchains/XcodeDefault.xctoolchain/usr/lib/swift/iphonesimulator/prebuilt-modules/26.0/PhotosUI.swiftmodule/x86_64-apple-ios-simulator.swiftmodule /Applications/Xcode.app/Contents/Developer/Toolchains/XcodeDefault.xctoolchain/usr/lib/swift/iphonesimulator/prebuilt-modules/26.0/CoreMIDI.swiftmodule/x86_64-apple-ios-simulator.swiftmodule /Applications/Xcode.app/Contents/Developer/Toolchains/XcodeDefault.xctoolchain/usr/lib/swift/iphonesimulator/prebuilt-modules/26.0/CoreData.swiftmodule/x86_64-apple-ios-simulator.swiftmodule /Applications/Xcode.app/Contents/Developer/Toolchains/XcodeDefault.xctoolchain/usr/lib/swift/iphonesimulator/prebuilt-modules/26.0/UIKit.swiftmodule/x86_64-apple-ios-simulator.swiftmodule /Users/zhouming/Library/Developer/Xcode/DerivedData/falcon-gsoilikaxsflzjexzrtqkcenvrbo/Build/Products/Release-iphonesimulator/JXSegmentedView/JXSegmentedView.framework/Modules/JXSegmentedView.swiftmodule/x86_64-apple-ios-simulator.swiftmodule /Applications/Xcode.app/Contents/Developer/Toolchains/XcodeDefault.xctoolchain/usr/lib/swift/iphonesimulator/prebuilt-modules/26.0/Combine.swiftmodule/x86_64-apple-ios-simulator.swiftmodule /Applications/Xcode.app/Contents/Developer/Toolchains/XcodeDefault.xctoolchain/usr/lib/swift/iphonesimulator/prebuilt-modules/26.0/_DarwinFoundation3.swiftmodule/x86_64-apple-ios-simulator.swiftmodule /Users/zhouming/Library/Developer/Xcode/DerivedData/falcon-gsoilikaxsflzjexzrtqkcenvrbo/Build/Products/Release-iphonesimulator/Kingfisher/Kingfisher.framework/Modules/Kingfisher.swiftmodule/x86_64-apple-ios-simulator.swiftmodule /Applications/Xcode.app/Contents/Developer/Toolchains/XcodeDefault.xctoolchain/usr/lib/swift/iphonesimulator/prebuilt-modules/26.0/LocalAuthentication.swiftmodule/x86_64-apple-ios-simulator.swiftmodule /Applications/Xcode.app/Contents/Developer/Toolchains/XcodeDefault.xctoolchain/usr/lib/swift/iphonesimulator/prebuilt-modules/26.0/CoreFoundation.swiftmodule/x86_64-apple-ios-simulator.swiftmodule /Applications/Xcode.app/Contents/Developer/Toolchains/XcodeDefault.xctoolchain/usr/lib/swift/iphonesimulator/prebuilt-modules/26.0/SwiftUICore.swiftmodule/x86_64-apple-ios-simulator.swiftmodule /Applications/Xcode.app/Contents/Developer/Toolchains/XcodeDefault.xctoolchain/usr/lib/swift/iphonesimulator/prebuilt-modules/26.0/DeveloperToolsSupport.swiftmodule/x86_64-apple-ios-simulator.swiftmodule /Applications/Xcode.app/Contents/Developer/Toolchains/XcodeDefault.xctoolchain/usr/lib/swift/iphonesimulator/prebuilt-modules/26.0/_Concurrency.swiftmodule/x86_64-apple-ios-simulator.swiftmodule /Applications/Xcode.app/Contents/Developer/Toolchains/XcodeDefault.xctoolchain/usr/lib/swift/iphonesimulator/prebuilt-modules/26.0/XPC.swiftmodule/x86_64-apple-ios-simulator.swiftmodule /Applications/Xcode.app/Contents/Developer/Toolchains/XcodeDefault.xctoolchain/usr/lib/swift/iphonesimulator/prebuilt-modules/26.0/Spatial.swiftmodule/x86_64-apple-ios-simulator.swiftmodule /Applications/Xcode.app/Contents/Developer/Toolchains/XcodeDefault.xctoolchain/usr/lib/swift/iphonesimulator/prebuilt-modules/26.0/Symbols.swiftmodule/x86_64-apple-ios-simulator.swiftmodule /Users/zhouming/Library/Developer/Xcode/DerivedData/falcon-gsoilikaxsflzjexzrtqkcenvrbo/Build/Products/Release-iphonesimulator/ESTabBarController-swift/ESTabBarController_swift.framework/Modules/ESTabBarController_swift.swiftmodule/x86_64-apple-ios-simulator.swiftmodule /Applications/Xcode.app/Contents/Developer/Toolchains/XcodeDefault.xctoolchain/usr/lib/swift/iphonesimulator/prebuilt-modules/26.0/CoreAudio.swiftmodule/x86_64-apple-ios-simulator.swiftmodule /Applications/Xcode.app/Contents/Developer/Toolchains/XcodeDefault.xctoolchain/usr/lib/swift/iphonesimulator/prebuilt-modules/26.0/CoreMotion.swiftmodule/x86_64-apple-ios-simulator.swiftmodule /Applications/Xcode.app/Contents/Developer/Toolchains/XcodeDefault.xctoolchain/usr/lib/swift/iphonesimulator/prebuilt-modules/26.0/CoreLocation.swiftmodule/x86_64-apple-ios-simulator.swiftmodule /Applications/Xcode.app/Contents/Developer/Toolchains/XcodeDefault.xctoolchain/usr/lib/swift/iphonesimulator/prebuilt-modules/26.0/Darwin.swiftmodule/x86_64-apple-ios-simulator.swiftmodule /Applications/Xcode.app/Contents/Developer/Toolchains/XcodeDefault.xctoolchain/usr/lib/swift/iphonesimulator/prebuilt-modules/26.0/_DarwinFoundation1.swiftmodule/x86_64-apple-ios-simulator.swiftmodule /Users/zhouming/Library/Developer/Xcode/DerivedData/ModuleCache.noindex/MapKit-BF7FQYLGVJMD8ACHFORROVMH4.pcm /Users/zhouming/Library/Developer/Xcode/DerivedData/ModuleCache.noindex/AudioToolbox-655XFDKH1HRK0QE5YT13N9O7W.pcm /Users/zhouming/Library/Developer/Xcode/DerivedData/ModuleCache.noindex/_Builtin_stdarg-BXIG6FERG224Y4JQMNFDPNZY7.pcm /Users/zhouming/Library/Developer/Xcode/DerivedData/ModuleCache.noindex/FileProvider-9G800UWTHRK585L0HXWWFG4Z2.pcm /Users/zhouming/Library/Developer/Xcode/DerivedData/ModuleCache.noindex/CoreLocation-EM18EJ2O4SO98PFJG36MA0H5W.pcm /Users/zhouming/Library/Developer/Xcode/DerivedData/ModuleCache.noindex/CoreAudioTypes-CLOVDUHR1ALFKJZ44QG9MQSWB.pcm /Users/zhouming/Library/Developer/Xcode/DerivedData/ModuleCache.noindex/CoreGraphics-9COMOLH3J5CCCJ36J4X6MJISB.pcm /Users/zhouming/Library/Developer/Xcode/DerivedData/ModuleCache.noindex/MediaToolbox-7WMCGE2ZAB2MTELYH8P1HM7EK.pcm /Users/zhouming/Library/Developer/Xcode/DerivedData/ModuleCache.noindex/ptrcheck-BCQYFZ89WM5K0IXLAZ6AR8VHI.pcm /Users/zhouming/Library/Developer/Xcode/DerivedData/ModuleCache.noindex/_Builtin_limits-39ID7OKPITGLCO48NSHXU8MT9.pcm /Users/zhouming/Library/Developer/Xcode/DerivedData/ModuleCache.noindex/CoreImage-84GLL2ZMLDX9AV663HT3CKU9X.pcm /Users/zhouming/Library/Developer/Xcode/DerivedData/falcon-gsoilikaxsflzjexzrtqkcenvrbo/Build/Intermediates.noindex/SwiftExplicitPrecompiledModules/JXPagingView-306GGSJ19Y32RMMWC2PP26BST.pcm /Users/zhouming/Library/Developer/Xcode/DerivedData/ModuleCache.noindex/_DarwinFoundation1-75ZD4QE1PF91HXH6TLV9QKTH8.pcm /Users/zhouming/Library/Developer/Xcode/DerivedData/ModuleCache.noindex/Accessibility-BWLDYUM7WKAHJN8MDJR8954S3.pcm /Users/zhouming/Library/Developer/Xcode/DerivedData/ModuleCache.noindex/IOSurface-48AXUE6XEIVWWZR1Q730819B5.pcm /Users/zhouming/Library/Developer/Xcode/DerivedData/ModuleCache.noindex/Metal-ABIZZ33TRDAYVXVPAHCSWZPZV.pcm /Users/zhouming/Library/Developer/Xcode/DerivedData/ModuleCache.noindex/Accelerate-4JZDX16YGTMYJMKTQ6TXOQR5F.pcm /Users/zhouming/Library/Developer/Xcode/DerivedData/ModuleCache.noindex/UIKit-78K2FTJPPTMSZ39AHSOLB075C.pcm /Users/zhouming/Library/Developer/Xcode/DerivedData/ModuleCache.noindex/ImageIO-6H2XAZ1EB10BOVIQTQ7J913XB.pcm /Users/zhouming/Library/Developer/Xcode/DerivedData/ModuleCache.noindex/CommonCrypto-ASUNMGB0ES0KUKXXI7PHMT0HU.pcm /Users/zhouming/Library/Developer/Xcode/DerivedData/falcon-gsoilikaxsflzjexzrtqkcenvrbo/Build/Intermediates.noindex/SwiftExplicitPrecompiledModules/YYText-9UTZJVEISGPYCAG264WDCJ50K.pcm /Users/zhouming/Library/Developer/Xcode/DerivedData/ModuleCache.noindex/CFNetwork-8NBECNIL23KCQWV1ENZV9Y6MS.pcm /Users/zhouming/Library/Developer/Xcode/DerivedData/ModuleCache.noindex/UniformTypeIdentifiers-54BBOVQ2W655NP2JULSTUHKZD.pcm /Users/zhouming/Library/Developer/Xcode/DerivedData/ModuleCache.noindex/Symbols-9EMUL19R3EB41QDNVKYLW1W4Z.pcm /Users/zhouming/Library/Developer/Xcode/DerivedData/ModuleCache.noindex/SwiftUI-5F3Q56YIRWEASALE9MPDBYTQ6.pcm /Users/zhouming/Library/Developer/Xcode/DerivedData/ModuleCache.noindex/DataDetection-A9PB44P1MHZTJVQD7ISMEX9BS.pcm /Users/zhouming/Library/Developer/Xcode/DerivedData/ModuleCache.noindex/_Builtin_stdatomic-EUPBUC5YUWPQD9PKVBTBQRPO6.pcm /Users/zhouming/Library/Developer/Xcode/DerivedData/ModuleCache.noindex/CoreText-E09P19Z7VP44UP95VN5NB2PIC.pcm /Users/zhouming/Library/Developer/Xcode/DerivedData/ModuleCache.noindex/_DarwinFoundation2-35RPI7FURPXUB5IA4YM1EQ2RL.pcm /Users/zhouming/Library/Developer/Xcode/DerivedData/ModuleCache.noindex/os-C7C6SRA61H4O42EQIZRA8I3SY.pcm /Users/zhouming/Library/Developer/Xcode/DerivedData/ModuleCache.noindex/_SwiftConcurrencyShims-5DGXZPHFE5NT6A49OGTSD7SCW.pcm /Users/zhouming/Library/Developer/Xcode/DerivedData/ModuleCache.noindex/CarPlay-3CF3TX8M4RG9WSYKI1N1OB2CJ.pcm /Users/zhouming/Library/Developer/Xcode/DerivedData/ModuleCache.noindex/_Builtin_tgmath-EHBDVUV2C0XZ4UXFY6ICX6524.pcm /Users/zhouming/Library/Developer/Xcode/DerivedData/ModuleCache.noindex/_Builtin_float-F069XBMS26UFAWRYPXTTYOZ8Y.pcm /Users/zhouming/Library/Developer/Xcode/DerivedData/falcon-gsoilikaxsflzjexzrtqkcenvrbo/Build/Intermediates.noindex/SwiftExplicitPrecompiledModules/ZLPhotoBrowser-2IDUKM5NM70NRKIV55UIRU38T.pcm /Users/zhouming/Library/Developer/Xcode/DerivedData/ModuleCache.noindex/os_object-E124OOBXWFHZZ86JE0SQVI7K2.pcm /Users/zhouming/Library/Developer/Xcode/DerivedData/ModuleCache.noindex/Spatial-8G5C1YQVY9Q97HBLFGNM6DNLP.pcm /Users/zhouming/Library/Developer/Xcode/DerivedData/ModuleCache.noindex/_Builtin_stdbool-5XAWNRJ7W48WBDZUWETWBARLW.pcm /Users/zhouming/Library/Developer/Xcode/DerivedData/ModuleCache.noindex/CoreFoundation-1SWQEJ8E9HVPVPT6X1N656RA5.pcm /Users/zhouming/Library/Developer/Xcode/DerivedData/ModuleCache.noindex/Security-I3818JK8WGZ403LAIYG6S57W.pcm /Users/zhouming/Library/Developer/Xcode/DerivedData/ModuleCache.noindex/AVFAudio-5KCFD0KWHEHTCV5F32XQJEW2T.pcm /Users/zhouming/Library/Developer/Xcode/DerivedData/ModuleCache.noindex/CoreAudio-1E0E660VSWYRHRA3MWJTXDPJE.pcm /Users/zhouming/Library/Developer/Xcode/DerivedData/ModuleCache.noindex/sys_types-81SYPO7SMVV5P97GNG53GGY62.pcm /Users/zhouming/Library/Developer/Xcode/DerivedData/ModuleCache.noindex/_Builtin_stdint-6DN6A5H45VA5I3LK470E7CTQJ.pcm /Users/zhouming/Library/Developer/Xcode/DerivedData/ModuleCache.noindex/zlib-8HEV2GG0S5FDSDUIY4IY0Q13J.pcm /Users/zhouming/Library/Developer/Xcode/DerivedData/ModuleCache.noindex/Darwin-5LN3CLOZ2UEH0Z6Q7O2XX5NJC.pcm /Users/zhouming/Library/Developer/Xcode/DerivedData/ModuleCache.noindex/MachO-1RBS6ZWKULT1JWT5TMY2U87U4.pcm /Users/zhouming/Library/Developer/Xcode/DerivedData/ModuleCache.noindex/MobileCoreServices-7U18C7O0B669L4CDAOJ916OHR.pcm /Users/zhouming/Library/Developer/Xcode/DerivedData/ModuleCache.noindex/simd-6ITNQRWMV6EPHP29X4YRZYYV.pcm /Users/zhouming/Library/Developer/Xcode/DerivedData/ModuleCache.noindex/AVKit-AG4FS8WKD95OQZQ5M25Y0KL53.pcm /Users/zhouming/Library/Developer/Xcode/DerivedData/falcon-gsoilikaxsflzjexzrtqkcenvrbo/Build/Intermediates.noindex/SwiftExplicitPrecompiledModules/Alamofire-44EU0G1FG5YZ1D45ECUFNT4DE.pcm /Users/zhouming/Library/Developer/Xcode/DerivedData/ModuleCache.noindex/OSLog-SBFDBUXI4HCOIUEVV7JAWX8D.pcm /Users/zhouming/Library/Developer/Xcode/DerivedData/ModuleCache.noindex/Photos-54YDTT7DBIBM4D56E07R8DZNY.pcm /Users/zhouming/Library/Developer/Xcode/DerivedData/ModuleCache.noindex/_AvailabilityInternal-4L54T7IUH1M3C5O6R26AAFDD3.pcm /Users/zhouming/Library/Developer/Xcode/DerivedData/ModuleCache.noindex/ptrauth-CN8WR3L3845ZRL5Q5WO33PQMK.pcm /Users/zhouming/Library/Developer/Xcode/DerivedData/ModuleCache.noindex/CoreMedia-BAEF9DDGPAJU4PN4P42DY5FEM.pcm /Users/zhouming/Library/Developer/Xcode/DerivedData/ModuleCache.noindex/AVFoundation-6JFIBQHYHSQ12WSEMBSYRF9BG.pcm /Users/zhouming/Library/Developer/Xcode/DerivedData/ModuleCache.noindex/_Builtin_intrinsics-CSMO6LCRWNHXO21YVLE41E6F2.pcm /Users/zhouming/Library/Developer/Xcode/DerivedData/falcon-gsoilikaxsflzjexzrtqkcenvrbo/Build/Intermediates.noindex/SwiftExplicitPrecompiledModules/SnapKit-8P3CN7TSSNI81UF2EJQZ1XWVO.pcm /Users/zhouming/Library/Developer/Xcode/DerivedData/ModuleCache.noindex/CoreData-1C58BNGQYGVZITQCBKXD51Q48.pcm /Users/zhouming/Library/Developer/Xcode/DerivedData/ModuleCache.noindex/SwiftShims-3VQEUKISDNFDGZT83FQBS82D4.pcm /Users/zhouming/Library/Developer/Xcode/DerivedData/ModuleCache.noindex/PhotosUI-2TQT54U1TS6ZBYD6FXZ89IYCU.pcm /Users/zhouming/Library/Developer/Xcode/DerivedData/ModuleCache.noindex/UIUtilities-6NIHSRTRDIW9OWV2PS915JCNB.pcm /Users/zhouming/Library/Developer/Xcode/DerivedData/ModuleCache.noindex/Dispatch-B4Z32FPPBZW2D93JKJ9C4V8EF.pcm /Users/zhouming/Library/Developer/Xcode/DerivedData/ModuleCache.noindex/Foundation-EIYEHZM637D4ZVGUXX05SA1WY.pcm /Users/zhouming/Library/Developer/Xcode/DerivedData/ModuleCache.noindex/SystemConfiguration-9F99SFQXUXXCQM6SV7MNSDMOF.pcm /Users/zhouming/Library/Developer/Xcode/DerivedData/ModuleCache.noindex/CoreMIDI-3WVJSWFX1X5DRY7CSXK6Z6U25.pcm /Users/zhouming/Library/Developer/Xcode/DerivedData/ModuleCache.noindex/XPC-EE7SUYN5988YVS4IX2XD622L2.pcm /Users/zhouming/Library/Developer/Xcode/DerivedData/ModuleCache.noindex/CoreVideo-5QC1AWF5YHWBWLWTGG0DJ7K32.pcm /Users/zhouming/Library/Developer/Xcode/DerivedData/ModuleCache.noindex/OpenGLES-5649K4M3DES95HHFLFGBVQ1K0.pcm /Users/zhouming/Library/Developer/Xcode/DerivedData/ModuleCache.noindex/CoreServices-99UD9Y3WYDEYT81CLC0OKGMHO.pcm /Users/zhouming/Library/Developer/Xcode/DerivedData/ModuleCache.noindex/LocalAuthentication-1ZJ6Y3QQIOXEDLN8QMSBHK0CT.pcm /Users/zhouming/Library/Developer/Xcode/DerivedData/ModuleCache.noindex/_DarwinFoundation3-6VU7ESD2I7TFCZ1HP0BOOUFQI.pcm /Users/zhouming/Library/Developer/Xcode/DerivedData/ModuleCache.noindex/_LocationEssentials-C2HJ3U80IJNO5LKSCSXILK7V6.pcm /Users/zhouming/Library/Developer/Xcode/DerivedData/ModuleCache.noindex/AVRouting-ES3G3CSC1KHFR6RO34D3OHLL6.pcm /Users/zhouming/Library/Developer/Xcode/DerivedData/ModuleCache.noindex/DeveloperToolsSupport-CJ6BDARW2Y28E5R3WQ4H9ZBQ7.pcm /Users/zhouming/Library/Developer/Xcode/DerivedData/ModuleCache.noindex/_Builtin_inttypes-EWM07PXDFYQY1DEVDONZM6V5P.pcm /Users/zhouming/Library/Developer/Xcode/DerivedData/ModuleCache.noindex/CoreTransferable-4M6YC4AXFT0QJOM1D3B2G6SFA.pcm /Users/zhouming/Library/Developer/Xcode/DerivedData/falcon-gsoilikaxsflzjexzrtqkcenvrbo/Build/Intermediates.noindex/SwiftExplicitPrecompiledModules/YYCache-BVIELFSKIVR0G0JH0USLSB8C1.pcm /Users/zhouming/Library/Developer/Xcode/DerivedData/ModuleCache.noindex/CoreMotion-5WBRZKM0Q1Y96RDY3248Z284J.pcm /Users/zhouming/Library/Developer/Xcode/DerivedData/ModuleCache.noindex/UserNotifications-CCMQHHU9VPIJSZGAGW47UVDFK.pcm /Users/zhouming/Library/Developer/Xcode/DerivedData/ModuleCache.noindex/ObjectiveC-EGJCPYNQL0A6NQNT3VS3LL68R.pcm /Users/zhouming/Library/Developer/Xcode/DerivedData/falcon-gsoilikaxsflzjexzrtqkcenvrbo/Build/Intermediates.noindex/SwiftExplicitPrecompiledModules/Kingfisher-CKENUD6SLNW7OPJGADDZZF4KD.pcm /Users/zhouming/Library/Developer/Xcode/DerivedData/ModuleCache.noindex/Network-270POARY0HJ144GPJLMKN1HZ2.pcm /Users/zhouming/Library/Developer/Xcode/DerivedData/ModuleCache.noindex/SwiftUICore-APVWYAYLV0WXERGQQSBQMBOEN.pcm /Users/zhouming/Library/Developer/Xcode/DerivedData/ModuleCache.noindex/_Builtin_stddef-8OUJVXT6HEV6Y6YM6S8QFD3CA.pcm /Users/zhouming/Library/Developer/Xcode/DerivedData/ModuleCache.noindex/os_workgroup-DVF8TEQLLD01PIRQYRXN1CRSC.pcm /Users/zhouming/Library/Developer/Xcode/DerivedData/ModuleCache.noindex/dnssd-CCXSDP6TCIMVP97W0O30Y15MG.pcm /Users/zhouming/Library/Developer/Xcode/DerivedData/falcon-gsoilikaxsflzjexzrtqkcenvrbo/Build/Intermediates.noindex/SwiftExplicitPrecompiledModules/JXSegmentedView-72LUJ2K21LSV2QDB7PSG1SCWC.pcm /Users/zhouming/Library/Developer/Xcode/DerivedData/falcon-gsoilikaxsflzjexzrtqkcenvrbo/Build/Intermediates.noindex/SwiftExplicitPrecompiledModules/ESTabBarController_swift-5H13JM7JSI2PT9TGV8E7OLDCY.pcm /Users/zhouming/Library/Developer/Xcode/DerivedData/ModuleCache.noindex/QuartzCore-7OXGMB83O6WQ55L8DURNZ4YKY.pcm /Users/zhouming/Library/Developer/Xcode/DerivedData/falcon-gsoilikaxsflzjexzrtqkcenvrbo/Build/Intermediates.noindex/falcon.build/Release-iphonesimulator/falcon.build/Objects-normal/x86_64/falcon-dependencies-1.json (in target 'falcon' from project 'falcon')
Please submit a bug report (https://swift.org/contributing/#reporting-bugs) and include the crash backtrace.
Stack dump:
0.	Program arguments: /Applications/Xcode.app/Contents/Developer/Toolchains/XcodeDefault.xctoolchain/usr/bin/swift-frontend -frontend -c -filelist /Users/zhouming/Library/Developer/Xcode/DerivedData/falcon-gsoilikaxsflzjexzrtqkcenvrbo/Build/Intermediates.noindex/falcon.build/Release-iphonesimulator/falcon.build/Objects-normal/x86_64/sources-2 -supplementary-output-file-map /Users/zhouming/Library/Developer/Xcode/DerivedData/falcon-gsoilikaxsflzjexzrtqkcenvrbo/Build/Intermediates.noindex/falcon.build/Release-iphonesimulator/falcon.build/Objects-normal/x86_64/supplementaryOutputs-2 -emit-localized-strings -emit-localized-strings-path /Users/zhouming/Library/Developer/Xcode/DerivedData/falcon-gsoilikaxsflzjexzrtqkcenvrbo/Build/Intermediates.noindex/falcon.build/Release-iphonesimulator/falcon.build/Objects-normal/x86_64 -target x86_64-apple-ios15.5-simulator -module-can-import-version DeveloperToolsSupport 23.0.4 23.0.4 -module-can-import-version SwiftUI 7.0.84.1 7.0.84 -module-can-import-version UIKit 9088.1.113 9088.1.113 -load-resolved-plugin /Applications/Xcode.app/Contents/Developer/Platforms/iPhoneOS.platform/Developer/usr/lib/swift/host/plugins/libFoundationMacros.dylib#/Applications/Xcode.app/Contents/Developer/Platforms/iPhoneOS.platform/Developer/usr/bin/swift-plugin-server#FoundationMacros -load-resolved-plugin /Applications/Xcode.app/Contents/Developer/Platforms/iPhoneOS.platform/Developer/usr/lib/swift/host/plugins/libObservationMacros.dylib#/Applications/Xcode.app/Contents/Developer/Platforms/iPhoneOS.platform/Developer/usr/bin/swift-plugin-server#ObservationMacros -load-resolved-plugin /Applications/Xcode.app/Contents/Developer/Platforms/iPhoneOS.platform/Developer/usr/lib/swift/host/plugins/libPreviewsMacros.dylib#/Applications/Xcode.app/Contents/Developer/Platforms/iPhoneOS.platform/Developer/usr/bin/swift-plugin-server#PreviewsMacros -load-resolved-plugin /Applications/Xcode.app/Contents/Developer/Platforms/iPhoneOS.platform/Developer/usr/lib/swift/host/plugins/libSwiftMacros.dylib#/Applications/Xcode.app/Contents/Developer/Platforms/iPhoneOS.platform/Developer/usr/bin/swift-plugin-server#SwiftMacros -load-resolved-plugin /Applications/Xcode.app/Contents/Developer/Platforms/iPhoneOS.platform/Developer/usr/lib/swift/host/plugins/libSwiftUIMacros.dylib#/Applications/Xcode.app/Contents/Developer/Platforms/iPhoneOS.platform/Developer/usr/bin/swift-plugin-server#SwiftUIMacros -load-resolved-plugin /Applications/Xcode.app/Contents/Developer/Platforms/iPhoneOS.platform/Developer/usr/lib/swift/host/plugins/libTipKitMacros.dylib#/Applications/Xcode.app/Contents/Developer/Platforms/iPhoneOS.platform/Developer/usr/bin/swift-plugin-server#TipKitMacros -disable-implicit-swift-modules -Xcc -fno-implicit-modules -Xcc -fno-implicit-module-maps -explicit-swift-module-map-file /Users/zhouming/Library/Developer/Xcode/DerivedData/falcon-gsoilikaxsflzjexzrtqkcenvrbo/Build/Intermediates.noindex/falcon.build/Release-iphonesimulator/falcon.build/Objects-normal/x86_64/falcon-dependencies-1.json -enable-objc-interop -sdk /Applications/Xcode.app/Contents/Developer/Platforms/iPhoneSimulator.platform/Developer/SDKs/iPhoneSimulator26.0.sdk -I /Users/zhouming/Library/Developer/Xcode/DerivedData/falcon-gsoilikaxsflzjexzrtqkcenvrbo/Build/Products/Release-iphonesimulator -F /Users/zhouming/Library/Developer/Xcode/DerivedData/falcon-gsoilikaxsflzjexzrtqkcenvrbo/Build/Products/Release-iphonesimulator -F /Users/zhouming/Library/Developer/Xcode/DerivedData/falcon-gsoilikaxsflzjexzrtqkcenvrbo/Build/Products/Release-iphonesimulator/Alamofire -F /Users/zhouming/Library/Developer/Xcode/DerivedData/falcon-gsoilikaxsflzjexzrtqkcenvrbo/Build/Products/Release-iphonesimulator/Cache -F /Users/zhouming/Library/Developer/Xcode/DerivedData/falcon-gsoilikaxsflzjexzrtqkcenvrbo/Build/Products/Release-iphonesimulator/DZNEmptyDataSet -F /Users/zhouming/Library/Developer/Xcode/DerivedData/falcon-gsoilikaxsflzjexzrtqkcenvrbo/Build/Products/Release-iphonesimulator/DisplayCriteria -F /Users/zhouming/Library/Developer/Xcode/DerivedData/falcon-gsoilikaxsflzjexzrtqkcenvrbo/Build/Products/Release-iphonesimulator/ESTabBarController-swift -F /Users/zhouming/Library/Developer/Xcode/DerivedData/falcon-gsoilikaxsflzjexzrtqkcenvrbo/Build/Products/Release-iphonesimulator/FFmpegKit -F /Users/zhouming/Library/Developer/Xcode/DerivedData/falcon-gsoilikaxsflzjexzrtqkcenvrbo/Build/Products/Release-iphonesimulator/IQKeyboardCore -F /Users/zhouming/Library/Developer/Xcode/DerivedData/falcon-gsoilikaxsflzjexzrtqkcenvrbo/Build/Products/Release-iphonesimulator/IQKeyboardManagerSwift -F /Users/zhouming/Library/Developer/Xcode/DerivedData/falcon-gsoilikaxsflzjexzrtqkcenvrbo/Build/Products/Release-iphonesimulator/IQKeyboardNotification -F /Users/zhouming/Library/Developer/Xcode/DerivedData/falcon-gsoilikaxsflzjexzrtqkcenvrbo/Build/Products/Release-iphonesimulator/IQKeyboardReturnManager -F /Users/zhouming/Library/Developer/Xcode/DerivedData/falcon-gsoilikaxsflzjexzrtqkcenvrbo/Build/Products/Release-iphonesimulator/IQKeyboardToolbar -F /Users/zhouming/Library/Developer/Xcode/DerivedData/falcon-gsoilikaxsflzjexzrtqkcenvrbo/Build/Products/Release-iphonesimulator/IQKeyboardToolbarManager -F /Users/zhouming/Library/Developer/Xcode/DerivedData/falcon-gsoilikaxsflzjexzrtqkcenvrbo/Build/Products/Release-iphonesimulator/IQTextInputViewNotification -F /Users/zhouming/Library/Developer/Xcode/DerivedData/falcon-gsoilikaxsflzjexzrtqkcenvrbo/Build/Products/Release-iphonesimulator/IQTextView -F /Users/zhouming/Library/Developer/Xcode/DerivedData/falcon-gsoilikaxsflzjexzrtqkcenvrbo/Build/Products/Release-iphonesimulator/JXPagingView -F /Users/zhouming/Library/Developer/Xcode/DerivedData/falcon-gsoilikaxsflzjexzrtqkcenvrbo/Build/Products/Release-iphonesimulator/JXSegmentedView -F /Users/zhouming/Library/Developer/Xcode/DerivedData/falcon-gsoilikaxsflzjexzrtqkcenvrbo/Build/Products/Release-iphonesimulator/KSPlayer -F /Users/zhouming/Library/Developer/Xcode/DerivedData/falcon-gsoilikaxsflzjexzrtqkcenvrbo/Build/Products/Release-iphonesimulator/Kingfisher -F /Users/zhouming/Library/Developer/Xcode/DerivedData/falcon-gsoilikaxsflzjexzrtqkcenvrbo/Build/Products/Release-iphonesimulator/MBProgressHUD -F /Users/zhouming/Library/Developer/Xcode/DerivedData/falcon-gsoilikaxsflzjexzrtqkcenvrbo/Build/Products/Release-iphonesimulator/SnapKit -F /Users/zhouming/Library/Developer/Xcode/DerivedData/falcon-gsoilikaxsflzjexzrtqkcenvrbo/Build/Products/Release-iphonesimulator/Toast -F /Users/zhouming/Library/Developer/Xcode/DerivedData/falcon-gsoilikaxsflzjexzrtqkcenvrbo/Build/Products/Release-iphonesimulator/YQKingfisher -F /Users/zhouming/Library/Developer/Xcode/DerivedData/falcon-gsoilikaxsflzjexzrtqkcenvrbo/Build/Products/Release-iphonesimulator/YQPhotoBrowser -F /Users/zhouming/Library/Developer/Xcode/DerivedData/falcon-gsoilikaxsflzjexzrtqkcenvrbo/Build/Products/Release-iphonesimulator/YYCache -F /Users/zhouming/Library/Developer/Xcode/DerivedData/falcon-gsoilikaxsflzjexzrtqkcenvrbo/Build/Products/Release-iphonesimulator/YYText -F /Users/zhouming/Library/Developer/Xcode/DerivedData/falcon-gsoilikaxsflzjexzrtqkcenvrbo/Build/Products/Release-iphonesimulator/ZLPhotoBrowser -F /Users/zhouming/Library/Developer/Xcode/DerivedData/falcon-gsoilikaxsflzjexzrtqkcenvrbo/Build/Products/Release-iphonesimulator/lottie-ios -F /Users/zhouming/Desktop/falcon/Pods/FFmpegKit/Sources -F /Users/zhouming/Desktop/falcon/Pods/Libass/Sources -F /Users/zhouming/Library/Developer/Xcode/DerivedData/falcon-gsoilikaxsflzjexzrtqkcenvrbo/Build/Products/Release-iphonesimulator/XCFrameworkIntermediates/FFmpegKit/FFmpegKit -F /Users/zhouming/Library/Developer/Xcode/DerivedData/falcon-gsoilikaxsflzjexzrtqkcenvrbo/Build/Products/Release-iphonesimulator/XCFrameworkIntermediates/Libass/Libass -no-color-diagnostics -Xcc -fno-color-diagnostics -g -debug-info-format=dwarf -dwarf-version=4 -module-cache-path /Users/zhouming/Library/Developer/Xcode/DerivedData/falcon-gsoilikaxsflzjexzrtqkcenvrbo/Build/Intermediates.noindex/SwiftExplicitPrecompiledModules -profile-generate -profile-coverage-mapping -swift-version 5 -enforce-exclusivity=checked -O -D COCOAPODS -serialize-debugging-options -const-gather-protocols-file /Users/zhouming/Library/Developer/Xcode/DerivedData/falcon-gsoilikaxsflzjexzrtqkcenvrbo/Build/Intermediates.noindex/falcon.build/Release-iphonesimulator/falcon.build/Objects-normal/x86_64/falcon_const_extract_protocols.json -enable-upcoming-feature DisableOutwardActorInference -enable-upcoming-feature InferSendableFromCaptures -enable-upcoming-feature GlobalActorIsolatedTypesUsability -enable-upcoming-feature MemberImportVisibility -enable-upcoming-feature InferIsolatedConformances -enable-upcoming-feature NonisolatedNonsendingByDefault -enable-experimental-feature DebugDescriptionMacro -enable-bare-slash-regex -default-isolation=MainActor -empty-abi-descriptor -validate-clang-modules-once -clang-build-session-file /Users/zhouming/Library/Developer/Xcode/DerivedData/ModuleCache.noindex/Session.modulevalidation -Xcc -working-directory -Xcc /Users/zhouming/Desktop/falcon -file-compilation-dir /Users/zhouming/Desktop/falcon -Xcc -ivfsstatcache -Xcc /Users/zhouming/Library/Developer/Xcode/DerivedData/SDKStatCaches.noindex/iphonesimulator26.0-23A339-3885c01c3e6b6a337905948deab2002e26257891a6c027eb51374368541b8346.sdkstatcache -Xcc -I/Users/zhouming/Library/Developer/Xcode/DerivedData/falcon-gsoilikaxsflzjexzrtqkcenvrbo/Build/Intermediates.noindex/falcon.build/Release-iphonesimulator/falcon.build/swift-overrides.hmap -Xcc -iquote -Xcc /Users/zhouming/Library/Developer/Xcode/DerivedData/falcon-gsoilikaxsflzjexzrtqkcenvrbo/Build/Intermediates.noindex/falcon.build/Release-iphonesimulator/falcon.build/falcon-generated-files.hmap -Xcc -I/Users/zhouming/Library/Developer/Xcode/DerivedData/falcon-gsoilikaxsflzjexzrtqkcenvrbo/Build/Intermediates.noindex/falcon.build/Release-iphonesimulator/falcon.build/falcon-own-target-headers.hmap -Xcc -I/Users/zhouming/Library/Developer/Xcode/DerivedData/falcon-gsoilikaxsflzjexzrtqkcenvrbo/Build/Intermediates.noindex/falcon.build/Release-iphonesimulator/falcon.build/falcon-all-non-framework-target-headers.hmap -Xcc -ivfsoverlay -Xcc /Users/zhouming/Library/Developer/Xcode/DerivedData/falcon-gsoilikaxsflzjexzrtqkcenvrbo/Build/Intermediates.noindex/falcon.build/Release-iphonesimulator/falcon-0daf7a28aeb72ccd5ee13e2bf2731ec9-VFS-iphonesimulator/all-product-headers.yaml -Xcc -iquote -Xcc /Users/zhouming/Library/Developer/Xcode/DerivedData/falcon-gsoilikaxsflzjexzrtqkcenvrbo/Build/Intermediates.noindex/falcon.build/Release-iphonesimulator/falcon.build/falcon-project-headers.hmap -Xcc -I/Users/zhouming/Library/Developer/Xcode/DerivedData/falcon-gsoilikaxsflzjexzrtqkcenvrbo/Build/Products/Release-iphonesimulator/include -Xcc -I/Users/zhouming/Library/Developer/Xcode/DerivedData/falcon-gsoilikaxsflzjexzrtqkcenvrbo/Build/Products/Release-iphonesimulator/Alamofire/Alamofire.framework/Headers -Xcc -I/Users/zhouming/Library/Developer/Xcode/DerivedData/falcon-gsoilikaxsflzjexzrtqkcenvrbo/Build/Products/Release-iphonesimulator/Cache/Cache.framework/Headers -Xcc -I/Users/zhouming/Library/Developer/Xcode/DerivedData/falcon-gsoilikaxsflzjexzrtqkcenvrbo/Build/Products/Release-iphonesimulator/DZNEmptyDataSet/DZNEmptyDataSet.framework/Headers -Xcc -I/Users/zhouming/Library/Developer/Xcode/DerivedData/falcon-gsoilikaxsflzjexzrtqkcenvrbo/Build/Products/Release-iphonesimulator/DisplayCriteria/DisplayCriteria.framework/Headers -Xcc -I/Users/zhouming/Library/Developer/Xcode/DerivedData/falcon-gsoilikaxsflzjexzrtqkcenvrbo/Build/Products/Release-iphonesimulator/ESTabBarController-swift/ESTabBarController_swift.framework/Headers -Xcc -I/Users/zhouming/Library/Developer/Xcode/DerivedData/falcon-gsoilikaxsflzjexzrtqkcenvrbo/Build/Products/Release-iphonesimulator/FFmpegKit/FFmpegKit.framework/Headers -Xcc -I/Users/zhouming/Library/Developer/Xcode/DerivedData/falcon-gsoilikaxsflzjexzrtqkcenvrbo/Build/Products/Release-iphonesimulator/IQKeyboardCore/IQKeyboardCore.framework/Headers -Xcc -I/Users/zhouming/Library/Developer/Xcode/DerivedData/falcon-gsoilikaxsflzjexzrtqkcenvrbo/Build/Products/Release-iphonesimulator/IQKeyboardManagerSwift/IQKeyboardManagerSwift.framework/Headers -Xcc -I/Users/zhouming/Library/Developer/Xcode/DerivedData/falcon-gsoilikaxsflzjexzrtqkcenvrbo/Build/Products/Release-iphonesimulator/IQKeyboardNotification/IQKeyboardNotification.framework/Headers -Xcc -I/Users/zhouming/Library/Developer/Xcode/DerivedData/falcon-gsoilikaxsflzjexzrtqkcenvrbo/Build/Products/Release-iphonesimulator/IQKeyboardReturnManager/IQKeyboardReturnManager.framework/Headers -Xcc -I/Users/zhouming/Library/Developer/Xcode/DerivedData/falcon-gsoilikaxsflzjexzrtqkcenvrbo/Build/Products/Release-iphonesimulator/IQKeyboardToolbar/IQKeyboardToolbar.framework/Headers -Xcc -I/Users/zhouming/Library/Developer/Xcode/DerivedData/falcon-gsoilikaxsflzjexzrtqkcenvrbo/Build/Products/Release-iphonesimulator/IQKeyboardToolbarManager/IQKeyboardToolbarManager.framework/Headers -Xcc -I/Users/zhouming/Library/Developer/Xcode/DerivedData/falcon-gsoilikaxsflzjexzrtqkcenvrbo/Build/Products/Release-iphonesimulator/IQTextInputViewNotification/IQTextInputViewNotification.framework/Headers -Xcc -I/Users/zhouming/Library/Developer/Xcode/DerivedData/falcon-gsoilikaxsflzjexzrtqkcenvrbo/Build/Products/Release-iphonesimulator/IQTextView/IQTextView.framework/Headers -Xcc -I/Users/zhouming/Library/Developer/Xcode/DerivedData/falcon-gsoilikaxsflzjexzrtqkcenvrbo/Build/Products/Release-iphonesimulator/JXPagingView/JXPagingView.framework/Headers -Xcc -I/Users/zhouming/Library/Developer/Xcode/DerivedData/falcon-gsoilikaxsflzjexzrtqkcenvrbo/Build/Products/Release-iphonesimulator/JXSegmentedView/JXSegmentedView.framework/Headers -Xcc -I/Users/zhouming/Library/Developer/Xcode/DerivedData/falcon-gsoilikaxsflzjexzrtqkcenvrbo/Build/Products/Release-iphonesimulator/KSPlayer/KSPlayer.framework/Headers -Xcc -I/Users/zhouming/Library/Developer/Xcode/DerivedData/falcon-gsoilikaxsflzjexzrtqkcenvrbo/Build/Products/Release-iphonesimulator/Kingfisher/Kingfisher.framework/Headers -Xcc -I/Users/zhouming/Library/Developer/Xcode/DerivedData/falcon-gsoilikaxsflzjexzrtqkcenvrbo/Build/Products/Release-iphonesimulator/MBProgressHUD/MBProgressHUD.framework/Headers -Xcc -I/Users/zhouming/Library/Developer/Xcode/DerivedData/falcon-gsoilikaxsflzjexzrtqkcenvrbo/Build/Products/Release-iphonesimulator/SnapKit/SnapKit.framework/Headers -Xcc -I/Users/zhouming/Library/Developer/Xcode/DerivedData/falcon-gsoilikaxsflzjexzrtqkcenvrbo/Build/Products/Release-iphonesimulator/Toast/Toast.framework/Headers -Xcc -I/Users/zhouming/Library/Developer/Xcode/DerivedData/falcon-gsoilikaxsflzjexzrtqkcenvrbo/Build/Products/Release-iphonesimulator/YQKingfisher/YQKingfisher.framework/Headers -Xcc -I/Users/zhouming/Library/Developer/Xcode/DerivedData/falcon-gsoilikaxsflzjexzrtqkcenvrbo/Build/Products/Release-iphonesimulator/YQPhotoBrowser/YQPhotoBrowser.framework/Headers -Xcc -I/Users/zhouming/Library/Developer/Xcode/DerivedData/falcon-gsoilikaxsflzjexzrtqkcenvrbo/Build/Products/Release-iphonesimulator/YYCache/YYCache.framework/Headers -Xcc -I/Users/zhouming/Library/Developer/Xcode/DerivedData/falcon-gsoilikaxsflzjexzrtqkcenvrbo/Build/Products/Release-iphonesimulator/YYText/YYText.framework/Headers -Xcc -I/Users/zhouming/Library/Developer/Xcode/DerivedData/falcon-gsoilikaxsflzjexzrtqkcenvrbo/Build/Products/Release-iphonesimulator/ZLPhotoBrowser/ZLPhotoBrowser.framework/Headers -Xcc -I/Users/zhouming/Library/Developer/Xcode/DerivedData/falcon-gsoilikaxsflzjexzrtqkcenvrbo/Build/Products/Release-iphonesimulator/lottie-ios/Lottie.framework/Headers -Xcc -I/Users/zhouming/Library/Developer/Xcode/DerivedData/falcon-gsoilikaxsflzjexzrtqkcenvrbo/Build/Products/Release-iphonesimulator/XCFrameworkIntermediates/FFmpegKit/FFmpegKit/Headers -Xcc -I/Users/zhouming/Library/Developer/Xcode/DerivedData/falcon-gsoilikaxsflzjexzrtqkcenvrbo/Build/Intermediates.noindex/falcon.build/Release-iphonesimulator/falcon.build/DerivedSources-normal/x86_64 -Xcc -I/Users/zhouming/Library/Developer/Xcode/DerivedData/falcon-gsoilikaxsflzjexzrtqkcenvrbo/Build/Intermediates.noindex/falcon.build/Release-iphonesimulator/falcon.build/DerivedSources/x86_64 -Xcc -I/Users/zhouming/Library/Developer/Xcode/DerivedData/falcon-gsoilikaxsflzjexzrtqkcenvrbo/Build/Intermediates.noindex/falcon.build/Release-iphonesimulator/falcon.build/DerivedSources -Xcc -DCOCOAPODS=1 -no-auto-bridging-header-chaining -module-name falcon -frontend-parseable-output -disable-clang-spi -target-sdk-version 26.0 -target-sdk-name iphonesimulator26.0 -clang-target x86_64-apple-ios26.0-simulator -in-process-plugin-server-path /Applications/Xcode.app/Contents/Developer/Toolchains/XcodeDefault.xctoolchain/usr/lib/swift/host/libSwiftInProcPluginServer.dylib -enable-default-cmo -num-threads 8 -output-filelist /Users/zhouming/Library/Developer/Xcode/DerivedData/falcon-gsoilikaxsflzjexzrtqkcenvrbo/Build/Intermediates.noindex/falcon.build/Release-iphonesimulator/falcon.build/Objects-normal/x86_64/outputs-1 -index-unit-output-path-filelist /Users/zhouming/Library/Developer/Xcode/DerivedData/falcon-gsoilikaxsflzjexzrtqkcenvrbo/Build/Intermediates.noindex/falcon.build/Release-iphonesimulator/falcon.build/Objects-normal/x86_64/index-unit-outputs-1
1.	Apple Swift version 6.2 (swiftlang-6.2.0.19.9 clang-1700.3.19.1)
2.	Compiling with effective version 5.10
3.	While emitting IR SIL function "@$s6falcon14GCDSimpleCacheCfD".
 for 'deinit' (at /Users/zhouming/Desktop/falcon/falcon/Core/UIKitExtension/GCDSimpleCache.swift:6:7)
Stack dump without symbol names (ensure you have llvm-symbolizer in your PATH or set the environment var `LLVM_SYMBOLIZER_PATH` to point to it):
0  swift-frontend           0x0000000106e2dbcc llvm::sys::PrintStackTrace(llvm::raw_ostream&, int) + 56
1  swift-frontend           0x0000000106e2b55c llvm::sys::RunSignalHandlers() + 112
2  swift-frontend           0x0000000106e2e1f8 SignalHandler(int, __siginfo*, void*) + 344
3  libsystem_platform.dylib 0x00000001823396a4 _sigtramp + 56
4  swift-frontend           0x000000010112f880 (anonymous namespace)::IRGenSILFunction::visitSILBasicBlock(swift::SILBasicBlock*) + 18888
5  swift-frontend           0x000000010112f880 (anonymous namespace)::IRGenSILFunction::visitSILBasicBlock(swift::SILBasicBlock*) + 18888
6  swift-frontend           0x00000001011297e8 (anonymous namespace)::IRGenSILFunction::emitSILFunction() + 15996
7  swift-frontend           0x0000000101125540 swift::irgen::IRGenModule::emitSILFunction(swift::SILFunction*) + 2836
8  swift-frontend           0x0000000100f3c088 swift::irgen::IRGenerator::emitLazyDefinitions() + 5204
9  swift-frontend           0x00000001010d55e0 swift::performIRGeneration(swift::ModuleDecl*, swift::IRGenOptions const&, swift::TBDGenOptions const&, std::__1::unique_ptr<swift::SILModule, std::__1::default_delete<swift::SILModule>>, llvm::StringRef, swift::PrimarySpecificPaths const&, llvm::ArrayRef<std::__1::basic_string<char, std::__1::char_traits<char>, std::__1::allocator<char>>>, llvm::GlobalVariable**) + 2844
10 swift-frontend           0x0000000100a6d16c generateIR(swift::IRGenOptions const&, swift::TBDGenOptions const&, std::__1::unique_ptr<swift::SILModule, std::__1::default_delete<swift::SILModule>>, swift::PrimarySpecificPaths const&, llvm::StringRef, llvm::PointerUnion<swift::ModuleDecl*, swift::SourceFile*>, llvm::GlobalVariable*&, llvm::ArrayRef<std::__1::basic_string<char, std::__1::char_traits<char>, std::__1::allocator<char>>>) + 216
11 swift-frontend           0x0000000100a6874c performCompileStepsPostSILGen(swift::CompilerInstance&, std::__1::unique_ptr<swift::SILModule, std::__1::default_delete<swift::SILModule>>, llvm::PointerUnion<swift::ModuleDecl*, swift::SourceFile*>, swift::PrimarySpecificPaths const&, int&, swift::FrontendObserver*) + 2108
12 swift-frontend           0x0000000100a67dbc swift::performCompileStepsPostSema(swift::CompilerInstance&, int&, swift::FrontendObserver*) + 2680
13 swift-frontend           0x0000000100a6aa7c performCompile(swift::CompilerInstance&, int&, swift::FrontendObserver*) + 1764
14 swift-frontend           0x0000000100a6968c swift::performFrontend(llvm::ArrayRef<char const*>, char const*, void*, swift::FrontendObserver*) + 3580
15 swift-frontend           0x00000001009eac6c swift::mainEntry(int, char const**) + 5412
16 dyld                     0x0000000181f5eb98 start + 6076
Failed frontend command:
/Applications/Xcode.app/Contents/Developer/Toolchains/XcodeDefault.xctoolchain/usr/bin/swift-frontend -frontend -c -filelist /Users/zhouming/Library/Developer/Xcode/DerivedData/falcon-gsoilikaxsflzjexzrtqkcenvrbo/Build/Intermediates.noindex/falcon.build/Release-iphonesimulator/falcon.build/Objects-normal/x86_64/sources-2 -supplementary-output-file-map /Users/zhouming/Library/Developer/Xcode/DerivedData/falcon-gsoilikaxsflzjexzrtqkcenvrbo/Build/Intermediates.noindex/falcon.build/Release-iphonesimulator/falcon.build/Objects-normal/x86_64/supplementaryOutputs-2 -emit-localized-strings -emit-localized-strings-path /Users/zhouming/Library/Developer/Xcode/DerivedData/falcon-gsoilikaxsflzjexzrtqkcenvrbo/Build/Intermediates.noindex/falcon.build/Release-iphonesimulator/falcon.build/Objects-normal/x86_64 -target x86_64-apple-ios15.5-simulator -module-can-import-version DeveloperToolsSupport 23.0.4 23.0.4 -module-can-import-version SwiftUI 7.0.84.1 7.0.84 -module-can-import-version UIKit 9088.1.113 9088.1.113 -load-resolved-plugin /Applications/Xcode.app/Contents/Developer/Platforms/iPhoneOS.platform/Developer/usr/lib/swift/host/plugins/libFoundationMacros.dylib\#/Applications/Xcode.app/Contents/Developer/Platforms/iPhoneOS.platform/Developer/usr/bin/swift-plugin-server\#FoundationMacros -load-resolved-plugin /Applications/Xcode.app/Contents/Developer/Platforms/iPhoneOS.platform/Developer/usr/lib/swift/host/plugins/libObservationMacros.dylib\#/Applications/Xcode.app/Contents/Developer/Platforms/iPhoneOS.platform/Developer/usr/bin/swift-plugin-server\#ObservationMacros -load-resolved-plugin /Applications/Xcode.app/Contents/Developer/Platforms/iPhoneOS.platform/Developer/usr/lib/swift/host/plugins/libPreviewsMacros.dylib\#/Applications/Xcode.app/Contents/Developer/Platforms/iPhoneOS.platform/Developer/usr/bin/swift-plugin-server\#PreviewsMacros -load-resolved-plugin /Applications/Xcode.app/Contents/Developer/Platforms/iPhoneOS.platform/Developer/usr/lib/swift/host/plugins/libSwiftMacros.dylib\#/Applications/Xcode.app/Contents/Developer/Platforms/iPhoneOS.platform/Developer/usr/bin/swift-plugin-server\#SwiftMacros -load-resolved-plugin /Applications/Xcode.app/Contents/Developer/Platforms/iPhoneOS.platform/Developer/usr/lib/swift/host/plugins/libSwiftUIMacros.dylib\#/Applications/Xcode.app/Contents/Developer/Platforms/iPhoneOS.platform/Developer/usr/bin/swift-plugin-server\#SwiftUIMacros -load-resolved-plugin /Applications/Xcode.app/Contents/Developer/Platforms/iPhoneOS.platform/Developer/usr/lib/swift/host/plugins/libTipKitMacros.dylib\#/Applications/Xcode.app/Contents/Developer/Platforms/iPhoneOS.platform/Developer/usr/bin/swift-plugin-server\#TipKitMacros -disable-implicit-swift-modules -Xcc -fno-implicit-modules -Xcc -fno-implicit-module-maps -explicit-swift-module-map-file /Users/zhouming/Library/Developer/Xcode/DerivedData/falcon-gsoilikaxsflzjexzrtqkcenvrbo/Build/Intermediates.noindex/falcon.build/Release-iphonesimulator/falcon.build/Objects-normal/x86_64/falcon-dependencies-1.json -enable-objc-interop -sdk /Applications/Xcode.app/Contents/Developer/Platforms/iPhoneSimulator.platform/Developer/SDKs/iPhoneSimulator26.0.sdk -I /Users/zhouming/Library/Developer/Xcode/DerivedData/falcon-gsoilikaxsflzjexzrtqkcenvrbo/Build/Products/Release-iphonesimulator -F /Users/zhouming/Library/Developer/Xcode/DerivedData/falcon-gsoilikaxsflzjexzrtqkcenvrbo/Build/Products/Release-iphonesimulator -F /Users/zhouming/Library/Developer/Xcode/DerivedData/falcon-gsoilikaxsflzjexzrtqkcenvrbo/Build/Products/Release-iphonesimulator/Alamofire -F /Users/zhouming/Library/Developer/Xcode/DerivedData/falcon-gsoilikaxsflzjexzrtqkcenvrbo/Build/Products/Release-iphonesimulator/Cache -F /Users/zhouming/Library/Developer/Xcode/DerivedData/falcon-gsoilikaxsflzjexzrtqkcenvrbo/Build/Products/Release-iphonesimulator/DZNEmptyDataSet -F /Users/zhouming/Library/Developer/Xcode/DerivedData/falcon-gsoilikaxsflzjexzrtqkcenvrbo/Build/Products/Release-iphonesimulator/DisplayCriteria -F /Users/zhouming/Library/Developer/Xcode/DerivedData/falcon-gsoilikaxsflzjexzrtqkcenvrbo/Build/Products/Release-iphonesimulator/ESTabBarController-swift -F /Users/zhouming/Library/Developer/Xcode/DerivedData/falcon-gsoilikaxsflzjexzrtqkcenvrbo/Build/Products/Release-iphonesimulator/FFmpegKit -F /Users/zhouming/Library/Developer/Xcode/DerivedData/falcon-gsoilikaxsflzjexzrtqkcenvrbo/Build/Products/Release-iphonesimulator/IQKeyboardCore -F /Users/zhouming/Library/Developer/Xcode/DerivedData/falcon-gsoilikaxsflzjexzrtqkcenvrbo/Build/Products/Release-iphonesimulator/IQKeyboardManagerSwift -F /Users/zhouming/Library/Developer/Xcode/DerivedData/falcon-gsoilikaxsflzjexzrtqkcenvrbo/Build/Products/Release-iphonesimulator/IQKeyboardNotification -F /Users/zhouming/Library/Developer/Xcode/DerivedData/falcon-gsoilikaxsflzjexzrtqkcenvrbo/Build/Products/Release-iphonesimulator/IQKeyboardReturnManager -F /Users/zhouming/Library/Developer/Xcode/DerivedData/falcon-gsoilikaxsflzjexzrtqkcenvrbo/Build/Products/Release-iphonesimulator/IQKeyboardToolbar -F /Users/zhouming/Library/Developer/Xcode/DerivedData/falcon-gsoilikaxsflzjexzrtqkcenvrbo/Build/Products/Release-iphonesimulator/IQKeyboardToolbarManager -F /Users/zhouming/Library/Developer/Xcode/DerivedData/falcon-gsoilikaxsflzjexzrtqkcenvrbo/Build/Products/Release-iphonesimulator/IQTextInputViewNotification -F /Users/zhouming/Library/Developer/Xcode/DerivedData/falcon-gsoilikaxsflzjexzrtqkcenvrbo/Build/Products/Release-iphonesimulator/IQTextView -F /Users/zhouming/Library/Developer/Xcode/DerivedData/falcon-gsoilikaxsflzjexzrtqkcenvrbo/Build/Products/Release-iphonesimulator/JXPagingView -F /Users/zhouming/Library/Developer/Xcode/DerivedData/falcon-gsoilikaxsflzjexzrtqkcenvrbo/Build/Products/Release-iphonesimulator/JXSegmentedView -F /Users/zhouming/Library/Developer/Xcode/DerivedData/falcon-gsoilikaxsflzjexzrtqkcenvrbo/Build/Products/Release-iphonesimulator/KSPlayer -F /Users/zhouming/Library/Developer/Xcode/DerivedData/falcon-gsoilikaxsflzjexzrtqkcenvrbo/Build/Products/Release-iphonesimulator/Kingfisher -F /Users/zhouming/Library/Developer/Xcode/DerivedData/falcon-gsoilikaxsflzjexzrtqkcenvrbo/Build/Products/Release-iphonesimulator/MBProgressHUD -F /Users/zhouming/Library/Developer/Xcode/DerivedData/falcon-gsoilikaxsflzjexzrtqkcenvrbo/Build/Products/Release-iphonesimulator/SnapKit -F /Users/zhouming/Library/Developer/Xcode/DerivedData/falcon-gsoilikaxsflzjexzrtqkcenvrbo/Build/Products/Release-iphonesimulator/Toast -F /Users/zhouming/Library/Developer/Xcode/DerivedData/falcon-gsoilikaxsflzjexzrtqkcenvrbo/Build/Products/Release-iphonesimulator/YQKingfisher -F /Users/zhouming/Library/Developer/Xcode/DerivedData/falcon-gsoilikaxsflzjexzrtqkcenvrbo/Build/Products/Release-iphonesimulator/YQPhotoBrowser -F /Users/zhouming/Library/Developer/Xcode/DerivedData/falcon-gsoilikaxsflzjexzrtqkcenvrbo/Build/Products/Release-iphonesimulator/YYCache -F /Users/zhouming/Library/Developer/Xcode/DerivedData/falcon-gsoilikaxsflzjexzrtqkcenvrbo/Build/Products/Release-iphonesimulator/YYText -F /Users/zhouming/Library/Developer/Xcode/DerivedData/falcon-gsoilikaxsflzjexzrtqkcenvrbo/Build/Products/Release-iphonesimulator/ZLPhotoBrowser -F /Users/zhouming/Library/Developer/Xcode/DerivedData/falcon-gsoilikaxsflzjexzrtqkcenvrbo/Build/Products/Release-iphonesimulator/lottie-ios -F /Users/zhouming/Desktop/falcon/Pods/FFmpegKit/Sources -F /Users/zhouming/Desktop/falcon/Pods/Libass/Sources -F /Users/zhouming/Library/Developer/Xcode/DerivedData/falcon-gsoilikaxsflzjexzrtqkcenvrbo/Build/Products/Release-iphonesimulator/XCFrameworkIntermediates/FFmpegKit/FFmpegKit -F /Users/zhouming/Library/Developer/Xcode/DerivedData/falcon-gsoilikaxsflzjexzrtqkcenvrbo/Build/Products/Release-iphonesimulator/XCFrameworkIntermediates/Libass/Libass -no-color-diagnostics -Xcc -fno-color-diagnostics -g -debug-info-format\=dwarf -dwarf-version\=4 -module-cache-path /Users/zhouming/Library/Developer/Xcode/DerivedData/falcon-gsoilikaxsflzjexzrtqkcenvrbo/Build/Intermediates.noindex/SwiftExplicitPrecompiledModules -profile-generate -profile-coverage-mapping -swift-version 5 -enforce-exclusivity\=checked -O -D COCOAPODS -serialize-debugging-options -const-gather-protocols-file /Users/zhouming/Library/Developer/Xcode/DerivedData/falcon-gsoilikaxsflzjexzrtqkcenvrbo/Build/Intermediates.noindex/falcon.build/Release-iphonesimulator/falcon.build/Objects-normal/x86_64/falcon_const_extract_protocols.json -enable-upcoming-feature DisableOutwardActorInference -enable-upcoming-feature InferSendableFromCaptures -enable-upcoming-feature GlobalActorIsolatedTypesUsability -enable-upcoming-feature MemberImportVisibility -enable-upcoming-feature InferIsolatedConformances -enable-upcoming-feature NonisolatedNonsendingByDefault -enable-experimental-feature DebugDescriptionMacro -enable-bare-slash-regex -default-isolation\=MainActor -empty-abi-descriptor -validate-clang-modules-once -clang-build-session-file /Users/zhouming/Library/Developer/Xcode/DerivedData/ModuleCache.noindex/Session.modulevalidation -Xcc -working-directory -Xcc /Users/zhouming/Desktop/falcon -file-compilation-dir /Users/zhouming/Desktop/falcon -Xcc -ivfsstatcache -Xcc /Users/zhouming/Library/Developer/Xcode/DerivedData/SDKStatCaches.noindex/iphonesimulator26.0-23A339-3885c01c3e6b6a337905948deab2002e26257891a6c027eb51374368541b8346.sdkstatcache -Xcc -I/Users/zhouming/Library/Developer/Xcode/DerivedData/falcon-gsoilikaxsflzjexzrtqkcenvrbo/Build/Intermediates.noindex/falcon.build/Release-iphonesimulator/falcon.build/swift-overrides.hmap -Xcc -iquote -Xcc /Users/zhouming/Library/Developer/Xcode/DerivedData/falcon-gsoilikaxsflzjexzrtqkcenvrbo/Build/Intermediates.noindex/falcon.build/Release-iphonesimulator/falcon.build/falcon-generated-files.hmap -Xcc -I/Users/zhouming/Library/Developer/Xcode/DerivedData/falcon-gsoilikaxsflzjexzrtqkcenvrbo/Build/Intermediates.noindex/falcon.build/Release-iphonesimulator/falcon.build/falcon-own-target-headers.hmap -Xcc -I/Users/zhouming/Library/Developer/Xcode/DerivedData/falcon-gsoilikaxsflzjexzrtqkcenvrbo/Build/Intermediates.noindex/falcon.build/Release-iphonesimulator/falcon.build/falcon-all-non-framework-target-headers.hmap -Xcc -ivfsoverlay -Xcc /Users/zhouming/Library/Developer/Xcode/DerivedData/falcon-gsoilikaxsflzjexzrtqkcenvrbo/Build/Intermediates.noindex/falcon.build/Release-iphonesimulator/falcon-0daf7a28aeb72ccd5ee13e2bf2731ec9-VFS-iphonesimulator/all-product-headers.yaml -Xcc -iquote -Xcc /Users/zhouming/Library/Developer/Xcode/DerivedData/falcon-gsoilikaxsflzjexzrtqkcenvrbo/Build/Intermediates.noindex/falcon.build/Release-iphonesimulator/falcon.build/falcon-project-headers.hmap -Xcc -I/Users/zhouming/Library/Developer/Xcode/DerivedData/falcon-gsoilikaxsflzjexzrtqkcenvrbo/Build/Products/Release-iphonesimulator/include -Xcc -I/Users/zhouming/Library/Developer/Xcode/DerivedData/falcon-gsoilikaxsflzjexzrtqkcenvrbo/Build/Products/Release-iphonesimulator/Alamofire/Alamofire.framework/Headers -Xcc -I/Users/zhouming/Library/Developer/Xcode/DerivedData/falcon-gsoilikaxsflzjexzrtqkcenvrbo/Build/Products/Release-iphonesimulator/Cache/Cache.framework/Headers -Xcc -I/Users/zhouming/Library/Developer/Xcode/DerivedData/falcon-gsoilikaxsflzjexzrtqkcenvrbo/Build/Products/Release-iphonesimulator/DZNEmptyDataSet/DZNEmptyDataSet.framework/Headers -Xcc -I/Users/zhouming/Library/Developer/Xcode/DerivedData/falcon-gsoilikaxsflzjexzrtqkcenvrbo/Build/Products/Release-iphonesimulator/DisplayCriteria/DisplayCriteria.framework/Headers -Xcc -I/Users/zhouming/Library/Developer/Xcode/DerivedData/falcon-gsoilikaxsflzjexzrtqkcenvrbo/Build/Products/Release-iphonesimulator/ESTabBarController-swift/ESTabBarController_swift.framework/Headers -Xcc -I/Users/zhouming/Library/Developer/Xcode/DerivedData/falcon-gsoilikaxsflzjexzrtqkcenvrbo/Build/Products/Release-iphonesimulator/FFmpegKit/FFmpegKit.framework/Headers -Xcc -I/Users/zhouming/Library/Developer/Xcode/DerivedData/falcon-gsoilikaxsflzjexzrtqkcenvrbo/Build/Products/Release-iphonesimulator/IQKeyboardCore/IQKeyboardCore.framework/Headers -Xcc -I/Users/zhouming/Library/Developer/Xcode/DerivedData/falcon-gsoilikaxsflzjexzrtqkcenvrbo/Build/Products/Release-iphonesimulator/IQKeyboardManagerSwift/IQKeyboardManagerSwift.framework/Headers -Xcc -I/Users/zhouming/Library/Developer/Xcode/DerivedData/falcon-gsoilikaxsflzjexzrtqkcenvrbo/Build/Products/Release-iphonesimulator/IQKeyboardNotification/IQKeyboardNotification.framework/Headers -Xcc -I/Users/zhouming/Library/Developer/Xcode/DerivedData/falcon-gsoilikaxsflzjexzrtqkcenvrbo/Build/Products/Release-iphonesimulator/IQKeyboardReturnManager/IQKeyboardReturnManager.framework/Headers -Xcc -I/Users/zhouming/Library/Developer/Xcode/DerivedData/falcon-gsoilikaxsflzjexzrtqkcenvrbo/Build/Products/Release-iphonesimulator/IQKeyboardToolbar/IQKeyboardToolbar.framework/Headers -Xcc -I/Users/zhouming/Library/Developer/Xcode/DerivedData/falcon-gsoilikaxsflzjexzrtqkcenvrbo/Build/Products/Release-iphonesimulator/IQKeyboardToolbarManager/IQKeyboardToolbarManager.framework/Headers -Xcc -I/Users/zhouming/Library/Developer/Xcode/DerivedData/falcon-gsoilikaxsflzjexzrtqkcenvrbo/Build/Products/Release-iphonesimulator/IQTextInputViewNotification/IQTextInputViewNotification.framework/Headers -Xcc -I/Users/zhouming/Library/Developer/Xcode/DerivedData/falcon-gsoilikaxsflzjexzrtqkcenvrbo/Build/Products/Release-iphonesimulator/IQTextView/IQTextView.framework/Headers -Xcc -I/Users/zhouming/Library/Developer/Xcode/DerivedData/falcon-gsoilikaxsflzjexzrtqkcenvrbo/Build/Products/Release-iphonesimulator/JXPagingView/JXPagingView.framework/Headers -Xcc -I/Users/zhouming/Library/Developer/Xcode/DerivedData/falcon-gsoilikaxsflzjexzrtqkcenvrbo/Build/Products/Release-iphonesimulator/JXSegmentedView/JXSegmentedView.framework/Headers -Xcc -I/Users/zhouming/Library/Developer/Xcode/DerivedData/falcon-gsoilikaxsflzjexzrtqkcenvrbo/Build/Products/Release-iphonesimulator/KSPlayer/KSPlayer.framework/Headers -Xcc -I/Users/zhouming/Library/Developer/Xcode/DerivedData/falcon-gsoilikaxsflzjexzrtqkcenvrbo/Build/Products/Release-iphonesimulator/Kingfisher/Kingfisher.framework/Headers -Xcc -I/Users/zhouming/Library/Developer/Xcode/DerivedData/falcon-gsoilikaxsflzjexzrtqkcenvrbo/Build/Products/Release-iphonesimulator/MBProgressHUD/MBProgressHUD.framework/Headers -Xcc -I/Users/zhouming/Library/Developer/Xcode/DerivedData/falcon-gsoilikaxsflzjexzrtqkcenvrbo/Build/Products/Release-iphonesimulator/SnapKit/SnapKit.framework/Headers -Xcc -I/Users/zhouming/Library/Developer/Xcode/DerivedData/falcon-gsoilikaxsflzjexzrtqkcenvrbo/Build/Products/Release-iphonesimulator/Toast/Toast.framework/Headers -Xcc -I/Users/zhouming/Library/Developer/Xcode/DerivedData/falcon-gsoilikaxsflzjexzrtqkcenvrbo/Build/Products/Release-iphonesimulator/YQKingfisher/YQKingfisher.framework/Headers -Xcc -I/Users/zhouming/Library/Developer/Xcode/DerivedData/falcon-gsoilikaxsflzjexzrtqkcenvrbo/Build/Products/Release-iphonesimulator/YQPhotoBrowser/YQPhotoBrowser.framework/Headers -Xcc -I/Users/zhouming/Library/Developer/Xcode/DerivedData/falcon-gsoilikaxsflzjexzrtqkcenvrbo/Build/Products/Release-iphonesimulator/YYCache/YYCache.framework/Headers -Xcc -I/Users/zhouming/Library/Developer/Xcode/DerivedData/falcon-gsoilikaxsflzjexzrtqkcenvrbo/Build/Products/Release-iphonesimulator/YYText/YYText.framework/Headers -Xcc -I/Users/zhouming/Library/Developer/Xcode/DerivedData/falcon-gsoilikaxsflzjexzrtqkcenvrbo/Build/Products/Release-iphonesimulator/ZLPhotoBrowser/ZLPhotoBrowser.framework/Headers -Xcc -I/Users/zhouming/Library/Developer/Xcode/DerivedData/falcon-gsoilikaxsflzjexzrtqkcenvrbo/Build/Products/Release-iphonesimulator/lottie-ios/Lottie.framework/Headers -Xcc -I/Users/zhouming/Library/Developer/Xcode/DerivedData/falcon-gsoilikaxsflzjexzrtqkcenvrbo/Build/Products/Release-iphonesimulator/XCFrameworkIntermediates/FFmpegKit/FFmpegKit/Headers -Xcc -I/Users/zhouming/Library/Developer/Xcode/DerivedData/falcon-gsoilikaxsflzjexzrtqkcenvrbo/Build/Intermediates.noindex/falcon.build/Release-iphonesimulator/falcon.build/DerivedSources-normal/x86_64 -Xcc -I/Users/zhouming/Library/Developer/Xcode/DerivedData/falcon-gsoilikaxsflzjexzrtqkcenvrbo/Build/Intermediates.noindex/falcon.build/Release-iphonesimulator/falcon.build/DerivedSources/x86_64 -Xcc -I/Users/zhouming/Library/Developer/Xcode/DerivedData/falcon-gsoilikaxsflzjexzrtqkcenvrbo/Build/Intermediates.noindex/falcon.build/Release-iphonesimulator/falcon.build/DerivedSources -Xcc -DCOCOAPODS\=1 -no-auto-bridging-header-chaining -module-name falcon -frontend-parseable-output -disable-clang-spi -target-sdk-version 26.0 -target-sdk-name iphonesimulator26.0 -clang-target x86_64-apple-ios26.0-simulator -in-process-plugin-server-path /Applications/Xcode.app/Contents/Developer/Toolchains/XcodeDefault.xctoolchain/usr/lib/swift/host/libSwiftInProcPluginServer.dylib -enable-default-cmo -num-threads 8 -output-filelist /Users/zhouming/Library/Developer/Xcode/DerivedData/falcon-gsoilikaxsflzjexzrtqkcenvrbo/Build/Intermediates.noindex/falcon.build/Release-iphonesimulator/falcon.build/Objects-normal/x86_64/outputs-1 -index-unit-output-path-filelist /Users/zhouming/Library/Developer/Xcode/DerivedData/falcon-gsoilikaxsflzjexzrtqkcenvrbo/Build/Intermediates.noindex/falcon.build/Release-iphonesimulator/falcon.build/Objects-normal/x86_64/index-unit-outputs-1
Command SwiftCompile failed with a nonzero exit code

CompileSwift normal x86_64 (in target 'falcon' from project 'falcon')
    cd /Users/zhouming/Desktop/falcon
    

** BUILD FAILED **


The following build commands failed:
	SwiftCompile normal x86_64 Compiling\ DSCardListCell.swift,\ DSAvatar.swift,\ DSBannerView.swift,\ DSButton.swift,\ DSCardView.swift,\ DSEmptyStateView.swift,\ DSImageCardView.swift,\ DSLabel.swift,\ DSLoadingView.swift,\ DSTag.swift,\ DSTextField.swift,\ DSToast.swift,\ DSColor.swift,\ DSSpacing.swift,\ DSTypography.swift,\ String+Extension.swift,\ UIColor+Extension.swift,\ UIViewController+Extension.swift,\ UIWindow+Extension.swift,\ GCDSimpleCache.swift,\ UIKitBasicViewController.swift,\ UIKitViewController.swift,\ UIKitWindowViewController.swift,\ UserInfo.swift,\ UserInfoSession.swift,\ FileManager+Extension.swift,\ LoginUtil.swift,\ PerformanceMeasurer.swift,\ BaseNavigationController.swift,\ TestAutolayoutViewController.swift,\ DesignSystemDemoViewController.swift,\ DSComplexListViewController.swift,\ UseNavigationBarController.swift,\ ProtocolDemoViewController.swift,\ ConcurrentQueueCounter.swift,\ LockCounter.swift,\ NSRecursiveLockDemo.swift,\ SemaphoreCounter.swift,\ SerialQueueCounter.swift,\ OnlySonLock.swift,\ OnlySuperLock.swift,\ QueueViewController.swift,\ RunLoopDemoViewController.swift,\ AssociatedObjectViewController.swift,\ MethodSwizzlingViewController.swift,\ TabbarAppearanceDemoViewController.swift,\ MDESTabBarController.swift,\ MDTabbarController.swift,\ UsageTimerViewController.swift,\ BasicKnowledgeViewController.swift,\ GistDetailViewController.swift,\ NetworkDemoViewController.swift,\ PerformanceCPUDemoViewController.swift,\ PerformanceGPUDemoViewController.swift,\ DZNEmptyDataSetUsageViewController.swift,\ JXPagingNestedSegmentViewController.swift,\ JXPagingViewUseViewController.swift,\ MDFullscreenPopGesture.swift,\ UINavigationBarController+MDFullscreenPopGestureExtension.swift,\ UIViewController+MDFullscreenPopGestureExtension.swift,\ MDScrollView.swift,\ SegmentedViewUseViewController.swift,\ PhotoBrowerViewController.swift,\ UsageThirdPartyViewController.swift,\ CacheManager.swift,\ NetworkInterceptor.swift,\ APIRouter.swift,\ BaseResponse.swift,\ NetworkConfig.swift,\ NetworkError.swift,\ NetworkManager.swift,\ AlamofireFirstViewController.swift,\ AlamofireFourViewController.swift,\ AlamofireSecondViewController.swift,\ AlamofireThirdViewController.swift,\ AlamofireViewController.swift,\ AlamofireZeroViewController.swift,\ BinAPI.swift,\ GistResponse.swift,\ HParams.swift,\ HResponse.swift,\ UserAPI.swift,\ WebError.swift,\ KingfisherCache.swift,\ KingfisherDiskCache.swift,\ KingfisherMemoryCache.swift,\ KingfisherManager.swift,\ KFError.swift,\ KingfisherDownloader.swift,\ KingfisherSessionDataTask.swift,\ KingfisherSessionDelegate.swift,\ KingfisherBasicViewController.swift,\ KingfisherSessionDelegateViewController.swift,\ KingfisherUseNetworkLayerViewController.swift,\ KingfisherViewController.swift,\ FAProgressHUD.swift,\ FAProgressHUDUsageViewController.swift,\ falconWrapper.swift,\ NamespaceViewController.swift,\ RotationBestPracticeDemo.swift,\ RotationDemoViewController.swift,\ Navigationer.swift,\ RouteCompatible.swift,\ RouteConvertible.swift,\ RouteError.swift,\ RouteParser.swift,\ SimpleRouter.swift,\ Route.swift,\ RouterViewController.swift,\ SimpleCache.swift,\ SimpleCacheError.swift,\ SimpleDiskCache.swift,\ SimpleDiskFile.swift,\ SimpleMemoryCache.swift,\ CacheBasicViewController.swift,\ CacheDeepInViewController.swift,\ CacheImitateViewController.swift,\ CacheUsageViewController.swift,\ CacheViewController.swift,\ GCDCacheViewController.swift,\ LockBenchmarkViewController.swift,\ LockBlockingViewController.swift,\ ThreadUnsafeDemoViewController.swift,\ FeedViewController.swift,\ YYTextAttributeViewController.swift,\ YYTextController.swift,\ YYTextLayoutViewController.swift,\ LoginViewController.swift,\ AppDelegate.swift,\ HomeViewController.swift,\ SceneDelegate.swift,\ GeneratedAssetSymbols.swift /Users/zhouming/Desktop/falcon/falcon/Core/DesignSystem/Cells/DSCardListCell.swift /Users/zhouming/Desktop/falcon/falcon/Core/DesignSystem/Components/DSAvatar.swift /Users/zhouming/Desktop/falcon/falcon/Core/DesignSystem/Components/DSBannerView.swift /Users/zhouming/Desktop/falcon/falcon/Core/DesignSystem/Components/DSButton.swift /Users/zhouming/Desktop/falcon/falcon/Core/DesignSystem/Components/DSCardView.swift /Users/zhouming/Desktop/falcon/falcon/Core/DesignSystem/Components/DSEmptyStateView.swift /Users/zhouming/Desktop/falcon/falcon/Core/DesignSystem/Components/DSImageCardView.swift /Users/zhouming/Desktop/falcon/falcon/Core/DesignSystem/Components/DSLabel.swift /Users/zhouming/Desktop/falcon/falcon/Core/DesignSystem/Components/DSLoadingView.swift /Users/zhouming/Desktop/falcon/falcon/Core/DesignSystem/Components/DSTag.swift /Users/zhouming/Desktop/falcon/falcon/Core/DesignSystem/Components/DSTextField.swift /Users/zhouming/Desktop/falcon/falcon/Core/DesignSystem/Components/DSToast.swift /Users/zhouming/Desktop/falcon/falcon/Core/DesignSystem/Tokens/DSColor.swift /Users/zhouming/Desktop/falcon/falcon/Core/DesignSystem/Tokens/DSSpacing.swift /Users/zhouming/Desktop/falcon/falcon/Core/DesignSystem/Tokens/DSTypography.swift /Users/zhouming/Desktop/falcon/falcon/Core/UIKitExtension/Encapsulation/String+Extension.swift /Users/zhouming/Desktop/falcon/falcon/Core/UIKitExtension/Encapsulation/UIColor+Extension.swift /Users/zhouming/Desktop/falcon/falcon/Core/UIKitExtension/Encapsulation/UIViewController+Extension.swift /Users/zhouming/Desktop/falcon/falcon/Core/UIKitExtension/Encapsulation/UIWindow+Extension.swift /Users/zhouming/Desktop/falcon/falcon/Core/UIKitExtension/GCDSimpleCache.swift /Users/zhouming/Desktop/falcon/falcon/Core/UIKitExtension/UIKitBasicViewController.swift /Users/zhouming/Desktop/falcon/falcon/Core/UIKitExtension/UIKitViewController.swift /Users/zhouming/Desktop/falcon/falcon/Core/UIKitExtension/UIKitWindowViewController.swift /Users/zhouming/Desktop/falcon/falcon/Core/UserInfo/UserInfo.swift /Users/zhouming/Desktop/falcon/falcon/Core/UserInfo/UserInfoSession.swift /Users/zhouming/Desktop/falcon/falcon/Core/Util/FileManager+Extension.swift /Users/zhouming/Desktop/falcon/falcon/Core/Util/LoginUtil.swift /Users/zhouming/Desktop/falcon/falcon/Core/Util/PerformanceMeasurer.swift /Users/zhouming/Desktop/falcon/falcon/Core/BaseNavigationController.swift /Users/zhouming/Desktop/falcon/falcon/Demos/BasicKnowledge/Autolayout/TestAutolayoutViewController.swift /Users/zhouming/Desktop/falcon/falcon/Demos/BasicKnowledge/DesignSystem/DesignSystemDemoViewController.swift /Users/zhouming/Desktop/falcon/falcon/Demos/BasicKnowledge/DesignSystem/DSComplexListViewController.swift /Users/zhouming/Desktop/falcon/falcon/Demos/BasicKnowledge/Navigation/UseNavigationBarController.swift /Users/zhouming/Desktop/falcon/falcon/Demos/BasicKnowledge/Protocol/ProtocolDemoViewController.swift /Users/zhouming/Desktop/falcon/falcon/Demos/BasicKnowledge/Queue/Lock/ConcurrentQueueCounter.swift /Users/zhouming/Desktop/falcon/falcon/Demos/BasicKnowledge/Queue/Lock/LockCounter.swift /Users/zhouming/Desktop/falcon/falcon/Demos/BasicKnowledge/Queue/Lock/NSRecursiveLockDemo.swift /Users/zhouming/Desktop/falcon/falcon/Demos/BasicKnowledge/Queue/Lock/SemaphoreCounter.swift /Users/zhouming/Desktop/falcon/falcon/Demos/BasicKnowledge/Queue/Lock/SerialQueueCounter.swift /Users/zhouming/Desktop/falcon/falcon/Demos/BasicKnowledge/Queue/LockGranularity/OnlySonLock.swift /Users/zhouming/Desktop/falcon/falcon/Demos/BasicKnowledge/Queue/LockGranularity/OnlySuperLock.swift /Users/zhouming/Desktop/falcon/falcon/Demos/BasicKnowledge/Queue/QueueViewController.swift /Users/zhouming/Desktop/falcon/falcon/Demos/BasicKnowledge/RunLoop/RunLoopDemoViewController.swift /Users/zhouming/Desktop/falcon/falcon/Demos/BasicKnowledge/Runtime/AssociatedObjectViewController.swift /Users/zhouming/Desktop/falcon/falcon/Demos/BasicKnowledge/Runtime/MethodSwizzlingViewController.swift /Users/zhouming/Desktop/falcon/falcon/Demos/BasicKnowledge/Tabbar/Appearance/TabbarAppearanceDemoViewController.swift /Users/zhouming/Desktop/falcon/falcon/Demos/BasicKnowledge/Tabbar/MDESTabBarController.swift /Users/zhouming/Desktop/falcon/falcon/Demos/BasicKnowledge/Tabbar/MDTabbarController.swift /Users/zhouming/Desktop/falcon/falcon/Demos/BasicKnowledge/Timer/Usage/UsageTimerViewController.swift /Users/zhouming/Desktop/falcon/falcon/Demos/BasicKnowledge/BasicKnowledgeViewController.swift /Users/zhouming/Desktop/falcon/falcon/Demos/Network/Alamofire/GistDetailViewController.swift /Users/zhouming/Desktop/falcon/falcon/Demos/Network/Alamofire/NetworkDemoViewController.swift /Users/zhouming/Desktop/falcon/falcon/Demos/Performance/PerformanceCPUDemoViewController.swift /Users/zhouming/Desktop/falcon/falcon/Demos/Performance/PerformanceGPUDemoViewController.swift /Users/zhouming/Desktop/falcon/falcon/Demos/ThirdParty/DZNEmptyDataSet/Usage/DZNEmptyDataSetUsageViewController.swift /Users/zhouming/Desktop/falcon/falcon/Demos/ThirdParty/JXPagingView/Nest/JXPagingNestedSegmentViewController.swift /Users/zhouming/Desktop/falcon/falcon/Demos/ThirdParty/JXPagingView/JXPagingViewUseViewController.swift /Users/zhouming/Desktop/falcon/falcon/Demos/ThirdParty/MDFullscreenPopGesture/MDFullscreenPopGesture.swift /Users/zhouming/Desktop/falcon/falcon/Demos/ThirdParty/MDFullscreenPopGesture/UINavigationBarController+MDFullscreenPopGestureExtension.swift /Users/zhouming/Desktop/falcon/falcon/Demos/ThirdParty/MDFullscreenPopGesture/UIViewController+MDFullscreenPopGestureExtension.swift /Users/zhouming/Desktop/falcon/falcon/Demos/ThirdParty/SegmentedView/MDScrollView.swift /Users/zhouming/Desktop/falcon/falcon/Demos/ThirdParty/SegmentedView/SegmentedViewUseViewController.swift /Users/zhouming/Desktop/falcon/falcon/Demos/ThirdParty/ZLPhotoBrowser/PhotoBrowerViewController.swift /Users/zhouming/Desktop/falcon/falcon/Demos/ThirdParty/UsageThirdPartyViewController.swift /Users/zhouming/Desktop/falcon/falcon/LearningModules/Alamofire/Encapsulation/Feature/CacheManager.swift /Users/zhouming/Desktop/falcon/falcon/LearningModules/Alamofire/Encapsulation/Feature/NetworkInterceptor.swift /Users/zhouming/Desktop/falcon/falcon/LearningModules/Alamofire/Encapsulation/APIRouter.swift /Users/zhouming/Desktop/falcon/falcon/LearningModules/Alamofire/Encapsulation/BaseResponse.swift /Users/zhouming/Desktop/falcon/falcon/LearningModules/Alamofire/Encapsulation/NetworkConfig.swift /Users/zhouming/Desktop/falcon/falcon/LearningModules/Alamofire/Encapsulation/NetworkError.swift /Users/zhouming/Desktop/falcon/falcon/LearningModules/Alamofire/Encapsulation/NetworkManager.swift /Users/zhouming/Desktop/falcon/falcon/LearningModules/Alamofire/Usage/AlamofireFirstViewController.swift /Users/zhouming/Desktop/falcon/falcon/LearningModules/Alamofire/Usage/AlamofireFourViewController.swift /Users/zhouming/Desktop/falcon/falcon/LearningModules/Alamofire/Usage/AlamofireSecondViewController.swift /Users/zhouming/Desktop/falcon/falcon/LearningModules/Alamofire/Usage/AlamofireThirdViewController.swift /Users/zhouming/Desktop/falcon/falcon/LearningModules/Alamofire/Usage/AlamofireViewController.swift /Users/zhouming/Desktop/falcon/falcon/LearningModules/Alamofire/Usage/AlamofireZeroViewController.swift /Users/zhouming/Desktop/falcon/falcon/LearningModules/Alamofire/Usage/BinAPI.swift /Users/zhouming/Desktop/falcon/falcon/LearningModules/Alamofire/Usage/GistResponse.swift /Users/zhouming/Desktop/falcon/falcon/LearningModules/Alamofire/Usage/HParams.swift /Users/zhouming/Desktop/falcon/falcon/LearningModules/Alamofire/Usage/HResponse.swift /Users/zhouming/Desktop/falcon/falcon/LearningModules/Alamofire/Usage/UserAPI.swift /Users/zhouming/Desktop/falcon/falcon/LearningModules/Alamofire/Usage/WebError.swift /Users/zhouming/Desktop/falcon/falcon/LearningModules/Kingfisher/Cache/KingfisherCache.swift /Users/zhouming/Desktop/falcon/falcon/LearningModules/Kingfisher/Cache/KingfisherDiskCache.swift /Users/zhouming/Desktop/falcon/falcon/LearningModules/Kingfisher/Cache/KingfisherMemoryCache.swift /Users/zhouming/Desktop/falcon/falcon/LearningModules/Kingfisher/Coordinate/KingfisherManager.swift /Users/zhouming/Desktop/falcon/falcon/LearningModules/Kingfisher/Network/KFError.swift /Users/zhouming/Desktop/falcon/falcon/LearningModules/Kingfisher/Network/KingfisherDownloader.swift /Users/zhouming/Desktop/falcon/falcon/LearningModules/Kingfisher/Network/KingfisherSessionDataTask.swift /Users/zhouming/Desktop/falcon/falcon/LearningModules/Kingfisher/Network/KingfisherSessionDelegate.swift /Users/zhouming/Desktop/falcon/falcon/LearningModules/Kingfisher/Usage/KingfisherBasicViewController.swift /Users/zhouming/Desktop/falcon/falcon/LearningModules/Kingfisher/Usage/KingfisherSessionDelegateViewController.swift /Users/zhouming/Desktop/falcon/falcon/LearningModules/Kingfisher/Usage/KingfisherUseNetworkLayerViewController.swift /Users/zhouming/Desktop/falcon/falcon/LearningModules/Kingfisher/Usage/KingfisherViewController.swift /Users/zhouming/Desktop/falcon/falcon/LearningModules/MBProgressHUD/Encapsulation/FAProgressHUD.swift /Users/zhouming/Desktop/falcon/falcon/LearningModules/MBProgressHUD/Usage/FAProgressHUDUsageViewController.swift /Users/zhouming/Desktop/falcon/falcon/LearningModules/Namespace/Encapsulation/falconWrapper.swift /Users/zhouming/Desktop/falcon/falcon/LearningModules/Namespace/NamespaceViewController.swift /Users/zhouming/Desktop/falcon/falcon/LearningModules/Rotation/RotationBestPracticeDemo.swift /Users/zhouming/Desktop/falcon/falcon/LearningModules/Rotation/RotationDemoViewController.swift /Users/zhouming/Desktop/falcon/falcon/LearningModules/Router/Encapsulation/Navigationer.swift /Users/zhouming/Desktop/falcon/falcon/LearningModules/Router/Encapsulation/RouteCompatible.swift /Users/zhouming/Desktop/falcon/falcon/LearningModules/Router/Encapsulation/RouteConvertible.swift /Users/zhouming/Desktop/falcon/falcon/LearningModules/Router/Encapsulation/RouteError.swift /Users/zhouming/Desktop/falcon/falcon/LearningModules/Router/Encapsulation/RouteParser.swift /Users/zhouming/Desktop/falcon/falcon/LearningModules/Router/Encapsulation/SimpleRouter.swift /Users/zhouming/Desktop/falcon/falcon/LearningModules/Router/Usage/Route.swift /Users/zhouming/Desktop/falcon/falcon/LearningModules/Router/Usage/RouterViewController.swift /Users/zhouming/Desktop/falcon/falcon/LearningModules/YYCache/Imitate/SimpleCache/SimpleCache.swift /Users/zhouming/Desktop/falcon/falcon/LearningModules/YYCache/Imitate/SimpleCache/SimpleCacheError.swift /Users/zhouming/Desktop/falcon/falcon/LearningModules/YYCache/Imitate/SimpleCache/SimpleDiskCache.swift /Users/zhouming/Desktop/falcon/falcon/LearningModules/YYCache/Imitate/SimpleCache/SimpleDiskFile.swift /Users/zhouming/Desktop/falcon/falcon/LearningModules/YYCache/Imitate/SimpleCache/SimpleMemoryCache.swift /Users/zhouming/Desktop/falcon/falcon/LearningModules/YYCache/Usage/CacheBasicViewController.swift /Users/zhouming/Desktop/falcon/falcon/LearningModules/YYCache/Usage/CacheDeepInViewController.swift /Users/zhouming/Desktop/falcon/falcon/LearningModules/YYCache/Usage/CacheImitateViewController.swift /Users/zhouming/Desktop/falcon/falcon/LearningModules/YYCache/Usage/CacheUsageViewController.swift /Users/zhouming/Desktop/falcon/falcon/LearningModules/YYCache/Usage/CacheViewController.swift /Users/zhouming/Desktop/falcon/falcon/LearningModules/YYCache/Usage/GCDCacheViewController.swift /Users/zhouming/Desktop/falcon/falcon/LearningModules/YYCache/Usage/LockBenchmarkViewController.swift /Users/zhouming/Desktop/falcon/falcon/LearningModules/YYCache/Usage/LockBlockingViewController.swift /Users/zhouming/Desktop/falcon/falcon/LearningModules/YYCache/Usage/ThreadUnsafeDemoViewController.swift /Users/zhouming/Desktop/falcon/falcon/LearningModules/YYText/FeedViewController.swift /Users/zhouming/Desktop/falcon/falcon/LearningModules/YYText/YYTextAttributeViewController.swift /Users/zhouming/Desktop/falcon/falcon/LearningModules/YYText/YYTextController.swift /Users/zhouming/Desktop/falcon/falcon/LearningModules/YYText/YYTextLayoutViewController.swift /Users/zhouming/Desktop/falcon/falcon/Login/LoginViewController.swift /Users/zhouming/Desktop/falcon/falcon/AppDelegate.swift /Users/zhouming/Desktop/falcon/falcon/HomeViewController.swift /Users/zhouming/Desktop/falcon/falcon/SceneDelegate.swift /Users/zhouming/Library/Developer/Xcode/DerivedData/falcon-gsoilikaxsflzjexzrtqkcenvrbo/Build/Intermediates.noindex/falcon.build/Release-iphonesimulator/falcon.build/DerivedSources/GeneratedAssetSymbols.swift /Applications/Xcode.app/Contents/Developer/Toolchains/XcodeDefault.xctoolchain/usr/lib/swift/iphonesimulator/prebuilt-modules/26.0/Network.swiftmodule/x86_64-apple-ios-simulator.swiftmodule /Applications/Xcode.app/Contents/Developer/Toolchains/XcodeDefault.xctoolchain/usr/lib/swift/iphonesimulator/prebuilt-modules/26.0/AVFAudio.swiftmodule/x86_64-apple-ios-simulator.swiftmodule /Applications/Xcode.app/Contents/Developer/Toolchains/XcodeDefault.xctoolchain/usr/lib/swift/iphonesimulator/prebuilt-modules/26.0/Distributed.swiftmodule/x86_64-apple-ios-simulator.swiftmodule /Applications/Xcode.app/Contents/Developer/Toolchains/XcodeDefault.xctoolchain/usr/lib/swift/iphonesimulator/prebuilt-modules/26.0/CoreGraphics.swiftmodule/x86_64-apple-ios-simulator.swiftmodule /Applications/Xcode.app/Contents/Developer/Toolchains/XcodeDefault.xctoolchain/usr/lib/swift/iphonesimulator/prebuilt-modules/26.0/_DarwinFoundation2.swiftmodule/x86_64-apple-ios-simulator.swiftmodule /Applications/Xcode.app/Contents/Developer/Toolchains/XcodeDefault.xctoolchain/usr/lib/swift/iphonesimulator/prebuilt-modules/26.0/DataDetection.swiftmodule/x86_64-apple-ios-simulator.swiftmodule /Applications/Xcode.app/Contents/Developer/Toolchains/XcodeDefault.xctoolchain/usr/lib/swift/iphonesimulator/prebuilt-modules/26.0/FileProvider.swiftmodule/x86_64-apple-ios-simulator.swiftmodule /Applications/Xcode.app/Contents/Developer/Toolchains/XcodeDefault.xctoolchain/usr/lib/swift/iphonesimulator/prebuilt-modules/26.0/TipKit.swiftmodule/x86_64-apple-ios-simulator.swiftmodule /Applications/Xcode.app/Contents/Developer/Toolchains/XcodeDefault.xctoolchain/usr/lib/swift/iphonesimulator/prebuilt-modules/26.0/_Builtin_float.swiftmodule/x86_64-apple-ios-simulator.swiftmodule /Applications/Xcode.app/Contents/Developer/Toolchains/XcodeDefault.xctoolchain/usr/lib/swift/iphonesimulator/prebuilt-modules/26.0/Synchronization.swiftmodule/x86_64-apple-ios-simulator.swiftmodule /Applications/Xcode.app/Contents/Developer/Toolchains/XcodeDefault.xctoolchain/usr/lib/swift/iphonesimulator/prebuilt-modules/26.0/_StringProcessing.swiftmodule/x86_64-apple-ios-simulator.swiftmodule /Applications/Xcode.app/Contents/Developer/Toolchains/XcodeDefault.xctoolchain/usr/lib/swift/iphonesimulator/prebuilt-modules/26.0/UniformTypeIdentifiers.swiftmodule/x86_64-apple-ios-simulator.swiftmodule /Applications/Xcode.app/Contents/Developer/Toolchains/XcodeDefault.xctoolchain/usr/lib/swift/iphonesimulator/prebuilt-modules/26.0/CoreImage.swiftmodule/x86_64-apple-ios-simulator.swiftmodule /Applications/Xcode.app/Contents/Developer/Toolchains/XcodeDefault.xctoolchain/usr/lib/swift/iphonesimulator/prebuilt-modules/26.0/SwiftUI.swiftmodule/x86_64-apple-ios-simulator.swiftmodule /Applications/Xcode.app/Contents/Developer/Toolchains/XcodeDefault.xctoolchain/usr/lib/swift/iphonesimulator/prebuilt-modules/26.0/OSLog.swiftmodule/x86_64-apple-ios-simulator.swiftmodule /Applications/Xcode.app/Contents/Developer/Toolchains/XcodeDefault.xctoolchain/usr/lib/swift/iphonesimulator/prebuilt-modules/26.0/MapKit.swiftmodule/x86_64-apple-ios-simulator.swiftmodule /Applications/Xcode.app/Contents/Developer/Toolchains/XcodeDefault.xctoolchain/usr/lib/swift/iphonesimulator/prebuilt-modules/26.0/Accessibility.swiftmodule/x86_64-apple-ios-simulator.swiftmodule /Applications/Xcode.app/Contents/Developer/Toolchains/XcodeDefault.xctoolchain/usr/lib/swift/iphonesimulator/prebuilt-modules/26.0/Photos.swiftmodule/x86_64-apple-ios-simulator.swiftmodule /Applications/Xcode.app/Contents/Developer/Toolchains/XcodeDefault.xctoolchain/usr/lib/swift/iphonesimulator/prebuilt-modules/26.0/AVFoundation.swiftmodule/x86_64-apple-ios-simulator.swiftmodule /Applications/Xcode.app/Contents/Developer/Toolchains/XcodeDefault.xctoolchain/usr/lib/swift/iphonesimulator/prebuilt-modules/26.0/AudioToolbox.swiftmodule/x86_64-apple-ios-simulator.swiftmodule /Applications/Xcode.app/Contents/Developer/Toolchains/XcodeDefault.xctoolchain/usr/lib/swift/iphonesimulator/prebuilt-modules/26.0/Dispatch.swiftmodule/x86_64-apple-ios-simulator.swiftmodule /Applications/Xcode.app/Contents/Developer/Toolchains/XcodeDefault.xctoolchain/usr/lib/swift/iphonesimulator/prebuilt-modules/26.0/Accelerate.swiftmodule/x86_64-apple-ios-simulator.swiftmodule /Applications/Xcode.app/Contents/Developer/Toolchains/XcodeDefault.xctoolchain/usr/lib/swift/iphonesimulator/prebuilt-modules/26.0/QuartzCore.swiftmodule/x86_64-apple-ios-simulator.swiftmodule /Applications/Xcode.app/Contents/Developer/Toolchains/XcodeDefault.xctoolchain/usr/lib/swift/iphonesimulator/prebuilt-modules/26.0/CoreVideo.swiftmodule/x86_64-apple-ios-simulator.swiftmodule /Applications/Xcode.app/Contents/Developer/Toolchains/XcodeDefault.xctoolchain/usr/lib/swift/iphonesimulator/prebuilt-modules/26.0/Foundation.swiftmodule/x86_64-apple-ios-simulator.swiftmodule /Applications/Xcode.app/Contents/Developer/Toolchains/XcodeDefault.xctoolchain/usr/lib/swift/iphonesimulator/prebuilt-modules/26.0/CryptoKit.swiftmodule/x86_64-apple-ios-simulator.swiftmodule /Applications/Xcode.app/Contents/Developer/Toolchains/XcodeDefault.xctoolchain/usr/lib/swift/iphonesimulator/prebuilt-modules/26.0/CoreMedia.swiftmodule/x86_64-apple-ios-simulator.swiftmodule /Applications/Xcode.app/Contents/Developer/Toolchains/XcodeDefault.xctoolchain/usr/lib/swift/iphonesimulator/prebuilt-modules/26.0/CoreTransferable.swiftmodule/x86_64-apple-ios-simulator.swiftmodule /Applications/Xcode.app/Contents/Developer/Toolchains/XcodeDefault.xctoolchain/usr/lib/swift/iphonesimulator/prebuilt-modules/26.0/os.swiftmodule/x86_64-apple-ios-simulator.swiftmodule /Users/zhouming/Library/Developer/Xcode/DerivedData/falcon-gsoilikaxsflzjexzrtqkcenvrbo/Build/Products/Release-iphonesimulator/ZLPhotoBrowser/ZLPhotoBrowser.framework/Modules/ZLPhotoBrowser.swiftmodule/x86_64-apple-ios-simulator.swiftmodule /Users/zhouming/Library/Developer/Xcode/DerivedData/falcon-gsoilikaxsflzjexzrtqkcenvrbo/Build/Products/Release-iphonesimulator/Alamofire/Alamofire.framework/Modules/Alamofire.swiftmodule/x86_64-apple-ios-simulator.swiftmodule /Applications/Xcode.app/Contents/Developer/Toolchains/XcodeDefault.xctoolchain/usr/lib/swift/iphonesimulator/prebuilt-modules/26.0/AVKit.swiftmodule/x86_64-apple-ios-simulator.swiftmodule /Applications/Xcode.app/Contents/Developer/Toolchains/XcodeDefault.xctoolchain/usr/lib/swift/iphonesimulator/prebuilt-modules/26.0/GeoToolbox.swiftmodule/x86_64-apple-ios-simulator.swiftmodule /Users/zhouming/Library/Developer/Xcode/DerivedData/falcon-gsoilikaxsflzjexzrtqkcenvrbo/Build/Products/Release-iphonesimulator/SnapKit/SnapKit.framework/Modules/SnapKit.swiftmodule/x86_64-apple-ios-simulator.swiftmodule /Users/zhouming/Library/Developer/Xcode/DerivedData/falcon-gsoilikaxsflzjexzrtqkcenvrbo/Build/Products/Release-iphonesimulator/JXPagingView/JXPagingView.framework/Modules/JXPagingView.swiftmodule/x86_64-apple-ios-simulator.swiftmodule /Applications/Xcode.app/Contents/Developer/Toolchains/XcodeDefault.xctoolchain/usr/lib/swift/iphonesimulator/prebuilt-modules/26.0/System.swiftmodule/x86_64-apple-ios-simulator.swiftmodule /Applications/Xcode.app/Contents/Developer/Toolchains/XcodeDefault.xctoolchain/usr/lib/swift/iphonesimulator/prebuilt-modules/26.0/CarPlay.swiftmodule/x86_64-apple-ios-simulator.swiftmodule /Applications/Xcode.app/Contents/Developer/Toolchains/XcodeDefault.xctoolchain/usr/lib/swift/iphonesimulator/prebuilt-modules/26.0/ObjectiveC.swiftmodule/x86_64-apple-ios-simulator.swiftmodule /Applications/Xcode.app/Contents/Developer/Toolchains/XcodeDefault.xctoolchain/usr/lib/swift/iphonesimulator/prebuilt-modules/26.0/Observation.swiftmodule/x86_64-apple-ios-simulator.swiftmodule /Applications/Xcode.app/Contents/Developer/Toolchains/XcodeDefault.xctoolchain/usr/lib/swift/iphonesimulator/prebuilt-modules/26.0/simd.swiftmodule/x86_64-apple-ios-simulator.swiftmodule /Applications/Xcode.app/Contents/Developer/Toolchains/XcodeDefault.xctoolchain/usr/lib/swift/iphonesimulator/prebuilt-modules/26.0/Swift.swiftmodule/x86_64-apple-ios-simulator.swiftmodule /Applications/Xcode.app/Contents/Developer/Toolchains/XcodeDefault.xctoolchain/usr/lib/swift/iphonesimulator/prebuilt-modules/26.0/CoreText.swiftmodule/x86_64-apple-ios-simulator.swiftmodule /Applications/Xcode.app/Contents/Developer/Toolchains/XcodeDefault.xctoolchain/usr/lib/swift/iphonesimulator/prebuilt-modules/26.0/Metal.swiftmodule/x86_64-apple-ios-simulator.swiftmodule /Applications/Xcode.app/Contents/Developer/Toolchains/XcodeDefault.xctoolchain/usr/lib/swift/iphonesimulator/prebuilt-modules/26.0/PhotosUI.swiftmodule/x86_64-apple-ios-simulator.swiftmodule /Applications/Xcode.app/Contents/Developer/Toolchains/XcodeDefault.xctoolchain/usr/lib/swift/iphonesimulator/prebuilt-modules/26.0/CoreMIDI.swiftmodule/x86_64-apple-ios-simulator.swiftmodule /Applications/Xcode.app/Contents/Developer/Toolchains/XcodeDefault.xctoolchain/usr/lib/swift/iphonesimulator/prebuilt-modules/26.0/CoreData.swiftmodule/x86_64-apple-ios-simulator.swiftmodule /Applications/Xcode.app/Contents/Developer/Toolchains/XcodeDefault.xctoolchain/usr/lib/swift/iphonesimulator/prebuilt-modules/26.0/UIKit.swiftmodule/x86_64-apple-ios-simulator.swiftmodule /Users/zhouming/Library/Developer/Xcode/DerivedData/falcon-gsoilikaxsflzjexzrtqkcenvrbo/Build/Products/Release-iphonesimulator/JXSegmentedView/JXSegmentedView.framework/Modules/JXSegmentedView.swiftmodule/x86_64-apple-ios-simulator.swiftmodule /Applications/Xcode.app/Contents/Developer/Toolchains/XcodeDefault.xctoolchain/usr/lib/swift/iphonesimulator/prebuilt-modules/26.0/Combine.swiftmodule/x86_64-apple-ios-simulator.swiftmodule /Applications/Xcode.app/Contents/Developer/Toolchains/XcodeDefault.xctoolchain/usr/lib/swift/iphonesimulator/prebuilt-modules/26.0/_DarwinFoundation3.swiftmodule/x86_64-apple-ios-simulator.swiftmodule /Users/zhouming/Library/Developer/Xcode/DerivedData/falcon-gsoilikaxsflzjexzrtqkcenvrbo/Build/Products/Release-iphonesimulator/Kingfisher/Kingfisher.framework/Modules/Kingfisher.swiftmodule/x86_64-apple-ios-simulator.swiftmodule /Applications/Xcode.app/Contents/Developer/Toolchains/XcodeDefault.xctoolchain/usr/lib/swift/iphonesimulator/prebuilt-modules/26.0/LocalAuthentication.swiftmodule/x86_64-apple-ios-simulator.swiftmodule /Applications/Xcode.app/Contents/Developer/Toolchains/XcodeDefault.xctoolchain/usr/lib/swift/iphonesimulator/prebuilt-modules/26.0/CoreFoundation.swiftmodule/x86_64-apple-ios-simulator.swiftmodule /Applications/Xcode.app/Contents/Developer/Toolchains/XcodeDefault.xctoolchain/usr/lib/swift/iphonesimulator/prebuilt-modules/26.0/SwiftUICore.swiftmodule/x86_64-apple-ios-simulator.swiftmodule /Applications/Xcode.app/Contents/Developer/Toolchains/XcodeDefault.xctoolchain/usr/lib/swift/iphonesimulator/prebuilt-modules/26.0/DeveloperToolsSupport.swiftmodule/x86_64-apple-ios-simulator.swiftmodule /Applications/Xcode.app/Contents/Developer/Toolchains/XcodeDefault.xctoolchain/usr/lib/swift/iphonesimulator/prebuilt-modules/26.0/_Concurrency.swiftmodule/x86_64-apple-ios-simulator.swiftmodule /Applications/Xcode.app/Contents/Developer/Toolchains/XcodeDefault.xctoolchain/usr/lib/swift/iphonesimulator/prebuilt-modules/26.0/XPC.swiftmodule/x86_64-apple-ios-simulator.swiftmodule /Applications/Xcode.app/Contents/Developer/Toolchains/XcodeDefault.xctoolchain/usr/lib/swift/iphonesimulator/prebuilt-modules/26.0/Spatial.swiftmodule/x86_64-apple-ios-simulator.swiftmodule /Applications/Xcode.app/Contents/Developer/Toolchains/XcodeDefault.xctoolchain/usr/lib/swift/iphonesimulator/prebuilt-modules/26.0/Symbols.swiftmodule/x86_64-apple-ios-simulator.swiftmodule /Users/zhouming/Library/Developer/Xcode/DerivedData/falcon-gsoilikaxsflzjexzrtqkcenvrbo/Build/Products/Release-iphonesimulator/ESTabBarController-swift/ESTabBarController_swift.framework/Modules/ESTabBarController_swift.swiftmodule/x86_64-apple-ios-simulator.swiftmodule /Applications/Xcode.app/Contents/Developer/Toolchains/XcodeDefault.xctoolchain/usr/lib/swift/iphonesimulator/prebuilt-modules/26.0/CoreAudio.swiftmodule/x86_64-apple-ios-simulator.swiftmodule /Applications/Xcode.app/Contents/Developer/Toolchains/XcodeDefault.xctoolchain/usr/lib/swift/iphonesimulator/prebuilt-modules/26.0/CoreMotion.swiftmodule/x86_64-apple-ios-simulator.swiftmodule /Applications/Xcode.app/Contents/Developer/Toolchains/XcodeDefault.xctoolchain/usr/lib/swift/iphonesimulator/prebuilt-modules/26.0/CoreLocation.swiftmodule/x86_64-apple-ios-simulator.swiftmodule /Applications/Xcode.app/Contents/Developer/Toolchains/XcodeDefault.xctoolchain/usr/lib/swift/iphonesimulator/prebuilt-modules/26.0/Darwin.swiftmodule/x86_64-apple-ios-simulator.swiftmodule /Applications/Xcode.app/Contents/Developer/Toolchains/XcodeDefault.xctoolchain/usr/lib/swift/iphonesimulator/prebuilt-modules/26.0/_DarwinFoundation1.swiftmodule/x86_64-apple-ios-simulator.swiftmodule /Users/zhouming/Library/Developer/Xcode/DerivedData/ModuleCache.noindex/MapKit-BF7FQYLGVJMD8ACHFORROVMH4.pcm /Users/zhouming/Library/Developer/Xcode/DerivedData/ModuleCache.noindex/AudioToolbox-655XFDKH1HRK0QE5YT13N9O7W.pcm /Users/zhouming/Library/Developer/Xcode/DerivedData/ModuleCache.noindex/_Builtin_stdarg-BXIG6FERG224Y4JQMNFDPNZY7.pcm /Users/zhouming/Library/Developer/Xcode/DerivedData/ModuleCache.noindex/FileProvider-9G800UWTHRK585L0HXWWFG4Z2.pcm /Users/zhouming/Library/Developer/Xcode/DerivedData/ModuleCache.noindex/CoreLocation-EM18EJ2O4SO98PFJG36MA0H5W.pcm /Users/zhouming/Library/Developer/Xcode/DerivedData/ModuleCache.noindex/CoreAudioTypes-CLOVDUHR1ALFKJZ44QG9MQSWB.pcm /Users/zhouming/Library/Developer/Xcode/DerivedData/ModuleCache.noindex/CoreGraphics-9COMOLH3J5CCCJ36J4X6MJISB.pcm /Users/zhouming/Library/Developer/Xcode/DerivedData/ModuleCache.noindex/MediaToolbox-7WMCGE2ZAB2MTELYH8P1HM7EK.pcm /Users/zhouming/Library/Developer/Xcode/DerivedData/ModuleCache.noindex/ptrcheck-BCQYFZ89WM5K0IXLAZ6AR8VHI.pcm /Users/zhouming/Library/Developer/Xcode/DerivedData/ModuleCache.noindex/_Builtin_limits-39ID7OKPITGLCO48NSHXU8MT9.pcm /Users/zhouming/Library/Developer/Xcode/DerivedData/ModuleCache.noindex/CoreImage-84GLL2ZMLDX9AV663HT3CKU9X.pcm /Users/zhouming/Library/Developer/Xcode/DerivedData/falcon-gsoilikaxsflzjexzrtqkcenvrbo/Build/Intermediates.noindex/SwiftExplicitPrecompiledModules/JXPagingView-306GGSJ19Y32RMMWC2PP26BST.pcm /Users/zhouming/Library/Developer/Xcode/DerivedData/ModuleCache.noindex/_DarwinFoundation1-75ZD4QE1PF91HXH6TLV9QKTH8.pcm /Users/zhouming/Library/Developer/Xcode/DerivedData/ModuleCache.noindex/Accessibility-BWLDYUM7WKAHJN8MDJR8954S3.pcm /Users/zhouming/Library/Developer/Xcode/DerivedData/ModuleCache.noindex/IOSurface-48AXUE6XEIVWWZR1Q730819B5.pcm /Users/zhouming/Library/Developer/Xcode/DerivedData/ModuleCache.noindex/Metal-ABIZZ33TRDAYVXVPAHCSWZPZV.pcm /Users/zhouming/Library/Developer/Xcode/DerivedData/ModuleCache.noindex/Accelerate-4JZDX16YGTMYJMKTQ6TXOQR5F.pcm /Users/zhouming/Library/Developer/Xcode/DerivedData/ModuleCache.noindex/UIKit-78K2FTJPPTMSZ39AHSOLB075C.pcm /Users/zhouming/Library/Developer/Xcode/DerivedData/ModuleCache.noindex/ImageIO-6H2XAZ1EB10BOVIQTQ7J913XB.pcm /Users/zhouming/Library/Developer/Xcode/DerivedData/ModuleCache.noindex/CommonCrypto-ASUNMGB0ES0KUKXXI7PHMT0HU.pcm /Users/zhouming/Library/Developer/Xcode/DerivedData/falcon-gsoilikaxsflzjexzrtqkcenvrbo/Build/Intermediates.noindex/SwiftExplicitPrecompiledModules/YYText-9UTZJVEISGPYCAG264WDCJ50K.pcm /Users/zhouming/Library/Developer/Xcode/DerivedData/ModuleCache.noindex/CFNetwork-8NBECNIL23KCQWV1ENZV9Y6MS.pcm /Users/zhouming/Library/Developer/Xcode/DerivedData/ModuleCache.noindex/UniformTypeIdentifiers-54BBOVQ2W655NP2JULSTUHKZD.pcm /Users/zhouming/Library/Developer/Xcode/DerivedData/ModuleCache.noindex/Symbols-9EMUL19R3EB41QDNVKYLW1W4Z.pcm /Users/zhouming/Library/Developer/Xcode/DerivedData/ModuleCache.noindex/SwiftUI-5F3Q56YIRWEASALE9MPDBYTQ6.pcm /Users/zhouming/Library/Developer/Xcode/DerivedData/ModuleCache.noindex/DataDetection-A9PB44P1MHZTJVQD7ISMEX9BS.pcm /Users/zhouming/Library/Developer/Xcode/DerivedData/ModuleCache.noindex/_Builtin_stdatomic-EUPBUC5YUWPQD9PKVBTBQRPO6.pcm /Users/zhouming/Library/Developer/Xcode/DerivedData/ModuleCache.noindex/CoreText-E09P19Z7VP44UP95VN5NB2PIC.pcm /Users/zhouming/Library/Developer/Xcode/DerivedData/ModuleCache.noindex/_DarwinFoundation2-35RPI7FURPXUB5IA4YM1EQ2RL.pcm /Users/zhouming/Library/Developer/Xcode/DerivedData/ModuleCache.noindex/os-C7C6SRA61H4O42EQIZRA8I3SY.pcm /Users/zhouming/Library/Developer/Xcode/DerivedData/ModuleCache.noindex/_SwiftConcurrencyShims-5DGXZPHFE5NT6A49OGTSD7SCW.pcm /Users/zhouming/Library/Developer/Xcode/DerivedData/ModuleCache.noindex/CarPlay-3CF3TX8M4RG9WSYKI1N1OB2CJ.pcm /Users/zhouming/Library/Developer/Xcode/DerivedData/ModuleCache.noindex/_Builtin_tgmath-EHBDVUV2C0XZ4UXFY6ICX6524.pcm /Users/zhouming/Library/Developer/Xcode/DerivedData/ModuleCache.noindex/_Builtin_float-F069XBMS26UFAWRYPXTTYOZ8Y.pcm /Users/zhouming/Library/Developer/Xcode/DerivedData/falcon-gsoilikaxsflzjexzrtqkcenvrbo/Build/Intermediates.noindex/SwiftExplicitPrecompiledModules/ZLPhotoBrowser-2IDUKM5NM70NRKIV55UIRU38T.pcm /Users/zhouming/Library/Developer/Xcode/DerivedData/ModuleCache.noindex/os_object-E124OOBXWFHZZ86JE0SQVI7K2.pcm /Users/zhouming/Library/Developer/Xcode/DerivedData/ModuleCache.noindex/Spatial-8G5C1YQVY9Q97HBLFGNM6DNLP.pcm /Users/zhouming/Library/Developer/Xcode/DerivedData/ModuleCache.noindex/_Builtin_stdbool-5XAWNRJ7W48WBDZUWETWBARLW.pcm /Users/zhouming/Library/Developer/Xcode/DerivedData/ModuleCache.noindex/CoreFoundation-1SWQEJ8E9HVPVPT6X1N656RA5.pcm /Users/zhouming/Library/Developer/Xcode/DerivedData/ModuleCache.noindex/Security-I3818JK8WGZ403LAIYG6S57W.pcm /Users/zhouming/Library/Developer/Xcode/DerivedData/ModuleCache.noindex/AVFAudio-5KCFD0KWHEHTCV5F32XQJEW2T.pcm /Users/zhouming/Library/Developer/Xcode/DerivedData/ModuleCache.noindex/CoreAudio-1E0E660VSWYRHRA3MWJTXDPJE.pcm /Users/zhouming/Library/Developer/Xcode/DerivedData/ModuleCache.noindex/sys_types-81SYPO7SMVV5P97GNG53GGY62.pcm /Users/zhouming/Library/Developer/Xcode/DerivedData/ModuleCache.noindex/_Builtin_stdint-6DN6A5H45VA5I3LK470E7CTQJ.pcm /Users/zhouming/Library/Developer/Xcode/DerivedData/ModuleCache.noindex/zlib-8HEV2GG0S5FDSDUIY4IY0Q13J.pcm /Users/zhouming/Library/Developer/Xcode/DerivedData/ModuleCache.noindex/Darwin-5LN3CLOZ2UEH0Z6Q7O2XX5NJC.pcm /Users/zhouming/Library/Developer/Xcode/DerivedData/ModuleCache.noindex/MachO-1RBS6ZWKULT1JWT5TMY2U87U4.pcm /Users/zhouming/Library/Developer/Xcode/DerivedData/ModuleCache.noindex/MobileCoreServices-7U18C7O0B669L4CDAOJ916OHR.pcm /Users/zhouming/Library/Developer/Xcode/DerivedData/ModuleCache.noindex/simd-6ITNQRWMV6EPHP29X4YRZYYV.pcm /Users/zhouming/Library/Developer/Xcode/DerivedData/ModuleCache.noindex/AVKit-AG4FS8WKD95OQZQ5M25Y0KL53.pcm /Users/zhouming/Library/Developer/Xcode/DerivedData/falcon-gsoilikaxsflzjexzrtqkcenvrbo/Build/Intermediates.noindex/SwiftExplicitPrecompiledModules/Alamofire-44EU0G1FG5YZ1D45ECUFNT4DE.pcm /Users/zhouming/Library/Developer/Xcode/DerivedData/ModuleCache.noindex/OSLog-SBFDBUXI4HCOIUEVV7JAWX8D.pcm /Users/zhouming/Library/Developer/Xcode/DerivedData/ModuleCache.noindex/Photos-54YDTT7DBIBM4D56E07R8DZNY.pcm /Users/zhouming/Library/Developer/Xcode/DerivedData/ModuleCache.noindex/_AvailabilityInternal-4L54T7IUH1M3C5O6R26AAFDD3.pcm /Users/zhouming/Library/Developer/Xcode/DerivedData/ModuleCache.noindex/ptrauth-CN8WR3L3845ZRL5Q5WO33PQMK.pcm /Users/zhouming/Library/Developer/Xcode/DerivedData/ModuleCache.noindex/CoreMedia-BAEF9DDGPAJU4PN4P42DY5FEM.pcm /Users/zhouming/Library/Developer/Xcode/DerivedData/ModuleCache.noindex/AVFoundation-6JFIBQHYHSQ12WSEMBSYRF9BG.pcm /Users/zhouming/Library/Developer/Xcode/DerivedData/ModuleCache.noindex/_Builtin_intrinsics-CSMO6LCRWNHXO21YVLE41E6F2.pcm /Users/zhouming/Library/Developer/Xcode/DerivedData/falcon-gsoilikaxsflzjexzrtqkcenvrbo/Build/Intermediates.noindex/SwiftExplicitPrecompiledModules/SnapKit-8P3CN7TSSNI81UF2EJQZ1XWVO.pcm /Users/zhouming/Library/Developer/Xcode/DerivedData/ModuleCache.noindex/CoreData-1C58BNGQYGVZITQCBKXD51Q48.pcm /Users/zhouming/Library/Developer/Xcode/DerivedData/ModuleCache.noindex/SwiftShims-3VQEUKISDNFDGZT83FQBS82D4.pcm /Users/zhouming/Library/Developer/Xcode/DerivedData/ModuleCache.noindex/PhotosUI-2TQT54U1TS6ZBYD6FXZ89IYCU.pcm /Users/zhouming/Library/Developer/Xcode/DerivedData/ModuleCache.noindex/UIUtilities-6NIHSRTRDIW9OWV2PS915JCNB.pcm /Users/zhouming/Library/Developer/Xcode/DerivedData/ModuleCache.noindex/Dispatch-B4Z32FPPBZW2D93JKJ9C4V8EF.pcm /Users/zhouming/Library/Developer/Xcode/DerivedData/ModuleCache.noindex/Foundation-EIYEHZM637D4ZVGUXX05SA1WY.pcm /Users/zhouming/Library/Developer/Xcode/DerivedData/ModuleCache.noindex/SystemConfiguration-9F99SFQXUXXCQM6SV7MNSDMOF.pcm /Users/zhouming/Library/Developer/Xcode/DerivedData/ModuleCache.noindex/CoreMIDI-3WVJSWFX1X5DRY7CSXK6Z6U25.pcm /Users/zhouming/Library/Developer/Xcode/DerivedData/ModuleCache.noindex/XPC-EE7SUYN5988YVS4IX2XD622L2.pcm /Users/zhouming/Library/Developer/Xcode/DerivedData/ModuleCache.noindex/CoreVideo-5QC1AWF5YHWBWLWTGG0DJ7K32.pcm /Users/zhouming/Library/Developer/Xcode/DerivedData/ModuleCache.noindex/OpenGLES-5649K4M3DES95HHFLFGBVQ1K0.pcm /Users/zhouming/Library/Developer/Xcode/DerivedData/ModuleCache.noindex/CoreServices-99UD9Y3WYDEYT81CLC0OKGMHO.pcm /Users/zhouming/Library/Developer/Xcode/DerivedData/ModuleCache.noindex/LocalAuthentication-1ZJ6Y3QQIOXEDLN8QMSBHK0CT.pcm /Users/zhouming/Library/Developer/Xcode/DerivedData/ModuleCache.noindex/_DarwinFoundation3-6VU7ESD2I7TFCZ1HP0BOOUFQI.pcm /Users/zhouming/Library/Developer/Xcode/DerivedData/ModuleCache.noindex/_LocationEssentials-C2HJ3U80IJNO5LKSCSXILK7V6.pcm /Users/zhouming/Library/Developer/Xcode/DerivedData/ModuleCache.noindex/AVRouting-ES3G3CSC1KHFR6RO34D3OHLL6.pcm /Users/zhouming/Library/Developer/Xcode/DerivedData/ModuleCache.noindex/DeveloperToolsSupport-CJ6BDARW2Y28E5R3WQ4H9ZBQ7.pcm /Users/zhouming/Library/Developer/Xcode/DerivedData/ModuleCache.noindex/_Builtin_inttypes-EWM07PXDFYQY1DEVDONZM6V5P.pcm /Users/zhouming/Library/Developer/Xcode/DerivedData/ModuleCache.noindex/CoreTransferable-4M6YC4AXFT0QJOM1D3B2G6SFA.pcm /Users/zhouming/Library/Developer/Xcode/DerivedData/falcon-gsoilikaxsflzjexzrtqkcenvrbo/Build/Intermediates.noindex/SwiftExplicitPrecompiledModules/YYCache-BVIELFSKIVR0G0JH0USLSB8C1.pcm /Users/zhouming/Library/Developer/Xcode/DerivedData/ModuleCache.noindex/CoreMotion-5WBRZKM0Q1Y96RDY3248Z284J.pcm /Users/zhouming/Library/Developer/Xcode/DerivedData/ModuleCache.noindex/UserNotifications-CCMQHHU9VPIJSZGAGW47UVDFK.pcm /Users/zhouming/Library/Developer/Xcode/DerivedData/ModuleCache.noindex/ObjectiveC-EGJCPYNQL0A6NQNT3VS3LL68R.pcm /Users/zhouming/Library/Developer/Xcode/DerivedData/falcon-gsoilikaxsflzjexzrtqkcenvrbo/Build/Intermediates.noindex/SwiftExplicitPrecompiledModules/Kingfisher-CKENUD6SLNW7OPJGADDZZF4KD.pcm /Users/zhouming/Library/Developer/Xcode/DerivedData/ModuleCache.noindex/Network-270POARY0HJ144GPJLMKN1HZ2.pcm /Users/zhouming/Library/Developer/Xcode/DerivedData/ModuleCache.noindex/SwiftUICore-APVWYAYLV0WXERGQQSBQMBOEN.pcm /Users/zhouming/Library/Developer/Xcode/DerivedData/ModuleCache.noindex/_Builtin_stddef-8OUJVXT6HEV6Y6YM6S8QFD3CA.pcm /Users/zhouming/Library/Developer/Xcode/DerivedData/ModuleCache.noindex/os_workgroup-DVF8TEQLLD01PIRQYRXN1CRSC.pcm /Users/zhouming/Library/Developer/Xcode/DerivedData/ModuleCache.noindex/dnssd-CCXSDP6TCIMVP97W0O30Y15MG.pcm /Users/zhouming/Library/Developer/Xcode/DerivedData/falcon-gsoilikaxsflzjexzrtqkcenvrbo/Build/Intermediates.noindex/SwiftExplicitPrecompiledModules/JXSegmentedView-72LUJ2K21LSV2QDB7PSG1SCWC.pcm /Users/zhouming/Library/Developer/Xcode/DerivedData/falcon-gsoilikaxsflzjexzrtqkcenvrbo/Build/Intermediates.noindex/SwiftExplicitPrecompiledModules/ESTabBarController_swift-5H13JM7JSI2PT9TGV8E7OLDCY.pcm /Users/zhouming/Library/Developer/Xcode/DerivedData/ModuleCache.noindex/QuartzCore-7OXGMB83O6WQ55L8DURNZ4YKY.pcm /Users/zhouming/Library/Developer/Xcode/DerivedData/falcon-gsoilikaxsflzjexzrtqkcenvrbo/Build/Intermediates.noindex/falcon.build/Release-iphonesimulator/falcon.build/Objects-normal/x86_64/falcon-dependencies-1.json (in target 'falcon' from project 'falcon')
	Building workspace falcon with scheme falcon and configuration Release
(2 failures)
