Command line invocation:
    /Applications/Xcode.app/Contents/Developer/usr/bin/xcodebuild -workspace falcon.xcworkspace -scheme falcon -configuration Release -destination "generic/platform=iOS Simulator" build

2026-02-13 11:15:09.330 xcodebuild[3331:4300134] [MT] IDERunDestination: Supported platforms for the buildables in the current scheme is empty.
ComputePackagePrebuildTargetDependencyGraph

Prepare packages

CreateBuildRequest

SendProjectDescription

CreateBuildOperation

ComputeTargetDependencyGraph
note: Building targets in dependency order
note: Target dependency graph (48 targets)
    Target 'falcon' in project 'falcon'
        ➜ Implicit dependency on target 'Pods-falcon' in project 'Pods' via file 'Pods_falcon.framework' in build phase 'Link Binary'
        ➜ Implicit dependency on target 'Alamofire' in project 'Pods' via options '-framework Alamofire' in build setting 'OTHER_LDFLAGS'
        ➜ Implicit dependency on target 'Cache' in project 'Pods' via options '-framework Cache' in build setting 'OTHER_LDFLAGS'
        ➜ Implicit dependency on target 'DZNEmptyDataSet' in project 'Pods' via options '-framework DZNEmptyDataSet' in build setting 'OTHER_LDFLAGS'
        ➜ Implicit dependency on target 'DisplayCriteria' in project 'Pods' via options '-framework DisplayCriteria' in build setting 'OTHER_LDFLAGS'
        ➜ Implicit dependency on target 'ESTabBarController-swift' in project 'Pods' via options '-framework ESTabBarController_swift' in build setting 'OTHER_LDFLAGS'
        ➜ Implicit dependency on target 'FFmpegKit' in project 'Pods' via options '-framework FFmpegKit' in build setting 'OTHER_LDFLAGS'
        ➜ Implicit dependency on target 'IQKeyboardCore' in project 'Pods' via options '-framework IQKeyboardCore' in build setting 'OTHER_LDFLAGS'
        ➜ Implicit dependency on target 'IQKeyboardManagerSwift' in project 'Pods' via options '-framework IQKeyboardManagerSwift' in build setting 'OTHER_LDFLAGS'
        ➜ Implicit dependency on target 'IQKeyboardNotification' in project 'Pods' via options '-framework IQKeyboardNotification' in build setting 'OTHER_LDFLAGS'
        ➜ Implicit dependency on target 'IQKeyboardReturnManager' in project 'Pods' via options '-framework IQKeyboardReturnManager' in build setting 'OTHER_LDFLAGS'
        ➜ Implicit dependency on target 'IQKeyboardToolbar' in project 'Pods' via options '-framework IQKeyboardToolbar' in build setting 'OTHER_LDFLAGS'
        ➜ Implicit dependency on target 'IQKeyboardToolbarManager' in project 'Pods' via options '-framework IQKeyboardToolbarManager' in build setting 'OTHER_LDFLAGS'
        ➜ Implicit dependency on target 'IQTextInputViewNotification' in project 'Pods' via options '-framework IQTextInputViewNotification' in build setting 'OTHER_LDFLAGS'
        ➜ Implicit dependency on target 'IQTextView' in project 'Pods' via options '-framework IQTextView' in build setting 'OTHER_LDFLAGS'
        ➜ Implicit dependency on target 'JXPagingView' in project 'Pods' via options '-framework JXPagingView' in build setting 'OTHER_LDFLAGS'
        ➜ Implicit dependency on target 'JXSegmentedView' in project 'Pods' via options '-framework JXSegmentedView' in build setting 'OTHER_LDFLAGS'
        ➜ Implicit dependency on target 'KSPlayer' in project 'Pods' via options '-framework KSPlayer' in build setting 'OTHER_LDFLAGS'
        ➜ Implicit dependency on target 'Kingfisher' in project 'Pods' via options '-framework Kingfisher' in build setting 'OTHER_LDFLAGS'
        ➜ Implicit dependency on target 'lottie-ios' in project 'Pods' via options '-framework Lottie' in build setting 'OTHER_LDFLAGS'
        ➜ Implicit dependency on target 'MBProgressHUD' in project 'Pods' via options '-framework MBProgressHUD' in build setting 'OTHER_LDFLAGS'
        ➜ Implicit dependency on target 'SnapKit' in project 'Pods' via options '-framework SnapKit' in build setting 'OTHER_LDFLAGS'
        ➜ Implicit dependency on target 'Toast' in project 'Pods' via options '-framework Toast' in build setting 'OTHER_LDFLAGS'
        ➜ Implicit dependency on target 'YQKingfisher' in project 'Pods' via options '-framework YQKingfisher' in build setting 'OTHER_LDFLAGS'
        ➜ Implicit dependency on target 'YQPhotoBrowser' in project 'Pods' via options '-framework YQPhotoBrowser' in build setting 'OTHER_LDFLAGS'
        ➜ Implicit dependency on target 'YYCache' in project 'Pods' via options '-framework YYCache' in build setting 'OTHER_LDFLAGS'
        ➜ Implicit dependency on target 'YYText' in project 'Pods' via options '-framework YYText' in build setting 'OTHER_LDFLAGS'
        ➜ Implicit dependency on target 'ZLPhotoBrowser' in project 'Pods' via options '-framework ZLPhotoBrowser' in build setting 'OTHER_LDFLAGS'
    Target 'Pods-falcon' in project 'Pods'
        ➜ Explicit dependency on target 'Alamofire' in project 'Pods'
        ➜ Explicit dependency on target 'Cache' in project 'Pods'
        ➜ Explicit dependency on target 'DZNEmptyDataSet' in project 'Pods'
        ➜ Explicit dependency on target 'DisplayCriteria' in project 'Pods'
        ➜ Explicit dependency on target 'ESTabBarController-swift' in project 'Pods'
        ➜ Explicit dependency on target 'FFmpegKit' in project 'Pods'
        ➜ Explicit dependency on target 'IQKeyboardCore' in project 'Pods'
        ➜ Explicit dependency on target 'IQKeyboardManagerSwift' in project 'Pods'
        ➜ Explicit dependency on target 'IQKeyboardNotification' in project 'Pods'
        ➜ Explicit dependency on target 'IQKeyboardReturnManager' in project 'Pods'
        ➜ Explicit dependency on target 'IQKeyboardToolbar' in project 'Pods'
        ➜ Explicit dependency on target 'IQKeyboardToolbarManager' in project 'Pods'
        ➜ Explicit dependency on target 'IQTextInputViewNotification' in project 'Pods'
        ➜ Explicit dependency on target 'IQTextView' in project 'Pods'
        ➜ Explicit dependency on target 'JXPagingView' in project 'Pods'
        ➜ Explicit dependency on target 'JXSegmentedView' in project 'Pods'
        ➜ Explicit dependency on target 'KSPlayer' in project 'Pods'
        ➜ Explicit dependency on target 'Kingfisher' in project 'Pods'
        ➜ Explicit dependency on target 'Libass' in project 'Pods'
        ➜ Explicit dependency on target 'MBProgressHUD' in project 'Pods'
        ➜ Explicit dependency on target 'SnapKit' in project 'Pods'
        ➜ Explicit dependency on target 'Toast' in project 'Pods'
        ➜ Explicit dependency on target 'YQKingfisher' in project 'Pods'
        ➜ Explicit dependency on target 'YQPhotoBrowser' in project 'Pods'
        ➜ Explicit dependency on target 'YYCache' in project 'Pods'
        ➜ Explicit dependency on target 'YYText' in project 'Pods'
        ➜ Explicit dependency on target 'ZLPhotoBrowser' in project 'Pods'
        ➜ Explicit dependency on target 'lottie-ios' in project 'Pods'
    Target 'lottie-ios' in project 'Pods'
        ➜ Explicit dependency on target 'lottie-ios-LottiePrivacyInfo' in project 'Pods'
    Target 'lottie-ios-LottiePrivacyInfo' in project 'Pods' (no dependencies)
    Target 'ZLPhotoBrowser' in project 'Pods'
        ➜ Explicit dependency on target 'ZLPhotoBrowser-ZLPhotoBrowser_Privacy' in project 'Pods'
    Target 'ZLPhotoBrowser-ZLPhotoBrowser_Privacy' in project 'Pods' (no dependencies)
    Target 'YYText' in project 'Pods' (no dependencies)
    Target 'YYCache' in project 'Pods' (no dependencies)
    Target 'YQPhotoBrowser' in project 'Pods'
        ➜ Explicit dependency on target 'SnapKit' in project 'Pods'
        ➜ Explicit dependency on target 'YQKingfisher' in project 'Pods'
        ➜ Explicit dependency on target 'YQPhotoBrowser-YQPhotoBrowser' in project 'Pods'
    Target 'YQPhotoBrowser-YQPhotoBrowser' in project 'Pods'
        ➜ Implicit dependency on target 'SnapKit' in project 'Pods' via options '-framework SnapKit' in build setting 'OTHER_LDFLAGS'
        ➜ Implicit dependency on target 'YQKingfisher' in project 'Pods' via options '-framework YQKingfisher' in build setting 'OTHER_LDFLAGS'
    Target 'YQKingfisher' in project 'Pods' (no dependencies)
    Target 'Toast' in project 'Pods'
        ➜ Explicit dependency on target 'Toast-Toast' in project 'Pods'
    Target 'Toast-Toast' in project 'Pods' (no dependencies)
    Target 'SnapKit' in project 'Pods'
        ➜ Explicit dependency on target 'SnapKit-SnapKit_Privacy' in project 'Pods'
    Target 'SnapKit-SnapKit_Privacy' in project 'Pods' (no dependencies)
    Target 'MBProgressHUD' in project 'Pods' (no dependencies)
    Target 'Kingfisher' in project 'Pods'
        ➜ Explicit dependency on target 'Kingfisher-Kingfisher' in project 'Pods'
    Target 'Kingfisher-Kingfisher' in project 'Pods' (no dependencies)
    Target 'KSPlayer' in project 'Pods'
        ➜ Explicit dependency on target 'DisplayCriteria' in project 'Pods'
        ➜ Explicit dependency on target 'FFmpegKit' in project 'Pods'
        ➜ Explicit dependency on target 'KSPlayer-KSPlayer_KSPlayer' in project 'Pods'
    Target 'KSPlayer-KSPlayer_KSPlayer' in project 'Pods' (no dependencies)
    Target 'JXSegmentedView' in project 'Pods'
        ➜ Explicit dependency on target 'JXSegmentedView-JXSegmentedView' in project 'Pods'
    Target 'JXSegmentedView-JXSegmentedView' in project 'Pods' (no dependencies)
    Target 'JXPagingView' in project 'Pods'
        ➜ Explicit dependency on target 'JXPagingView-JXPagingView' in project 'Pods'
    Target 'JXPagingView-JXPagingView' in project 'Pods' (no dependencies)
    Target 'IQKeyboardManagerSwift' in project 'Pods'
        ➜ Explicit dependency on target 'IQKeyboardManagerSwift-IQKeyboardManagerSwift' in project 'Pods'
        ➜ Explicit dependency on target 'IQKeyboardNotification' in project 'Pods'
        ➜ Explicit dependency on target 'IQKeyboardReturnManager' in project 'Pods'
        ➜ Explicit dependency on target 'IQKeyboardToolbarManager' in project 'Pods'
        ➜ Explicit dependency on target 'IQTextInputViewNotification' in project 'Pods'
        ➜ Explicit dependency on target 'IQTextView' in project 'Pods'
    Target 'IQKeyboardManagerSwift-IQKeyboardManagerSwift' in project 'Pods'
        ➜ Implicit dependency on target 'IQKeyboardNotification' in project 'Pods' via options '-framework IQKeyboardNotification' in build setting 'OTHER_LDFLAGS'
        ➜ Implicit dependency on target 'IQKeyboardReturnManager' in project 'Pods' via options '-framework IQKeyboardReturnManager' in build setting 'OTHER_LDFLAGS'
        ➜ Implicit dependency on target 'IQKeyboardToolbarManager' in project 'Pods' via options '-framework IQKeyboardToolbarManager' in build setting 'OTHER_LDFLAGS'
        ➜ Implicit dependency on target 'IQTextInputViewNotification' in project 'Pods' via options '-framework IQTextInputViewNotification' in build setting 'OTHER_LDFLAGS'
        ➜ Implicit dependency on target 'IQTextView' in project 'Pods' via options '-framework IQTextView' in build setting 'OTHER_LDFLAGS'
    Target 'IQTextView' in project 'Pods'
        ➜ Explicit dependency on target 'IQKeyboardToolbar' in project 'Pods'
        ➜ Explicit dependency on target 'IQTextView-IQTextView' in project 'Pods'
    Target 'IQTextView-IQTextView' in project 'Pods'
        ➜ Implicit dependency on target 'IQKeyboardToolbar' in project 'Pods' via options '-framework IQKeyboardToolbar' in build setting 'OTHER_LDFLAGS'
    Target 'IQKeyboardToolbarManager' in project 'Pods'
        ➜ Explicit dependency on target 'IQKeyboardToolbar' in project 'Pods'
        ➜ Explicit dependency on target 'IQKeyboardToolbarManager-IQKeyboardToolbarManager' in project 'Pods'
        ➜ Explicit dependency on target 'IQTextInputViewNotification' in project 'Pods'
    Target 'IQKeyboardToolbarManager-IQKeyboardToolbarManager' in project 'Pods'
        ➜ Implicit dependency on target 'IQKeyboardToolbar' in project 'Pods' via options '-framework IQKeyboardToolbar' in build setting 'OTHER_LDFLAGS'
        ➜ Implicit dependency on target 'IQTextInputViewNotification' in project 'Pods' via options '-framework IQTextInputViewNotification' in build setting 'OTHER_LDFLAGS'
    Target 'IQTextInputViewNotification' in project 'Pods'
        ➜ Explicit dependency on target 'IQKeyboardCore' in project 'Pods'
        ➜ Explicit dependency on target 'IQTextInputViewNotification-IQTextInputViewNotification' in project 'Pods'
    Target 'IQTextInputViewNotification-IQTextInputViewNotification' in project 'Pods'
        ➜ Implicit dependency on target 'IQKeyboardCore' in project 'Pods' via options '-framework IQKeyboardCore' in build setting 'OTHER_LDFLAGS'
    Target 'IQKeyboardToolbar' in project 'Pods'
        ➜ Explicit dependency on target 'IQKeyboardCore' in project 'Pods'
        ➜ Explicit dependency on target 'IQKeyboardToolbar-IQKeyboardToolbar' in project 'Pods'
    Target 'IQKeyboardToolbar-IQKeyboardToolbar' in project 'Pods'
        ➜ Implicit dependency on target 'IQKeyboardCore' in project 'Pods' via options '-framework IQKeyboardCore' in build setting 'OTHER_LDFLAGS'
    Target 'IQKeyboardReturnManager' in project 'Pods'
        ➜ Explicit dependency on target 'IQKeyboardCore' in project 'Pods'
        ➜ Explicit dependency on target 'IQKeyboardReturnManager-IQKeyboardReturnManager' in project 'Pods'
    Target 'IQKeyboardReturnManager-IQKeyboardReturnManager' in project 'Pods'
        ➜ Implicit dependency on target 'IQKeyboardCore' in project 'Pods' via options '-framework IQKeyboardCore' in build setting 'OTHER_LDFLAGS'
    Target 'IQKeyboardNotification' in project 'Pods'
        ➜ Explicit dependency on target 'IQKeyboardNotification-IQKeyboardNotification' in project 'Pods'
    Target 'IQKeyboardNotification-IQKeyboardNotification' in project 'Pods' (no dependencies)
    Target 'IQKeyboardCore' in project 'Pods'
        ➜ Explicit dependency on target 'IQKeyboardCore-IQKeyboardCore' in project 'Pods'
    Target 'IQKeyboardCore-IQKeyboardCore' in project 'Pods' (no dependencies)
    Target 'FFmpegKit' in project 'Pods'
        ➜ Explicit dependency on target 'Libass' in project 'Pods'
    Target 'Libass' in project 'Pods' (no dependencies)
    Target 'ESTabBarController-swift' in project 'Pods' (no dependencies)
    Target 'DisplayCriteria' in project 'Pods' (no dependencies)
    Target 'DZNEmptyDataSet' in project 'Pods' (no dependencies)
    Target 'Cache' in project 'Pods' (no dependencies)
    Target 'Alamofire' in project 'Pods'
        ➜ Explicit dependency on target 'Alamofire-Alamofire' in project 'Pods'
    Target 'Alamofire-Alamofire' in project 'Pods' (no dependencies)

GatherProvisioningInputs

CreateBuildDescription

ExecuteExternalTool /Applications/Xcode.app/Contents/Developer/Toolchains/XcodeDefault.xctoolchain/usr/bin/clang -v -E -dM -arch arm64 -isysroot /Applications/Xcode.app/Contents/Developer/Platforms/iPhoneSimulator.platform/Developer/SDKs/iPhoneSimulator26.0.sdk -x c -c /dev/null

ExecuteExternalTool /Applications/Xcode.app/Contents/Developer/Toolchains/XcodeDefault.xctoolchain/usr/bin/clang -v -E -dM -isysroot /Applications/Xcode.app/Contents/Developer/Platforms/iPhoneSimulator.platform/Developer/SDKs/iPhoneSimulator26.0.sdk -x c -c /dev/null

ExecuteExternalTool /Applications/Xcode.app/Contents/Developer/usr/bin/actool --version --output-format xml1

ExecuteExternalTool /Applications/Xcode.app/Contents/Developer/usr/bin/ibtool --version --output-format xml1

ExecuteExternalTool /Applications/Xcode.app/Contents/Developer/usr/bin/actool --print-asset-tag-combinations --output-format xml1 /Users/zhouming/Desktop/falcon/falcon/Assets.xcassets

ExecuteExternalTool /Applications/Xcode.app/Contents/Developer/Toolchains/XcodeDefault.xctoolchain/usr/bin/clang -v -E -dM -arch arm64 -isysroot /Applications/Xcode.app/Contents/Developer/Platforms/iPhoneSimulator.platform/Developer/SDKs/iPhoneSimulator26.0.sdk -x objective-c -c /dev/null

ExecuteExternalTool /Applications/Xcode.app/Contents/Developer/Toolchains/XcodeDefault.xctoolchain/usr/bin/swiftc --version

ExecuteExternalTool /Applications/Xcode.app/Contents/Developer/Toolchains/XcodeDefault.xctoolchain/usr/bin/libtool -V

ExecuteExternalTool /Applications/Xcode.app/Contents/Developer/Toolchains/XcodeDefault.xctoolchain/usr/bin/ld -version_details

ExecuteExternalTool /Applications/Xcode.app/Contents/Developer/Toolchains/XcodeDefault.xctoolchain/usr/bin/clang -v -E -dM -arch x86_64 -isysroot /Applications/Xcode.app/Contents/Developer/Platforms/iPhoneSimulator.platform/Developer/SDKs/iPhoneSimulator26.0.sdk -x c -c /dev/null

ExecuteExternalTool /Applications/Xcode.app/Contents/Developer/Toolchains/XcodeDefault.xctoolchain/usr/bin/clang -v -E -dM -arch x86_64 -isysroot /Applications/Xcode.app/Contents/Developer/Platforms/iPhoneSimulator.platform/Developer/SDKs/iPhoneSimulator26.0.sdk -x objective-c -c /dev/null

ReadFileContents /Applications/Xcode.app/Contents/Developer/Toolchains/XcodeDefault.xctoolchain/usr/share/docc/features.json

Build description signature: e963779350a1bf79a621b0055ed6f452
Build description path: /Users/zhouming/Library/Developer/Xcode/DerivedData/falcon-gsoilikaxsflzjexzrtqkcenvrbo/Build/Intermediates.noindex/XCBuildData/e963779350a1bf79a621b0055ed6f452.xcbuilddata
ClangStatCache /Applications/Xcode.app/Contents/Developer/Toolchains/XcodeDefault.xctoolchain/usr/bin/clang-stat-cache /Applications/Xcode.app/Contents/Developer/Platforms/iPhoneSimulator.platform/Developer/SDKs/iPhoneSimulator26.0.sdk /Users/zhouming/Library/Developer/Xcode/DerivedData/SDKStatCaches.noindex/iphonesimulator26.0-23A339-3885c01c3e6b6a337905948deab2002e26257891a6c027eb51374368541b8346.sdkstatcache
    cd /Users/zhouming/Desktop/falcon
    /Applications/Xcode.app/Contents/Developer/Toolchains/XcodeDefault.xctoolchain/usr/bin/clang-stat-cache /Applications/Xcode.app/Contents/Developer/Platforms/iPhoneSimulator.platform/Developer/SDKs/iPhoneSimulator26.0.sdk -o /Users/zhouming/Library/Developer/Xcode/DerivedData/SDKStatCaches.noindex/iphonesimulator26.0-23A339-3885c01c3e6b6a337905948deab2002e26257891a6c027eb51374368541b8346.sdkstatcache

ProcessInfoPlistFile /Users/zhouming/Library/Developer/Xcode/DerivedData/falcon-gsoilikaxsflzjexzrtqkcenvrbo/Build/Products/Release-iphonesimulator/ZLPhotoBrowser/ZLPhotoBrowser_Privacy.bundle/Info.plist /Users/zhouming/Desktop/falcon/Pods/Target\ Support\ Files/ZLPhotoBrowser/ResourceBundle-ZLPhotoBrowser_Privacy-ZLPhotoBrowser-Info.plist (in target 'ZLPhotoBrowser-ZLPhotoBrowser_Privacy' from project 'Pods')
    cd /Users/zhouming/Desktop/falcon/Pods
    builtin-infoPlistUtility /Users/zhouming/Desktop/falcon/Pods/Target\ Support\ Files/ZLPhotoBrowser/ResourceBundle-ZLPhotoBrowser_Privacy-ZLPhotoBrowser-Info.plist -producttype com.apple.product-type.bundle -expandbuildsettings -format binary -platform iphonesimulator -o /Users/zhouming/Library/Developer/Xcode/DerivedData/falcon-gsoilikaxsflzjexzrtqkcenvrbo/Build/Products/Release-iphonesimulator/ZLPhotoBrowser/ZLPhotoBrowser_Privacy.bundle/Info.plist

ProcessInfoPlistFile /Users/zhouming/Library/Developer/Xcode/DerivedData/falcon-gsoilikaxsflzjexzrtqkcenvrbo/Build/Products/Release-iphonesimulator/lottie-ios/LottiePrivacyInfo.bundle/Info.plist /Users/zhouming/Desktop/falcon/Pods/Target\ Support\ Files/lottie-ios/ResourceBundle-LottiePrivacyInfo-lottie-ios-Info.plist (in target 'lottie-ios-LottiePrivacyInfo' from project 'Pods')
    cd /Users/zhouming/Desktop/falcon/Pods
    builtin-infoPlistUtility /Users/zhouming/Desktop/falcon/Pods/Target\ Support\ Files/lottie-ios/ResourceBundle-LottiePrivacyInfo-lottie-ios-Info.plist -producttype com.apple.product-type.bundle -expandbuildsettings -format binary -platform iphonesimulator -o /Users/zhouming/Library/Developer/Xcode/DerivedData/falcon-gsoilikaxsflzjexzrtqkcenvrbo/Build/Products/Release-iphonesimulator/lottie-ios/LottiePrivacyInfo.bundle/Info.plist

ProcessInfoPlistFile /Users/zhouming/Library/Developer/Xcode/DerivedData/falcon-gsoilikaxsflzjexzrtqkcenvrbo/Build/Products/Release-iphonesimulator/YYCache/YYCache.framework/Info.plist /Users/zhouming/Desktop/falcon/Pods/Target\ Support\ Files/YYCache/YYCache-Info.plist (in target 'YYCache' from project 'Pods')
    cd /Users/zhouming/Desktop/falcon/Pods
    builtin-infoPlistUtility /Users/zhouming/Desktop/falcon/Pods/Target\ Support\ Files/YYCache/YYCache-Info.plist -producttype com.apple.product-type.framework -expandbuildsettings -format binary -platform iphonesimulator -o /Users/zhouming/Library/Developer/Xcode/DerivedData/falcon-gsoilikaxsflzjexzrtqkcenvrbo/Build/Products/Release-iphonesimulator/YYCache/YYCache.framework/Info.plist

ProcessInfoPlistFile /Users/zhouming/Library/Developer/Xcode/DerivedData/falcon-gsoilikaxsflzjexzrtqkcenvrbo/Build/Products/Release-iphonesimulator/YYText/YYText.framework/Info.plist /Users/zhouming/Desktop/falcon/Pods/Target\ Support\ Files/YYText/YYText-Info.plist (in target 'YYText' from project 'Pods')
    cd /Users/zhouming/Desktop/falcon/Pods
    builtin-infoPlistUtility /Users/zhouming/Desktop/falcon/Pods/Target\ Support\ Files/YYText/YYText-Info.plist -producttype com.apple.product-type.framework -expandbuildsettings -format binary -platform iphonesimulator -o /Users/zhouming/Library/Developer/Xcode/DerivedData/falcon-gsoilikaxsflzjexzrtqkcenvrbo/Build/Products/Release-iphonesimulator/YYText/YYText.framework/Info.plist

ProcessInfoPlistFile /Users/zhouming/Library/Developer/Xcode/DerivedData/falcon-gsoilikaxsflzjexzrtqkcenvrbo/Build/Products/Release-iphonesimulator/YQKingfisher/YQKingfisher.framework/Info.plist /Users/zhouming/Desktop/falcon/Pods/Target\ Support\ Files/YQKingfisher/YQKingfisher-Info.plist (in target 'YQKingfisher' from project 'Pods')
    cd /Users/zhouming/Desktop/falcon/Pods
    builtin-infoPlistUtility /Users/zhouming/Desktop/falcon/Pods/Target\ Support\ Files/YQKingfisher/YQKingfisher-Info.plist -producttype com.apple.product-type.framework -expandbuildsettings -format binary -platform iphonesimulator -o /Users/zhouming/Library/Developer/Xcode/DerivedData/falcon-gsoilikaxsflzjexzrtqkcenvrbo/Build/Products/Release-iphonesimulator/YQKingfisher/YQKingfisher.framework/Info.plist

ProcessInfoPlistFile /Users/zhouming/Library/Developer/Xcode/DerivedData/falcon-gsoilikaxsflzjexzrtqkcenvrbo/Build/Products/Release-iphonesimulator/Toast/Toast.bundle/Info.plist /Users/zhouming/Desktop/falcon/Pods/Target\ Support\ Files/Toast/ResourceBundle-Toast-Toast-Info.plist (in target 'Toast-Toast' from project 'Pods')
    cd /Users/zhouming/Desktop/falcon/Pods
    builtin-infoPlistUtility /Users/zhouming/Desktop/falcon/Pods/Target\ Support\ Files/Toast/ResourceBundle-Toast-Toast-Info.plist -producttype com.apple.product-type.bundle -expandbuildsettings -format binary -platform iphonesimulator -o /Users/zhouming/Library/Developer/Xcode/DerivedData/falcon-gsoilikaxsflzjexzrtqkcenvrbo/Build/Products/Release-iphonesimulator/Toast/Toast.bundle/Info.plist

ProcessInfoPlistFile /Users/zhouming/Library/Developer/Xcode/DerivedData/falcon-gsoilikaxsflzjexzrtqkcenvrbo/Build/Products/Release-iphonesimulator/SnapKit/SnapKit_Privacy.bundle/Info.plist /Users/zhouming/Desktop/falcon/Pods/Target\ Support\ Files/SnapKit/ResourceBundle-SnapKit_Privacy-SnapKit-Info.plist (in target 'SnapKit-SnapKit_Privacy' from project 'Pods')
    cd /Users/zhouming/Desktop/falcon/Pods
    builtin-infoPlistUtility /Users/zhouming/Desktop/falcon/Pods/Target\ Support\ Files/SnapKit/ResourceBundle-SnapKit_Privacy-SnapKit-Info.plist -producttype com.apple.product-type.bundle -expandbuildsettings -format binary -platform iphonesimulator -o /Users/zhouming/Library/Developer/Xcode/DerivedData/falcon-gsoilikaxsflzjexzrtqkcenvrbo/Build/Products/Release-iphonesimulator/SnapKit/SnapKit_Privacy.bundle/Info.plist

ProcessInfoPlistFile /Users/zhouming/Library/Developer/Xcode/DerivedData/falcon-gsoilikaxsflzjexzrtqkcenvrbo/Build/Products/Release-iphonesimulator/MBProgressHUD/MBProgressHUD.framework/Info.plist /Users/zhouming/Desktop/falcon/Pods/Target\ Support\ Files/MBProgressHUD/MBProgressHUD-Info.plist (in target 'MBProgressHUD' from project 'Pods')
    cd /Users/zhouming/Desktop/falcon/Pods
    builtin-infoPlistUtility /Users/zhouming/Desktop/falcon/Pods/Target\ Support\ Files/MBProgressHUD/MBProgressHUD-Info.plist -producttype com.apple.product-type.framework -expandbuildsettings -format binary -platform iphonesimulator -o /Users/zhouming/Library/Developer/Xcode/DerivedData/falcon-gsoilikaxsflzjexzrtqkcenvrbo/Build/Products/Release-iphonesimulator/MBProgressHUD/MBProgressHUD.framework/Info.plist

ProcessInfoPlistFile /Users/zhouming/Library/Developer/Xcode/DerivedData/falcon-gsoilikaxsflzjexzrtqkcenvrbo/Build/Products/Release-iphonesimulator/Kingfisher/Kingfisher.bundle/Info.plist /Users/zhouming/Desktop/falcon/Pods/Target\ Support\ Files/Kingfisher/ResourceBundle-Kingfisher-Kingfisher-Info.plist (in target 'Kingfisher-Kingfisher' from project 'Pods')
    cd /Users/zhouming/Desktop/falcon/Pods
    builtin-infoPlistUtility /Users/zhouming/Desktop/falcon/Pods/Target\ Support\ Files/Kingfisher/ResourceBundle-Kingfisher-Kingfisher-Info.plist -producttype com.apple.product-type.bundle -expandbuildsettings -format binary -platform iphonesimulator -o /Users/zhouming/Library/Developer/Xcode/DerivedData/falcon-gsoilikaxsflzjexzrtqkcenvrbo/Build/Products/Release-iphonesimulator/Kingfisher/Kingfisher.bundle/Info.plist

ProcessInfoPlistFile /Users/zhouming/Library/Developer/Xcode/DerivedData/falcon-gsoilikaxsflzjexzrtqkcenvrbo/Build/Products/Release-iphonesimulator/KSPlayer/KSPlayer_KSPlayer.bundle/Info.plist /Users/zhouming/Desktop/falcon/Pods/Target\ Support\ Files/KSPlayer/ResourceBundle-KSPlayer_KSPlayer-KSPlayer-Info.plist (in target 'KSPlayer-KSPlayer_KSPlayer' from project 'Pods')
    cd /Users/zhouming/Desktop/falcon/Pods
    builtin-infoPlistUtility /Users/zhouming/Desktop/falcon/Pods/Target\ Support\ Files/KSPlayer/ResourceBundle-KSPlayer_KSPlayer-KSPlayer-Info.plist -producttype com.apple.product-type.bundle -expandbuildsettings -format binary -platform iphonesimulator -o /Users/zhouming/Library/Developer/Xcode/DerivedData/falcon-gsoilikaxsflzjexzrtqkcenvrbo/Build/Products/Release-iphonesimulator/KSPlayer/KSPlayer_KSPlayer.bundle/Info.plist

ProcessInfoPlistFile /Users/zhouming/Library/Developer/Xcode/DerivedData/falcon-gsoilikaxsflzjexzrtqkcenvrbo/Build/Products/Release-iphonesimulator/JXSegmentedView/JXSegmentedView.bundle/Info.plist /Users/zhouming/Desktop/falcon/Pods/Target\ Support\ Files/JXSegmentedView/ResourceBundle-JXSegmentedView-JXSegmentedView-Info.plist (in target 'JXSegmentedView-JXSegmentedView' from project 'Pods')
    cd /Users/zhouming/Desktop/falcon/Pods
    builtin-infoPlistUtility /Users/zhouming/Desktop/falcon/Pods/Target\ Support\ Files/JXSegmentedView/ResourceBundle-JXSegmentedView-JXSegmentedView-Info.plist -producttype com.apple.product-type.bundle -expandbuildsettings -format binary -platform iphonesimulator -o /Users/zhouming/Library/Developer/Xcode/DerivedData/falcon-gsoilikaxsflzjexzrtqkcenvrbo/Build/Products/Release-iphonesimulator/JXSegmentedView/JXSegmentedView.bundle/Info.plist

ProcessInfoPlistFile /Users/zhouming/Library/Developer/Xcode/DerivedData/falcon-gsoilikaxsflzjexzrtqkcenvrbo/Build/Products/Release-iphonesimulator/JXPagingView/JXPagingView.bundle/Info.plist /Users/zhouming/Desktop/falcon/Pods/Target\ Support\ Files/JXPagingView/ResourceBundle-JXPagingView-JXPagingView-Info.plist (in target 'JXPagingView-JXPagingView' from project 'Pods')
    cd /Users/zhouming/Desktop/falcon/Pods
    builtin-infoPlistUtility /Users/zhouming/Desktop/falcon/Pods/Target\ Support\ Files/JXPagingView/ResourceBundle-JXPagingView-JXPagingView-Info.plist -producttype com.apple.product-type.bundle -expandbuildsettings -format binary -platform iphonesimulator -o /Users/zhouming/Library/Developer/Xcode/DerivedData/falcon-gsoilikaxsflzjexzrtqkcenvrbo/Build/Products/Release-iphonesimulator/JXPagingView/JXPagingView.bundle/Info.plist

ProcessInfoPlistFile /Users/zhouming/Library/Developer/Xcode/DerivedData/falcon-gsoilikaxsflzjexzrtqkcenvrbo/Build/Products/Release-iphonesimulator/IQKeyboardNotification/IQKeyboardNotification.bundle/Info.plist /Users/zhouming/Desktop/falcon/Pods/Target\ Support\ Files/IQKeyboardNotification/ResourceBundle-IQKeyboardNotification-IQKeyboardNotification-Info.plist (in target 'IQKeyboardNotification-IQKeyboardNotification' from project 'Pods')
    cd /Users/zhouming/Desktop/falcon/Pods
    builtin-infoPlistUtility /Users/zhouming/Desktop/falcon/Pods/Target\ Support\ Files/IQKeyboardNotification/ResourceBundle-IQKeyboardNotification-IQKeyboardNotification-Info.plist -producttype com.apple.product-type.bundle -expandbuildsettings -format binary -platform iphonesimulator -o /Users/zhouming/Library/Developer/Xcode/DerivedData/falcon-gsoilikaxsflzjexzrtqkcenvrbo/Build/Products/Release-iphonesimulator/IQKeyboardNotification/IQKeyboardNotification.bundle/Info.plist

ProcessInfoPlistFile /Users/zhouming/Library/Developer/Xcode/DerivedData/falcon-gsoilikaxsflzjexzrtqkcenvrbo/Build/Products/Release-iphonesimulator/IQKeyboardCore/IQKeyboardCore.bundle/Info.plist /Users/zhouming/Desktop/falcon/Pods/Target\ Support\ Files/IQKeyboardCore/ResourceBundle-IQKeyboardCore-IQKeyboardCore-Info.plist (in target 'IQKeyboardCore-IQKeyboardCore' from project 'Pods')
    cd /Users/zhouming/Desktop/falcon/Pods
    builtin-infoPlistUtility /Users/zhouming/Desktop/falcon/Pods/Target\ Support\ Files/IQKeyboardCore/ResourceBundle-IQKeyboardCore-IQKeyboardCore-Info.plist -producttype com.apple.product-type.bundle -expandbuildsettings -format binary -platform iphonesimulator -o /Users/zhouming/Library/Developer/Xcode/DerivedData/falcon-gsoilikaxsflzjexzrtqkcenvrbo/Build/Products/Release-iphonesimulator/IQKeyboardCore/IQKeyboardCore.bundle/Info.plist

ProcessInfoPlistFile /Users/zhouming/Library/Developer/Xcode/DerivedData/falcon-gsoilikaxsflzjexzrtqkcenvrbo/Build/Products/Release-iphonesimulator/FFmpegKit/FFmpegKit.framework/Info.plist /Users/zhouming/Desktop/falcon/Pods/Target\ Support\ Files/FFmpegKit/FFmpegKit-Info.plist (in target 'FFmpegKit' from project 'Pods')
    cd /Users/zhouming/Desktop/falcon/Pods
    builtin-infoPlistUtility /Users/zhouming/Desktop/falcon/Pods/Target\ Support\ Files/FFmpegKit/FFmpegKit-Info.plist -producttype com.apple.product-type.framework -expandbuildsettings -format binary -platform iphonesimulator -o /Users/zhouming/Library/Developer/Xcode/DerivedData/falcon-gsoilikaxsflzjexzrtqkcenvrbo/Build/Products/Release-iphonesimulator/FFmpegKit/FFmpegKit.framework/Info.plist

ProcessInfoPlistFile /Users/zhouming/Library/Developer/Xcode/DerivedData/falcon-gsoilikaxsflzjexzrtqkcenvrbo/Build/Products/Release-iphonesimulator/ESTabBarController-swift/ESTabBarController_swift.framework/Info.plist /Users/zhouming/Desktop/falcon/Pods/Target\ Support\ Files/ESTabBarController-swift/ESTabBarController-swift-Info.plist (in target 'ESTabBarController-swift' from project 'Pods')
    cd /Users/zhouming/Desktop/falcon/Pods
    builtin-infoPlistUtility /Users/zhouming/Desktop/falcon/Pods/Target\ Support\ Files/ESTabBarController-swift/ESTabBarController-swift-Info.plist -producttype com.apple.product-type.framework -expandbuildsettings -format binary -platform iphonesimulator -o /Users/zhouming/Library/Developer/Xcode/DerivedData/falcon-gsoilikaxsflzjexzrtqkcenvrbo/Build/Products/Release-iphonesimulator/ESTabBarController-swift/ESTabBarController_swift.framework/Info.plist

ProcessInfoPlistFile /Users/zhouming/Library/Developer/Xcode/DerivedData/falcon-gsoilikaxsflzjexzrtqkcenvrbo/Build/Products/Release-iphonesimulator/DisplayCriteria/DisplayCriteria.framework/Info.plist /Users/zhouming/Desktop/falcon/Pods/Target\ Support\ Files/DisplayCriteria/DisplayCriteria-Info.plist (in target 'DisplayCriteria' from project 'Pods')
    cd /Users/zhouming/Desktop/falcon/Pods
    builtin-infoPlistUtility /Users/zhouming/Desktop/falcon/Pods/Target\ Support\ Files/DisplayCriteria/DisplayCriteria-Info.plist -producttype com.apple.product-type.framework -expandbuildsettings -format binary -platform iphonesimulator -o /Users/zhouming/Library/Developer/Xcode/DerivedData/falcon-gsoilikaxsflzjexzrtqkcenvrbo/Build/Products/Release-iphonesimulator/DisplayCriteria/DisplayCriteria.framework/Info.plist

ProcessInfoPlistFile /Users/zhouming/Library/Developer/Xcode/DerivedData/falcon-gsoilikaxsflzjexzrtqkcenvrbo/Build/Products/Release-iphonesimulator/DZNEmptyDataSet/DZNEmptyDataSet.framework/Info.plist /Users/zhouming/Desktop/falcon/Pods/Target\ Support\ Files/DZNEmptyDataSet/DZNEmptyDataSet-Info.plist (in target 'DZNEmptyDataSet' from project 'Pods')
    cd /Users/zhouming/Desktop/falcon/Pods
    builtin-infoPlistUtility /Users/zhouming/Desktop/falcon/Pods/Target\ Support\ Files/DZNEmptyDataSet/DZNEmptyDataSet-Info.plist -producttype com.apple.product-type.framework -expandbuildsettings -format binary -platform iphonesimulator -o /Users/zhouming/Library/Developer/Xcode/DerivedData/falcon-gsoilikaxsflzjexzrtqkcenvrbo/Build/Products/Release-iphonesimulator/DZNEmptyDataSet/DZNEmptyDataSet.framework/Info.plist

ProcessInfoPlistFile /Users/zhouming/Library/Developer/Xcode/DerivedData/falcon-gsoilikaxsflzjexzrtqkcenvrbo/Build/Products/Release-iphonesimulator/Cache/Cache.framework/Info.plist /Users/zhouming/Desktop/falcon/Pods/Target\ Support\ Files/Cache/Cache-Info.plist (in target 'Cache' from project 'Pods')
    cd /Users/zhouming/Desktop/falcon/Pods
    builtin-infoPlistUtility /Users/zhouming/Desktop/falcon/Pods/Target\ Support\ Files/Cache/Cache-Info.plist -producttype com.apple.product-type.framework -expandbuildsettings -format binary -platform iphonesimulator -o /Users/zhouming/Library/Developer/Xcode/DerivedData/falcon-gsoilikaxsflzjexzrtqkcenvrbo/Build/Products/Release-iphonesimulator/Cache/Cache.framework/Info.plist

ProcessInfoPlistFile /Users/zhouming/Library/Developer/Xcode/DerivedData/falcon-gsoilikaxsflzjexzrtqkcenvrbo/Build/Products/Release-iphonesimulator/Alamofire/Alamofire.bundle/Info.plist /Users/zhouming/Desktop/falcon/Pods/Target\ Support\ Files/Alamofire/ResourceBundle-Alamofire-Alamofire-Info.plist (in target 'Alamofire-Alamofire' from project 'Pods')
    cd /Users/zhouming/Desktop/falcon/Pods
    builtin-infoPlistUtility /Users/zhouming/Desktop/falcon/Pods/Target\ Support\ Files/Alamofire/ResourceBundle-Alamofire-Alamofire-Info.plist -producttype com.apple.product-type.bundle -expandbuildsettings -format binary -platform iphonesimulator -o /Users/zhouming/Library/Developer/Xcode/DerivedData/falcon-gsoilikaxsflzjexzrtqkcenvrbo/Build/Products/Release-iphonesimulator/Alamofire/Alamofire.bundle/Info.plist

ProcessInfoPlistFile /Users/zhouming/Library/Developer/Xcode/DerivedData/falcon-gsoilikaxsflzjexzrtqkcenvrbo/Build/Products/Release-iphonesimulator/KSPlayer/KSPlayer.framework/Info.plist /Users/zhouming/Desktop/falcon/Pods/Target\ Support\ Files/KSPlayer/KSPlayer-Info.plist (in target 'KSPlayer' from project 'Pods')
    cd /Users/zhouming/Desktop/falcon/Pods
    builtin-infoPlistUtility /Users/zhouming/Desktop/falcon/Pods/Target\ Support\ Files/KSPlayer/KSPlayer-Info.plist -producttype com.apple.product-type.framework -expandbuildsettings -format binary -platform iphonesimulator -o /Users/zhouming/Library/Developer/Xcode/DerivedData/falcon-gsoilikaxsflzjexzrtqkcenvrbo/Build/Products/Release-iphonesimulator/KSPlayer/KSPlayer.framework/Info.plist

ProcessInfoPlistFile /Users/zhouming/Library/Developer/Xcode/DerivedData/falcon-gsoilikaxsflzjexzrtqkcenvrbo/Build/Products/Release-iphonesimulator/Kingfisher/Kingfisher.framework/Info.plist /Users/zhouming/Desktop/falcon/Pods/Target\ Support\ Files/Kingfisher/Kingfisher-Info.plist (in target 'Kingfisher' from project 'Pods')
    cd /Users/zhouming/Desktop/falcon/Pods
    builtin-infoPlistUtility /Users/zhouming/Desktop/falcon/Pods/Target\ Support\ Files/Kingfisher/Kingfisher-Info.plist -producttype com.apple.product-type.framework -expandbuildsettings -format binary -platform iphonesimulator -o /Users/zhouming/Library/Developer/Xcode/DerivedData/falcon-gsoilikaxsflzjexzrtqkcenvrbo/Build/Products/Release-iphonesimulator/Kingfisher/Kingfisher.framework/Info.plist

ProcessInfoPlistFile /Users/zhouming/Library/Developer/Xcode/DerivedData/falcon-gsoilikaxsflzjexzrtqkcenvrbo/Build/Products/Release-iphonesimulator/lottie-ios/Lottie.framework/Info.plist /Users/zhouming/Desktop/falcon/Pods/Target\ Support\ Files/lottie-ios/lottie-ios-Info.plist (in target 'lottie-ios' from project 'Pods')
    cd /Users/zhouming/Desktop/falcon/Pods
    builtin-infoPlistUtility /Users/zhouming/Desktop/falcon/Pods/Target\ Support\ Files/lottie-ios/lottie-ios-Info.plist -producttype com.apple.product-type.framework -expandbuildsettings -format binary -platform iphonesimulator -o /Users/zhouming/Library/Developer/Xcode/DerivedData/falcon-gsoilikaxsflzjexzrtqkcenvrbo/Build/Products/Release-iphonesimulator/lottie-ios/Lottie.framework/Info.plist

ProcessInfoPlistFile /Users/zhouming/Library/Developer/Xcode/DerivedData/falcon-gsoilikaxsflzjexzrtqkcenvrbo/Build/Products/Release-iphonesimulator/ZLPhotoBrowser/ZLPhotoBrowser.framework/Info.plist /Users/zhouming/Desktop/falcon/Pods/Target\ Support\ Files/ZLPhotoBrowser/ZLPhotoBrowser-Info.plist (in target 'ZLPhotoBrowser' from project 'Pods')
    cd /Users/zhouming/Desktop/falcon/Pods
    builtin-infoPlistUtility /Users/zhouming/Desktop/falcon/Pods/Target\ Support\ Files/ZLPhotoBrowser/ZLPhotoBrowser-Info.plist -producttype com.apple.product-type.framework -expandbuildsettings -format binary -platform iphonesimulator -o /Users/zhouming/Library/Developer/Xcode/DerivedData/falcon-gsoilikaxsflzjexzrtqkcenvrbo/Build/Products/Release-iphonesimulator/ZLPhotoBrowser/ZLPhotoBrowser.framework/Info.plist

ProcessInfoPlistFile /Users/zhouming/Library/Developer/Xcode/DerivedData/falcon-gsoilikaxsflzjexzrtqkcenvrbo/Build/Products/Release-iphonesimulator/Toast/Toast.framework/Info.plist /Users/zhouming/Desktop/falcon/Pods/Target\ Support\ Files/Toast/Toast-Info.plist (in target 'Toast' from project 'Pods')
    cd /Users/zhouming/Desktop/falcon/Pods
    builtin-infoPlistUtility /Users/zhouming/Desktop/falcon/Pods/Target\ Support\ Files/Toast/Toast-Info.plist -producttype com.apple.product-type.framework -expandbuildsettings -format binary -platform iphonesimulator -o /Users/zhouming/Library/Developer/Xcode/DerivedData/falcon-gsoilikaxsflzjexzrtqkcenvrbo/Build/Products/Release-iphonesimulator/Toast/Toast.framework/Info.plist

ProcessInfoPlistFile /Users/zhouming/Library/Developer/Xcode/DerivedData/falcon-gsoilikaxsflzjexzrtqkcenvrbo/Build/Products/Release-iphonesimulator/SnapKit/SnapKit.framework/Info.plist /Users/zhouming/Desktop/falcon/Pods/Target\ Support\ Files/SnapKit/SnapKit-Info.plist (in target 'SnapKit' from project 'Pods')
    cd /Users/zhouming/Desktop/falcon/Pods
    builtin-infoPlistUtility /Users/zhouming/Desktop/falcon/Pods/Target\ Support\ Files/SnapKit/SnapKit-Info.plist -producttype com.apple.product-type.framework -expandbuildsettings -format binary -platform iphonesimulator -o /Users/zhouming/Library/Developer/Xcode/DerivedData/falcon-gsoilikaxsflzjexzrtqkcenvrbo/Build/Products/Release-iphonesimulator/SnapKit/SnapKit.framework/Info.plist

ProcessInfoPlistFile /Users/zhouming/Library/Developer/Xcode/DerivedData/falcon-gsoilikaxsflzjexzrtqkcenvrbo/Build/Products/Release-iphonesimulator/JXSegmentedView/JXSegmentedView.framework/Info.plist /Users/zhouming/Desktop/falcon/Pods/Target\ Support\ Files/JXSegmentedView/JXSegmentedView-Info.plist (in target 'JXSegmentedView' from project 'Pods')
    cd /Users/zhouming/Desktop/falcon/Pods
    builtin-infoPlistUtility /Users/zhouming/Desktop/falcon/Pods/Target\ Support\ Files/JXSegmentedView/JXSegmentedView-Info.plist -producttype com.apple.product-type.framework -expandbuildsettings -format binary -platform iphonesimulator -o /Users/zhouming/Library/Developer/Xcode/DerivedData/falcon-gsoilikaxsflzjexzrtqkcenvrbo/Build/Products/Release-iphonesimulator/JXSegmentedView/JXSegmentedView.framework/Info.plist

ProcessInfoPlistFile /Users/zhouming/Library/Developer/Xcode/DerivedData/falcon-gsoilikaxsflzjexzrtqkcenvrbo/Build/Products/Release-iphonesimulator/JXPagingView/JXPagingView.framework/Info.plist /Users/zhouming/Desktop/falcon/Pods/Target\ Support\ Files/JXPagingView/JXPagingView-Info.plist (in target 'JXPagingView' from project 'Pods')
    cd /Users/zhouming/Desktop/falcon/Pods
    builtin-infoPlistUtility /Users/zhouming/Desktop/falcon/Pods/Target\ Support\ Files/JXPagingView/JXPagingView-Info.plist -producttype com.apple.product-type.framework -expandbuildsettings -format binary -platform iphonesimulator -o /Users/zhouming/Library/Developer/Xcode/DerivedData/falcon-gsoilikaxsflzjexzrtqkcenvrbo/Build/Products/Release-iphonesimulator/JXPagingView/JXPagingView.framework/Info.plist

ProcessInfoPlistFile /Users/zhouming/Library/Developer/Xcode/DerivedData/falcon-gsoilikaxsflzjexzrtqkcenvrbo/Build/Products/Release-iphonesimulator/IQKeyboardNotification/IQKeyboardNotification.framework/Info.plist /Users/zhouming/Desktop/falcon/Pods/Target\ Support\ Files/IQKeyboardNotification/IQKeyboardNotification-Info.plist (in target 'IQKeyboardNotification' from project 'Pods')
    cd /Users/zhouming/Desktop/falcon/Pods
    builtin-infoPlistUtility /Users/zhouming/Desktop/falcon/Pods/Target\ Support\ Files/IQKeyboardNotification/IQKeyboardNotification-Info.plist -producttype com.apple.product-type.framework -expandbuildsettings -format binary -platform iphonesimulator -o /Users/zhouming/Library/Developer/Xcode/DerivedData/falcon-gsoilikaxsflzjexzrtqkcenvrbo/Build/Products/Release-iphonesimulator/IQKeyboardNotification/IQKeyboardNotification.framework/Info.plist

ProcessInfoPlistFile /Users/zhouming/Library/Developer/Xcode/DerivedData/falcon-gsoilikaxsflzjexzrtqkcenvrbo/Build/Products/Release-iphonesimulator/IQKeyboardCore/IQKeyboardCore.framework/Info.plist /Users/zhouming/Desktop/falcon/Pods/Target\ Support\ Files/IQKeyboardCore/IQKeyboardCore-Info.plist (in target 'IQKeyboardCore' from project 'Pods')
    cd /Users/zhouming/Desktop/falcon/Pods
    builtin-infoPlistUtility /Users/zhouming/Desktop/falcon/Pods/Target\ Support\ Files/IQKeyboardCore/IQKeyboardCore-Info.plist -producttype com.apple.product-type.framework -expandbuildsettings -format binary -platform iphonesimulator -o /Users/zhouming/Library/Developer/Xcode/DerivedData/falcon-gsoilikaxsflzjexzrtqkcenvrbo/Build/Products/Release-iphonesimulator/IQKeyboardCore/IQKeyboardCore.framework/Info.plist

ProcessInfoPlistFile /Users/zhouming/Library/Developer/Xcode/DerivedData/falcon-gsoilikaxsflzjexzrtqkcenvrbo/Build/Products/Release-iphonesimulator/Alamofire/Alamofire.framework/Info.plist /Users/zhouming/Desktop/falcon/Pods/Target\ Support\ Files/Alamofire/Alamofire-Info.plist (in target 'Alamofire' from project 'Pods')
    cd /Users/zhouming/Desktop/falcon/Pods
    builtin-infoPlistUtility /Users/zhouming/Desktop/falcon/Pods/Target\ Support\ Files/Alamofire/Alamofire-Info.plist -producttype com.apple.product-type.framework -expandbuildsettings -format binary -platform iphonesimulator -o /Users/zhouming/Library/Developer/Xcode/DerivedData/falcon-gsoilikaxsflzjexzrtqkcenvrbo/Build/Products/Release-iphonesimulator/Alamofire/Alamofire.framework/Info.plist

ProcessInfoPlistFile /Users/zhouming/Library/Developer/Xcode/DerivedData/falcon-gsoilikaxsflzjexzrtqkcenvrbo/Build/Products/Release-iphonesimulator/IQTextInputViewNotification/IQTextInputViewNotification.bundle/Info.plist /Users/zhouming/Desktop/falcon/Pods/Target\ Support\ Files/IQTextInputViewNotification/ResourceBundle-IQTextInputViewNotification-IQTextInputViewNotification-Info.plist (in target 'IQTextInputViewNotification-IQTextInputViewNotification' from project 'Pods')
    cd /Users/zhouming/Desktop/falcon/Pods
    builtin-infoPlistUtility /Users/zhouming/Desktop/falcon/Pods/Target\ Support\ Files/IQTextInputViewNotification/ResourceBundle-IQTextInputViewNotification-IQTextInputViewNotification-Info.plist -producttype com.apple.product-type.bundle -expandbuildsettings -format binary -platform iphonesimulator -o /Users/zhouming/Library/Developer/Xcode/DerivedData/falcon-gsoilikaxsflzjexzrtqkcenvrbo/Build/Products/Release-iphonesimulator/IQTextInputViewNotification/IQTextInputViewNotification.bundle/Info.plist

ProcessInfoPlistFile /Users/zhouming/Library/Developer/Xcode/DerivedData/falcon-gsoilikaxsflzjexzrtqkcenvrbo/Build/Products/Release-iphonesimulator/IQKeyboardToolbar/IQKeyboardToolbar.bundle/Info.plist /Users/zhouming/Desktop/falcon/Pods/Target\ Support\ Files/IQKeyboardToolbar/ResourceBundle-IQKeyboardToolbar-IQKeyboardToolbar-Info.plist (in target 'IQKeyboardToolbar-IQKeyboardToolbar' from project 'Pods')
    cd /Users/zhouming/Desktop/falcon/Pods
    builtin-infoPlistUtility /Users/zhouming/Desktop/falcon/Pods/Target\ Support\ Files/IQKeyboardToolbar/ResourceBundle-IQKeyboardToolbar-IQKeyboardToolbar-Info.plist -producttype com.apple.product-type.bundle -expandbuildsettings -format binary -platform iphonesimulator -o /Users/zhouming/Library/Developer/Xcode/DerivedData/falcon-gsoilikaxsflzjexzrtqkcenvrbo/Build/Products/Release-iphonesimulator/IQKeyboardToolbar/IQKeyboardToolbar.bundle/Info.plist

ProcessInfoPlistFile /Users/zhouming/Library/Developer/Xcode/DerivedData/falcon-gsoilikaxsflzjexzrtqkcenvrbo/Build/Products/Release-iphonesimulator/IQKeyboardReturnManager/IQKeyboardReturnManager.bundle/Info.plist /Users/zhouming/Desktop/falcon/Pods/Target\ Support\ Files/IQKeyboardReturnManager/ResourceBundle-IQKeyboardReturnManager-IQKeyboardReturnManager-Info.plist (in target 'IQKeyboardReturnManager-IQKeyboardReturnManager' from project 'Pods')
    cd /Users/zhouming/Desktop/falcon/Pods
    builtin-infoPlistUtility /Users/zhouming/Desktop/falcon/Pods/Target\ Support\ Files/IQKeyboardReturnManager/ResourceBundle-IQKeyboardReturnManager-IQKeyboardReturnManager-Info.plist -producttype com.apple.product-type.bundle -expandbuildsettings -format binary -platform iphonesimulator -o /Users/zhouming/Library/Developer/Xcode/DerivedData/falcon-gsoilikaxsflzjexzrtqkcenvrbo/Build/Products/Release-iphonesimulator/IQKeyboardReturnManager/IQKeyboardReturnManager.bundle/Info.plist

ProcessInfoPlistFile /Users/zhouming/Library/Developer/Xcode/DerivedData/falcon-gsoilikaxsflzjexzrtqkcenvrbo/Build/Products/Release-iphonesimulator/YQPhotoBrowser/YQPhotoBrowser.bundle/Info.plist /Users/zhouming/Desktop/falcon/Pods/Target\ Support\ Files/YQPhotoBrowser/ResourceBundle-YQPhotoBrowser-YQPhotoBrowser-Info.plist (in target 'YQPhotoBrowser-YQPhotoBrowser' from project 'Pods')
    cd /Users/zhouming/Desktop/falcon/Pods
    builtin-infoPlistUtility /Users/zhouming/Desktop/falcon/Pods/Target\ Support\ Files/YQPhotoBrowser/ResourceBundle-YQPhotoBrowser-YQPhotoBrowser-Info.plist -producttype com.apple.product-type.bundle -expandbuildsettings -format binary -platform iphonesimulator -additionalcontentfile /Users/zhouming/Library/Developer/Xcode/DerivedData/falcon-gsoilikaxsflzjexzrtqkcenvrbo/Build/Intermediates.noindex/Pods.build/Release-iphonesimulator/YQPhotoBrowser-YQPhotoBrowser.build/assetcatalog_generated_info.plist -o /Users/zhouming/Library/Developer/Xcode/DerivedData/falcon-gsoilikaxsflzjexzrtqkcenvrbo/Build/Products/Release-iphonesimulator/YQPhotoBrowser/YQPhotoBrowser.bundle/Info.plist

ProcessInfoPlistFile /Users/zhouming/Library/Developer/Xcode/DerivedData/falcon-gsoilikaxsflzjexzrtqkcenvrbo/Build/Products/Release-iphonesimulator/IQTextInputViewNotification/IQTextInputViewNotification.framework/Info.plist /Users/zhouming/Desktop/falcon/Pods/Target\ Support\ Files/IQTextInputViewNotification/IQTextInputViewNotification-Info.plist (in target 'IQTextInputViewNotification' from project 'Pods')
    cd /Users/zhouming/Desktop/falcon/Pods
    builtin-infoPlistUtility /Users/zhouming/Desktop/falcon/Pods/Target\ Support\ Files/IQTextInputViewNotification/IQTextInputViewNotification-Info.plist -producttype com.apple.product-type.framework -expandbuildsettings -format binary -platform iphonesimulator -o /Users/zhouming/Library/Developer/Xcode/DerivedData/falcon-gsoilikaxsflzjexzrtqkcenvrbo/Build/Products/Release-iphonesimulator/IQTextInputViewNotification/IQTextInputViewNotification.framework/Info.plist

ProcessInfoPlistFile /Users/zhouming/Library/Developer/Xcode/DerivedData/falcon-gsoilikaxsflzjexzrtqkcenvrbo/Build/Products/Release-iphonesimulator/IQKeyboardToolbar/IQKeyboardToolbar.framework/Info.plist /Users/zhouming/Desktop/falcon/Pods/Target\ Support\ Files/IQKeyboardToolbar/IQKeyboardToolbar-Info.plist (in target 'IQKeyboardToolbar' from project 'Pods')
    cd /Users/zhouming/Desktop/falcon/Pods
    builtin-infoPlistUtility /Users/zhouming/Desktop/falcon/Pods/Target\ Support\ Files/IQKeyboardToolbar/IQKeyboardToolbar-Info.plist -producttype com.apple.product-type.framework -expandbuildsettings -format binary -platform iphonesimulator -o /Users/zhouming/Library/Developer/Xcode/DerivedData/falcon-gsoilikaxsflzjexzrtqkcenvrbo/Build/Products/Release-iphonesimulator/IQKeyboardToolbar/IQKeyboardToolbar.framework/Info.plist

ProcessInfoPlistFile /Users/zhouming/Library/Developer/Xcode/DerivedData/falcon-gsoilikaxsflzjexzrtqkcenvrbo/Build/Products/Release-iphonesimulator/YQPhotoBrowser/YQPhotoBrowser.framework/Info.plist /Users/zhouming/Desktop/falcon/Pods/Target\ Support\ Files/YQPhotoBrowser/YQPhotoBrowser-Info.plist (in target 'YQPhotoBrowser' from project 'Pods')
    cd /Users/zhouming/Desktop/falcon/Pods
    builtin-infoPlistUtility /Users/zhouming/Desktop/falcon/Pods/Target\ Support\ Files/YQPhotoBrowser/YQPhotoBrowser-Info.plist -producttype com.apple.product-type.framework -expandbuildsettings -format binary -platform iphonesimulator -o /Users/zhouming/Library/Developer/Xcode/DerivedData/falcon-gsoilikaxsflzjexzrtqkcenvrbo/Build/Products/Release-iphonesimulator/YQPhotoBrowser/YQPhotoBrowser.framework/Info.plist

ProcessInfoPlistFile /Users/zhouming/Library/Developer/Xcode/DerivedData/falcon-gsoilikaxsflzjexzrtqkcenvrbo/Build/Products/Release-iphonesimulator/IQKeyboardReturnManager/IQKeyboardReturnManager.framework/Info.plist /Users/zhouming/Desktop/falcon/Pods/Target\ Support\ Files/IQKeyboardReturnManager/IQKeyboardReturnManager-Info.plist (in target 'IQKeyboardReturnManager' from project 'Pods')
    cd /Users/zhouming/Desktop/falcon/Pods
    builtin-infoPlistUtility /Users/zhouming/Desktop/falcon/Pods/Target\ Support\ Files/IQKeyboardReturnManager/IQKeyboardReturnManager-Info.plist -producttype com.apple.product-type.framework -expandbuildsettings -format binary -platform iphonesimulator -o /Users/zhouming/Library/Developer/Xcode/DerivedData/falcon-gsoilikaxsflzjexzrtqkcenvrbo/Build/Products/Release-iphonesimulator/IQKeyboardReturnManager/IQKeyboardReturnManager.framework/Info.plist

ProcessInfoPlistFile /Users/zhouming/Library/Developer/Xcode/DerivedData/falcon-gsoilikaxsflzjexzrtqkcenvrbo/Build/Products/Release-iphonesimulator/IQTextView/IQTextView.bundle/Info.plist /Users/zhouming/Desktop/falcon/Pods/Target\ Support\ Files/IQTextView/ResourceBundle-IQTextView-IQTextView-Info.plist (in target 'IQTextView-IQTextView' from project 'Pods')
    cd /Users/zhouming/Desktop/falcon/Pods
    builtin-infoPlistUtility /Users/zhouming/Desktop/falcon/Pods/Target\ Support\ Files/IQTextView/ResourceBundle-IQTextView-IQTextView-Info.plist -producttype com.apple.product-type.bundle -expandbuildsettings -format binary -platform iphonesimulator -o /Users/zhouming/Library/Developer/Xcode/DerivedData/falcon-gsoilikaxsflzjexzrtqkcenvrbo/Build/Products/Release-iphonesimulator/IQTextView/IQTextView.bundle/Info.plist

ProcessInfoPlistFile /Users/zhouming/Library/Developer/Xcode/DerivedData/falcon-gsoilikaxsflzjexzrtqkcenvrbo/Build/Products/Release-iphonesimulator/IQKeyboardToolbarManager/IQKeyboardToolbarManager.bundle/Info.plist /Users/zhouming/Desktop/falcon/Pods/Target\ Support\ Files/IQKeyboardToolbarManager/ResourceBundle-IQKeyboardToolbarManager-IQKeyboardToolbarManager-Info.plist (in target 'IQKeyboardToolbarManager-IQKeyboardToolbarManager' from project 'Pods')
    cd /Users/zhouming/Desktop/falcon/Pods
    builtin-infoPlistUtility /Users/zhouming/Desktop/falcon/Pods/Target\ Support\ Files/IQKeyboardToolbarManager/ResourceBundle-IQKeyboardToolbarManager-IQKeyboardToolbarManager-Info.plist -producttype com.apple.product-type.bundle -expandbuildsettings -format binary -platform iphonesimulator -o /Users/zhouming/Library/Developer/Xcode/DerivedData/falcon-gsoilikaxsflzjexzrtqkcenvrbo/Build/Products/Release-iphonesimulator/IQKeyboardToolbarManager/IQKeyboardToolbarManager.bundle/Info.plist

ProcessInfoPlistFile /Users/zhouming/Library/Developer/Xcode/DerivedData/falcon-gsoilikaxsflzjexzrtqkcenvrbo/Build/Products/Release-iphonesimulator/IQKeyboardToolbarManager/IQKeyboardToolbarManager.framework/Info.plist /Users/zhouming/Desktop/falcon/Pods/Target\ Support\ Files/IQKeyboardToolbarManager/IQKeyboardToolbarManager-Info.plist (in target 'IQKeyboardToolbarManager' from project 'Pods')
    cd /Users/zhouming/Desktop/falcon/Pods
    builtin-infoPlistUtility /Users/zhouming/Desktop/falcon/Pods/Target\ Support\ Files/IQKeyboardToolbarManager/IQKeyboardToolbarManager-Info.plist -producttype com.apple.product-type.framework -expandbuildsettings -format binary -platform iphonesimulator -o /Users/zhouming/Library/Developer/Xcode/DerivedData/falcon-gsoilikaxsflzjexzrtqkcenvrbo/Build/Products/Release-iphonesimulator/IQKeyboardToolbarManager/IQKeyboardToolbarManager.framework/Info.plist

ProcessInfoPlistFile /Users/zhouming/Library/Developer/Xcode/DerivedData/falcon-gsoilikaxsflzjexzrtqkcenvrbo/Build/Products/Release-iphonesimulator/IQTextView/IQTextView.framework/Info.plist /Users/zhouming/Desktop/falcon/Pods/Target\ Support\ Files/IQTextView/IQTextView-Info.plist (in target 'IQTextView' from project 'Pods')
    cd /Users/zhouming/Desktop/falcon/Pods
    builtin-infoPlistUtility /Users/zhouming/Desktop/falcon/Pods/Target\ Support\ Files/IQTextView/IQTextView-Info.plist -producttype com.apple.product-type.framework -expandbuildsettings -format binary -platform iphonesimulator -o /Users/zhouming/Library/Developer/Xcode/DerivedData/falcon-gsoilikaxsflzjexzrtqkcenvrbo/Build/Products/Release-iphonesimulator/IQTextView/IQTextView.framework/Info.plist

ProcessInfoPlistFile /Users/zhouming/Library/Developer/Xcode/DerivedData/falcon-gsoilikaxsflzjexzrtqkcenvrbo/Build/Products/Release-iphonesimulator/IQKeyboardManagerSwift/IQKeyboardManagerSwift.bundle/Info.plist /Users/zhouming/Desktop/falcon/Pods/Target\ Support\ Files/IQKeyboardManagerSwift/ResourceBundle-IQKeyboardManagerSwift-IQKeyboardManagerSwift-Info.plist (in target 'IQKeyboardManagerSwift-IQKeyboardManagerSwift' from project 'Pods')
    cd /Users/zhouming/Desktop/falcon/Pods
    builtin-infoPlistUtility /Users/zhouming/Desktop/falcon/Pods/Target\ Support\ Files/IQKeyboardManagerSwift/ResourceBundle-IQKeyboardManagerSwift-IQKeyboardManagerSwift-Info.plist -producttype com.apple.product-type.bundle -expandbuildsettings -format binary -platform iphonesimulator -o /Users/zhouming/Library/Developer/Xcode/DerivedData/falcon-gsoilikaxsflzjexzrtqkcenvrbo/Build/Products/Release-iphonesimulator/IQKeyboardManagerSwift/IQKeyboardManagerSwift.bundle/Info.plist

ProcessInfoPlistFile /Users/zhouming/Library/Developer/Xcode/DerivedData/falcon-gsoilikaxsflzjexzrtqkcenvrbo/Build/Products/Release-iphonesimulator/IQKeyboardManagerSwift/IQKeyboardManagerSwift.framework/Info.plist /Users/zhouming/Desktop/falcon/Pods/Target\ Support\ Files/IQKeyboardManagerSwift/IQKeyboardManagerSwift-Info.plist (in target 'IQKeyboardManagerSwift' from project 'Pods')
    cd /Users/zhouming/Desktop/falcon/Pods
    builtin-infoPlistUtility /Users/zhouming/Desktop/falcon/Pods/Target\ Support\ Files/IQKeyboardManagerSwift/IQKeyboardManagerSwift-Info.plist -producttype com.apple.product-type.framework -expandbuildsettings -format binary -platform iphonesimulator -o /Users/zhouming/Library/Developer/Xcode/DerivedData/falcon-gsoilikaxsflzjexzrtqkcenvrbo/Build/Products/Release-iphonesimulator/IQKeyboardManagerSwift/IQKeyboardManagerSwift.framework/Info.plist

ProcessInfoPlistFile /Users/zhouming/Library/Developer/Xcode/DerivedData/falcon-gsoilikaxsflzjexzrtqkcenvrbo/Build/Products/Release-iphonesimulator/Pods_falcon.framework/Info.plist /Users/zhouming/Desktop/falcon/Pods/Target\ Support\ Files/Pods-falcon/Pods-falcon-Info.plist (in target 'Pods-falcon' from project 'Pods')
    cd /Users/zhouming/Desktop/falcon/Pods
    builtin-infoPlistUtility /Users/zhouming/Desktop/falcon/Pods/Target\ Support\ Files/Pods-falcon/Pods-falcon-Info.plist -producttype com.apple.product-type.framework -expandbuildsettings -format binary -platform iphonesimulator -o /Users/zhouming/Library/Developer/Xcode/DerivedData/falcon-gsoilikaxsflzjexzrtqkcenvrbo/Build/Products/Release-iphonesimulator/Pods_falcon.framework/Info.plist

SwiftDriver falcon normal arm64 com.apple.xcode.tools.swift.compiler (in target 'falcon' from project 'falcon')
    cd /Users/zhouming/Desktop/falcon
    builtin-SwiftDriver -- /Applications/Xcode.app/Contents/Developer/Toolchains/XcodeDefault.xctoolchain/usr/bin/swiftc -module-name falcon -O -enforce-exclusivity\=checked @/Users/zhouming/Library/Developer/Xcode/DerivedData/falcon-gsoilikaxsflzjexzrtqkcenvrbo/Build/Intermediates.noindex/falcon.build/Release-iphonesimulator/falcon.build/Objects-normal/arm64/falcon.SwiftFileList -D COCOAPODS -default-isolation\=MainActor -enable-bare-slash-regex -enable-upcoming-feature DisableOutwardActorInference -enable-upcoming-feature InferSendableFromCaptures -enable-upcoming-feature GlobalActorIsolatedTypesUsability -enable-upcoming-feature MemberImportVisibility -enable-upcoming-feature InferIsolatedConformances -enable-upcoming-feature NonisolatedNonsendingByDefault -enable-experimental-feature DebugDescriptionMacro -sdk /Applications/Xcode.app/Contents/Developer/Platforms/iPhoneSimulator.platform/Developer/SDKs/iPhoneSimulator26.0.sdk -target arm64-apple-ios15.5-simulator -g -module-cache-path /Users/zhouming/Library/Developer/Xcode/DerivedData/ModuleCache.noindex -Xfrontend -serialize-debugging-options -profile-coverage-mapping -profile-generate -swift-version 5 -I /Users/zhouming/Library/Developer/Xcode/DerivedData/falcon-gsoilikaxsflzjexzrtqkcenvrbo/Build/Products/Release-iphonesimulator -F /Users/zhouming/Library/Developer/Xcode/DerivedData/falcon-gsoilikaxsflzjexzrtqkcenvrbo/Build/Products/Release-iphonesimulator -F /Users/zhouming/Library/Developer/Xcode/DerivedData/falcon-gsoilikaxsflzjexzrtqkcenvrbo/Build/Products/Release-iphonesimulator/Alamofire -F /Users/zhouming/Library/Developer/Xcode/DerivedData/falcon-gsoilikaxsflzjexzrtqkcenvrbo/Build/Products/Release-iphonesimulator/Cache -F /Users/zhouming/Library/Developer/Xcode/DerivedData/falcon-gsoilikaxsflzjexzrtqkcenvrbo/Build/Products/Release-iphonesimulator/DZNEmptyDataSet -F /Users/zhouming/Library/Developer/Xcode/DerivedData/falcon-gsoilikaxsflzjexzrtqkcenvrbo/Build/Products/Release-iphonesimulator/DisplayCriteria -F /Users/zhouming/Library/Developer/Xcode/DerivedData/falcon-gsoilikaxsflzjexzrtqkcenvrbo/Build/Products/Release-iphonesimulator/ESTabBarController-swift -F /Users/zhouming/Library/Developer/Xcode/DerivedData/falcon-gsoilikaxsflzjexzrtqkcenvrbo/Build/Products/Release-iphonesimulator/FFmpegKit -F /Users/zhouming/Library/Developer/Xcode/DerivedData/falcon-gsoilikaxsflzjexzrtqkcenvrbo/Build/Products/Release-iphonesimulator/IQKeyboardCore -F /Users/zhouming/Library/Developer/Xcode/DerivedData/falcon-gsoilikaxsflzjexzrtqkcenvrbo/Build/Products/Release-iphonesimulator/IQKeyboardManagerSwift -F /Users/zhouming/Library/Developer/Xcode/DerivedData/falcon-gsoilikaxsflzjexzrtqkcenvrbo/Build/Products/Release-iphonesimulator/IQKeyboardNotification -F /Users/zhouming/Library/Developer/Xcode/DerivedData/falcon-gsoilikaxsflzjexzrtqkcenvrbo/Build/Products/Release-iphonesimulator/IQKeyboardReturnManager -F /Users/zhouming/Library/Developer/Xcode/DerivedData/falcon-gsoilikaxsflzjexzrtqkcenvrbo/Build/Products/Release-iphonesimulator/IQKeyboardToolbar -F /Users/zhouming/Library/Developer/Xcode/DerivedData/falcon-gsoilikaxsflzjexzrtqkcenvrbo/Build/Products/Release-iphonesimulator/IQKeyboardToolbarManager -F /Users/zhouming/Library/Developer/Xcode/DerivedData/falcon-gsoilikaxsflzjexzrtqkcenvrbo/Build/Products/Release-iphonesimulator/IQTextInputViewNotification -F /Users/zhouming/Library/Developer/Xcode/DerivedData/falcon-gsoilikaxsflzjexzrtqkcenvrbo/Build/Products/Release-iphonesimulator/IQTextView -F /Users/zhouming/Library/Developer/Xcode/DerivedData/falcon-gsoilikaxsflzjexzrtqkcenvrbo/Build/Products/Release-iphonesimulator/JXPagingView -F /Users/zhouming/Library/Developer/Xcode/DerivedData/falcon-gsoilikaxsflzjexzrtqkcenvrbo/Build/Products/Release-iphonesimulator/JXSegmentedView -F /Users/zhouming/Library/Developer/Xcode/DerivedData/falcon-gsoilikaxsflzjexzrtqkcenvrbo/Build/Products/Release-iphonesimulator/KSPlayer -F /Users/zhouming/Library/Developer/Xcode/DerivedData/falcon-gsoilikaxsflzjexzrtqkcenvrbo/Build/Products/Release-iphonesimulator/Kingfisher -F /Users/zhouming/Library/Developer/Xcode/DerivedData/falcon-gsoilikaxsflzjexzrtqkcenvrbo/Build/Products/Release-iphonesimulator/MBProgressHUD -F /Users/zhouming/Library/Developer/Xcode/DerivedData/falcon-gsoilikaxsflzjexzrtqkcenvrbo/Build/Products/Release-iphonesimulator/SnapKit -F /Users/zhouming/Library/Developer/Xcode/DerivedData/falcon-gsoilikaxsflzjexzrtqkcenvrbo/Build/Products/Release-iphonesimulator/Toast -F /Users/zhouming/Library/Developer/Xcode/DerivedData/falcon-gsoilikaxsflzjexzrtqkcenvrbo/Build/Products/Release-iphonesimulator/YQKingfisher -F /Users/zhouming/Library/Developer/Xcode/DerivedData/falcon-gsoilikaxsflzjexzrtqkcenvrbo/Build/Products/Release-iphonesimulator/YQPhotoBrowser -F /Users/zhouming/Library/Developer/Xcode/DerivedData/falcon-gsoilikaxsflzjexzrtqkcenvrbo/Build/Products/Release-iphonesimulator/YYCache -F /Users/zhouming/Library/Developer/Xcode/DerivedData/falcon-gsoilikaxsflzjexzrtqkcenvrbo/Build/Products/Release-iphonesimulator/YYText -F /Users/zhouming/Library/Developer/Xcode/DerivedData/falcon-gsoilikaxsflzjexzrtqkcenvrbo/Build/Products/Release-iphonesimulator/ZLPhotoBrowser -F /Users/zhouming/Library/Developer/Xcode/DerivedData/falcon-gsoilikaxsflzjexzrtqkcenvrbo/Build/Products/Release-iphonesimulator/lottie-ios -F /Users/zhouming/Desktop/falcon/Pods/FFmpegKit/Sources -F /Users/zhouming/Desktop/falcon/Pods/Libass/Sources -F /Users/zhouming/Library/Developer/Xcode/DerivedData/falcon-gsoilikaxsflzjexzrtqkcenvrbo/Build/Products/Release-iphonesimulator/XCFrameworkIntermediates/FFmpegKit/FFmpegKit -F /Users/zhouming/Library/Developer/Xcode/DerivedData/falcon-gsoilikaxsflzjexzrtqkcenvrbo/Build/Products/Release-iphonesimulator/XCFrameworkIntermediates/Libass/Libass -emit-localized-strings -emit-localized-strings-path /Users/zhouming/Library/Developer/Xcode/DerivedData/falcon-gsoilikaxsflzjexzrtqkcenvrbo/Build/Intermediates.noindex/falcon.build/Release-iphonesimulator/falcon.build/Objects-normal/arm64 -c -j8 -enable-batch-mode -incremental -Xcc -ivfsstatcache -Xcc /Users/zhouming/Library/Developer/Xcode/DerivedData/SDKStatCaches.noindex/iphonesimulator26.0-23A339-3885c01c3e6b6a337905948deab2002e26257891a6c027eb51374368541b8346.sdkstatcache -output-file-map /Users/zhouming/Library/Developer/Xcode/DerivedData/falcon-gsoilikaxsflzjexzrtqkcenvrbo/Build/Intermediates.noindex/falcon.build/Release-iphonesimulator/falcon.build/Objects-normal/arm64/falcon-OutputFileMap.json -use-frontend-parseable-output -save-temps -no-color-diagnostics -explicit-module-build -module-cache-path /Users/zhouming/Library/Developer/Xcode/DerivedData/falcon-gsoilikaxsflzjexzrtqkcenvrbo/Build/Intermediates.noindex/SwiftExplicitPrecompiledModules -clang-scanner-module-cache-path /Users/zhouming/Library/Developer/Xcode/DerivedData/ModuleCache.noindex -sdk-module-cache-path /Users/zhouming/Library/Developer/Xcode/DerivedData/ModuleCache.noindex -serialize-diagnostics -emit-dependencies -emit-module -emit-module-path /Users/zhouming/Library/Developer/Xcode/DerivedData/falcon-gsoilikaxsflzjexzrtqkcenvrbo/Build/Intermediates.noindex/falcon.build/Release-iphonesimulator/falcon.build/Objects-normal/arm64/falcon.swiftmodule -validate-clang-modules-once -clang-build-session-file /Users/zhouming/Library/Developer/Xcode/DerivedData/ModuleCache.noindex/Session.modulevalidation -Xcc -I/Users/zhouming/Library/Developer/Xcode/DerivedData/falcon-gsoilikaxsflzjexzrtqkcenvrbo/Build/Intermediates.noindex/falcon.build/Release-iphonesimulator/falcon.build/swift-overrides.hmap -emit-const-values -Xfrontend -const-gather-protocols-file -Xfrontend /Users/zhouming/Library/Developer/Xcode/DerivedData/falcon-gsoilikaxsflzjexzrtqkcenvrbo/Build/Intermediates.noindex/falcon.build/Release-iphonesimulator/falcon.build/Objects-normal/arm64/falcon_const_extract_protocols.json -Xcc -iquote -Xcc /Users/zhouming/Library/Developer/Xcode/DerivedData/falcon-gsoilikaxsflzjexzrtqkcenvrbo/Build/Intermediates.noindex/falcon.build/Release-iphonesimulator/falcon.build/falcon-generated-files.hmap -Xcc -I/Users/zhouming/Library/Developer/Xcode/DerivedData/falcon-gsoilikaxsflzjexzrtqkcenvrbo/Build/Intermediates.noindex/falcon.build/Release-iphonesimulator/falcon.build/falcon-own-target-headers.hmap -Xcc -I/Users/zhouming/Library/Developer/Xcode/DerivedData/falcon-gsoilikaxsflzjexzrtqkcenvrbo/Build/Intermediates.noindex/falcon.build/Release-iphonesimulator/falcon.build/falcon-all-non-framework-target-headers.hmap -Xcc -ivfsoverlay -Xcc /Users/zhouming/Library/Developer/Xcode/DerivedData/falcon-gsoilikaxsflzjexzrtqkcenvrbo/Build/Intermediates.noindex/falcon.build/Release-iphonesimulator/falcon-0daf7a28aeb72ccd5ee13e2bf2731ec9-VFS-iphonesimulator/all-product-headers.yaml -Xcc -iquote -Xcc /Users/zhouming/Library/Developer/Xcode/DerivedData/falcon-gsoilikaxsflzjexzrtqkcenvrbo/Build/Intermediates.noindex/falcon.build/Release-iphonesimulator/falcon.build/falcon-project-headers.hmap -Xcc -I/Users/zhouming/Library/Developer/Xcode/DerivedData/falcon-gsoilikaxsflzjexzrtqkcenvrbo/Build/Products/Release-iphonesimulator/include -Xcc -I/Users/zhouming/Library/Developer/Xcode/DerivedData/falcon-gsoilikaxsflzjexzrtqkcenvrbo/Build/Products/Release-iphonesimulator/Alamofire/Alamofire.framework/Headers -Xcc -I/Users/zhouming/Library/Developer/Xcode/DerivedData/falcon-gsoilikaxsflzjexzrtqkcenvrbo/Build/Products/Release-iphonesimulator/Cache/Cache.framework/Headers -Xcc -I/Users/zhouming/Library/Developer/Xcode/DerivedData/falcon-gsoilikaxsflzjexzrtqkcenvrbo/Build/Products/Release-iphonesimulator/DZNEmptyDataSet/DZNEmptyDataSet.framework/Headers -Xcc -I/Users/zhouming/Library/Developer/Xcode/DerivedData/falcon-gsoilikaxsflzjexzrtqkcenvrbo/Build/Products/Release-iphonesimulator/DisplayCriteria/DisplayCriteria.framework/Headers -Xcc -I/Users/zhouming/Library/Developer/Xcode/DerivedData/falcon-gsoilikaxsflzjexzrtqkcenvrbo/Build/Products/Release-iphonesimulator/ESTabBarController-swift/ESTabBarController_swift.framework/Headers -Xcc -I/Users/zhouming/Library/Developer/Xcode/DerivedData/falcon-gsoilikaxsflzjexzrtqkcenvrbo/Build/Products/Release-iphonesimulator/FFmpegKit/FFmpegKit.framework/Headers -Xcc -I/Users/zhouming/Library/Developer/Xcode/DerivedData/falcon-gsoilikaxsflzjexzrtqkcenvrbo/Build/Products/Release-iphonesimulator/IQKeyboardCore/IQKeyboardCore.framework/Headers -Xcc -I/Users/zhouming/Library/Developer/Xcode/DerivedData/falcon-gsoilikaxsflzjexzrtqkcenvrbo/Build/Products/Release-iphonesimulator/IQKeyboardManagerSwift/IQKeyboardManagerSwift.framework/Headers -Xcc -I/Users/zhouming/Library/Developer/Xcode/DerivedData/falcon-gsoilikaxsflzjexzrtqkcenvrbo/Build/Products/Release-iphonesimulator/IQKeyboardNotification/IQKeyboardNotification.framework/Headers -Xcc -I/Users/zhouming/Library/Developer/Xcode/DerivedData/falcon-gsoilikaxsflzjexzrtqkcenvrbo/Build/Products/Release-iphonesimulator/IQKeyboardReturnManager/IQKeyboardReturnManager.framework/Headers -Xcc -I/Users/zhouming/Library/Developer/Xcode/DerivedData/falcon-gsoilikaxsflzjexzrtqkcenvrbo/Build/Products/Release-iphonesimulator/IQKeyboardToolbar/IQKeyboardToolbar.framework/Headers -Xcc -I/Users/zhouming/Library/Developer/Xcode/DerivedData/falcon-gsoilikaxsflzjexzrtqkcenvrbo/Build/Products/Release-iphonesimulator/IQKeyboardToolbarManager/IQKeyboardToolbarManager.framework/Headers -Xcc -I/Users/zhouming/Library/Developer/Xcode/DerivedData/falcon-gsoilikaxsflzjexzrtqkcenvrbo/Build/Products/Release-iphonesimulator/IQTextInputViewNotification/IQTextInputViewNotification.framework/Headers -Xcc -I/Users/zhouming/Library/Developer/Xcode/DerivedData/falcon-gsoilikaxsflzjexzrtqkcenvrbo/Build/Products/Release-iphonesimulator/IQTextView/IQTextView.framework/Headers -Xcc -I/Users/zhouming/Library/Developer/Xcode/DerivedData/falcon-gsoilikaxsflzjexzrtqkcenvrbo/Build/Products/Release-iphonesimulator/JXPagingView/JXPagingView.framework/Headers -Xcc -I/Users/zhouming/Library/Developer/Xcode/DerivedData/falcon-gsoilikaxsflzjexzrtqkcenvrbo/Build/Products/Release-iphonesimulator/JXSegmentedView/JXSegmentedView.framework/Headers -Xcc -I/Users/zhouming/Library/Developer/Xcode/DerivedData/falcon-gsoilikaxsflzjexzrtqkcenvrbo/Build/Products/Release-iphonesimulator/KSPlayer/KSPlayer.framework/Headers -Xcc -I/Users/zhouming/Library/Developer/Xcode/DerivedData/falcon-gsoilikaxsflzjexzrtqkcenvrbo/Build/Products/Release-iphonesimulator/Kingfisher/Kingfisher.framework/Headers -Xcc -I/Users/zhouming/Library/Developer/Xcode/DerivedData/falcon-gsoilikaxsflzjexzrtqkcenvrbo/Build/Products/Release-iphonesimulator/MBProgressHUD/MBProgressHUD.framework/Headers -Xcc -I/Users/zhouming/Library/Developer/Xcode/DerivedData/falcon-gsoilikaxsflzjexzrtqkcenvrbo/Build/Products/Release-iphonesimulator/SnapKit/SnapKit.framework/Headers -Xcc -I/Users/zhouming/Library/Developer/Xcode/DerivedData/falcon-gsoilikaxsflzjexzrtqkcenvrbo/Build/Products/Release-iphonesimulator/Toast/Toast.framework/Headers -Xcc -I/Users/zhouming/Library/Developer/Xcode/DerivedData/falcon-gsoilikaxsflzjexzrtqkcenvrbo/Build/Products/Release-iphonesimulator/YQKingfisher/YQKingfisher.framework/Headers -Xcc -I/Users/zhouming/Library/Developer/Xcode/DerivedData/falcon-gsoilikaxsflzjexzrtqkcenvrbo/Build/Products/Release-iphonesimulator/YQPhotoBrowser/YQPhotoBrowser.framework/Headers -Xcc -I/Users/zhouming/Library/Developer/Xcode/DerivedData/falcon-gsoilikaxsflzjexzrtqkcenvrbo/Build/Products/Release-iphonesimulator/YYCache/YYCache.framework/Headers -Xcc -I/Users/zhouming/Library/Developer/Xcode/DerivedData/falcon-gsoilikaxsflzjexzrtqkcenvrbo/Build/Products/Release-iphonesimulator/YYText/YYText.framework/Headers -Xcc -I/Users/zhouming/Library/Developer/Xcode/DerivedData/falcon-gsoilikaxsflzjexzrtqkcenvrbo/Build/Products/Release-iphonesimulator/ZLPhotoBrowser/ZLPhotoBrowser.framework/Headers -Xcc -I/Users/zhouming/Library/Developer/Xcode/DerivedData/falcon-gsoilikaxsflzjexzrtqkcenvrbo/Build/Products/Release-iphonesimulator/lottie-ios/Lottie.framework/Headers -Xcc -I/Users/zhouming/Library/Developer/Xcode/DerivedData/falcon-gsoilikaxsflzjexzrtqkcenvrbo/Build/Products/Release-iphonesimulator/XCFrameworkIntermediates/FFmpegKit/FFmpegKit/Headers -Xcc -I/Users/zhouming/Library/Developer/Xcode/DerivedData/falcon-gsoilikaxsflzjexzrtqkcenvrbo/Build/Intermediates.noindex/falcon.build/Release-iphonesimulator/falcon.build/DerivedSources-normal/arm64 -Xcc -I/Users/zhouming/Library/Developer/Xcode/DerivedData/falcon-gsoilikaxsflzjexzrtqkcenvrbo/Build/Intermediates.noindex/falcon.build/Release-iphonesimulator/falcon.build/DerivedSources/arm64 -Xcc -I/Users/zhouming/Library/Developer/Xcode/DerivedData/falcon-gsoilikaxsflzjexzrtqkcenvrbo/Build/Intermediates.noindex/falcon.build/Release-iphonesimulator/falcon.build/DerivedSources -Xcc -DCOCOAPODS\=1 -emit-objc-header -emit-objc-header-path /Users/zhouming/Library/Developer/Xcode/DerivedData/falcon-gsoilikaxsflzjexzrtqkcenvrbo/Build/Intermediates.noindex/falcon.build/Release-iphonesimulator/falcon.build/Objects-normal/arm64/falcon-Swift.h -working-directory /Users/zhouming/Desktop/falcon -experimental-emit-module-separately -disable-cmo

SwiftDriver falcon normal x86_64 com.apple.xcode.tools.swift.compiler (in target 'falcon' from project 'falcon')
    cd /Users/zhouming/Desktop/falcon
    builtin-SwiftDriver -- /Applications/Xcode.app/Contents/Developer/Toolchains/XcodeDefault.xctoolchain/usr/bin/swiftc -module-name falcon -O -enforce-exclusivity\=checked @/Users/zhouming/Library/Developer/Xcode/DerivedData/falcon-gsoilikaxsflzjexzrtqkcenvrbo/Build/Intermediates.noindex/falcon.build/Release-iphonesimulator/falcon.build/Objects-normal/x86_64/falcon.SwiftFileList -D COCOAPODS -default-isolation\=MainActor -enable-bare-slash-regex -enable-upcoming-feature DisableOutwardActorInference -enable-upcoming-feature InferSendableFromCaptures -enable-upcoming-feature GlobalActorIsolatedTypesUsability -enable-upcoming-feature MemberImportVisibility -enable-upcoming-feature InferIsolatedConformances -enable-upcoming-feature NonisolatedNonsendingByDefault -enable-experimental-feature DebugDescriptionMacro -sdk /Applications/Xcode.app/Contents/Developer/Platforms/iPhoneSimulator.platform/Developer/SDKs/iPhoneSimulator26.0.sdk -target x86_64-apple-ios15.5-simulator -g -module-cache-path /Users/zhouming/Library/Developer/Xcode/DerivedData/ModuleCache.noindex -Xfrontend -serialize-debugging-options -profile-coverage-mapping -profile-generate -swift-version 5 -I /Users/zhouming/Library/Developer/Xcode/DerivedData/falcon-gsoilikaxsflzjexzrtqkcenvrbo/Build/Products/Release-iphonesimulator -F /Users/zhouming/Library/Developer/Xcode/DerivedData/falcon-gsoilikaxsflzjexzrtqkcenvrbo/Build/Products/Release-iphonesimulator -F /Users/zhouming/Library/Developer/Xcode/DerivedData/falcon-gsoilikaxsflzjexzrtqkcenvrbo/Build/Products/Release-iphonesimulator/Alamofire -F /Users/zhouming/Library/Developer/Xcode/DerivedData/falcon-gsoilikaxsflzjexzrtqkcenvrbo/Build/Products/Release-iphonesimulator/Cache -F /Users/zhouming/Library/Developer/Xcode/DerivedData/falcon-gsoilikaxsflzjexzrtqkcenvrbo/Build/Products/Release-iphonesimulator/DZNEmptyDataSet -F /Users/zhouming/Library/Developer/Xcode/DerivedData/falcon-gsoilikaxsflzjexzrtqkcenvrbo/Build/Products/Release-iphonesimulator/DisplayCriteria -F /Users/zhouming/Library/Developer/Xcode/DerivedData/falcon-gsoilikaxsflzjexzrtqkcenvrbo/Build/Products/Release-iphonesimulator/ESTabBarController-swift -F /Users/zhouming/Library/Developer/Xcode/DerivedData/falcon-gsoilikaxsflzjexzrtqkcenvrbo/Build/Products/Release-iphonesimulator/FFmpegKit -F /Users/zhouming/Library/Developer/Xcode/DerivedData/falcon-gsoilikaxsflzjexzrtqkcenvrbo/Build/Products/Release-iphonesimulator/IQKeyboardCore -F /Users/zhouming/Library/Developer/Xcode/DerivedData/falcon-gsoilikaxsflzjexzrtqkcenvrbo/Build/Products/Release-iphonesimulator/IQKeyboardManagerSwift -F /Users/zhouming/Library/Developer/Xcode/DerivedData/falcon-gsoilikaxsflzjexzrtqkcenvrbo/Build/Products/Release-iphonesimulator/IQKeyboardNotification -F /Users/zhouming/Library/Developer/Xcode/DerivedData/falcon-gsoilikaxsflzjexzrtqkcenvrbo/Build/Products/Release-iphonesimulator/IQKeyboardReturnManager -F /Users/zhouming/Library/Developer/Xcode/DerivedData/falcon-gsoilikaxsflzjexzrtqkcenvrbo/Build/Products/Release-iphonesimulator/IQKeyboardToolbar -F /Users/zhouming/Library/Developer/Xcode/DerivedData/falcon-gsoilikaxsflzjexzrtqkcenvrbo/Build/Products/Release-iphonesimulator/IQKeyboardToolbarManager -F /Users/zhouming/Library/Developer/Xcode/DerivedData/falcon-gsoilikaxsflzjexzrtqkcenvrbo/Build/Products/Release-iphonesimulator/IQTextInputViewNotification -F /Users/zhouming/Library/Developer/Xcode/DerivedData/falcon-gsoilikaxsflzjexzrtqkcenvrbo/Build/Products/Release-iphonesimulator/IQTextView -F /Users/zhouming/Library/Developer/Xcode/DerivedData/falcon-gsoilikaxsflzjexzrtqkcenvrbo/Build/Products/Release-iphonesimulator/JXPagingView -F /Users/zhouming/Library/Developer/Xcode/DerivedData/falcon-gsoilikaxsflzjexzrtqkcenvrbo/Build/Products/Release-iphonesimulator/JXSegmentedView -F /Users/zhouming/Library/Developer/Xcode/DerivedData/falcon-gsoilikaxsflzjexzrtqkcenvrbo/Build/Products/Release-iphonesimulator/KSPlayer -F /Users/zhouming/Library/Developer/Xcode/DerivedData/falcon-gsoilikaxsflzjexzrtqkcenvrbo/Build/Products/Release-iphonesimulator/Kingfisher -F /Users/zhouming/Library/Developer/Xcode/DerivedData/falcon-gsoilikaxsflzjexzrtqkcenvrbo/Build/Products/Release-iphonesimulator/MBProgressHUD -F /Users/zhouming/Library/Developer/Xcode/DerivedData/falcon-gsoilikaxsflzjexzrtqkcenvrbo/Build/Products/Release-iphonesimulator/SnapKit -F /Users/zhouming/Library/Developer/Xcode/DerivedData/falcon-gsoilikaxsflzjexzrtqkcenvrbo/Build/Products/Release-iphonesimulator/Toast -F /Users/zhouming/Library/Developer/Xcode/DerivedData/falcon-gsoilikaxsflzjexzrtqkcenvrbo/Build/Products/Release-iphonesimulator/YQKingfisher -F /Users/zhouming/Library/Developer/Xcode/DerivedData/falcon-gsoilikaxsflzjexzrtqkcenvrbo/Build/Products/Release-iphonesimulator/YQPhotoBrowser -F /Users/zhouming/Library/Developer/Xcode/DerivedData/falcon-gsoilikaxsflzjexzrtqkcenvrbo/Build/Products/Release-iphonesimulator/YYCache -F /Users/zhouming/Library/Developer/Xcode/DerivedData/falcon-gsoilikaxsflzjexzrtqkcenvrbo/Build/Products/Release-iphonesimulator/YYText -F /Users/zhouming/Library/Developer/Xcode/DerivedData/falcon-gsoilikaxsflzjexzrtqkcenvrbo/Build/Products/Release-iphonesimulator/ZLPhotoBrowser -F /Users/zhouming/Library/Developer/Xcode/DerivedData/falcon-gsoilikaxsflzjexzrtqkcenvrbo/Build/Products/Release-iphonesimulator/lottie-ios -F /Users/zhouming/Desktop/falcon/Pods/FFmpegKit/Sources -F /Users/zhouming/Desktop/falcon/Pods/Libass/Sources -F /Users/zhouming/Library/Developer/Xcode/DerivedData/falcon-gsoilikaxsflzjexzrtqkcenvrbo/Build/Products/Release-iphonesimulator/XCFrameworkIntermediates/FFmpegKit/FFmpegKit -F /Users/zhouming/Library/Developer/Xcode/DerivedData/falcon-gsoilikaxsflzjexzrtqkcenvrbo/Build/Products/Release-iphonesimulator/XCFrameworkIntermediates/Libass/Libass -emit-localized-strings -emit-localized-strings-path /Users/zhouming/Library/Developer/Xcode/DerivedData/falcon-gsoilikaxsflzjexzrtqkcenvrbo/Build/Intermediates.noindex/falcon.build/Release-iphonesimulator/falcon.build/Objects-normal/x86_64 -c -j8 -enable-batch-mode -incremental -Xcc -ivfsstatcache -Xcc /Users/zhouming/Library/Developer/Xcode/DerivedData/SDKStatCaches.noindex/iphonesimulator26.0-23A339-3885c01c3e6b6a337905948deab2002e26257891a6c027eb51374368541b8346.sdkstatcache -output-file-map /Users/zhouming/Library/Developer/Xcode/DerivedData/falcon-gsoilikaxsflzjexzrtqkcenvrbo/Build/Intermediates.noindex/falcon.build/Release-iphonesimulator/falcon.build/Objects-normal/x86_64/falcon-OutputFileMap.json -use-frontend-parseable-output -save-temps -no-color-diagnostics -explicit-module-build -module-cache-path /Users/zhouming/Library/Developer/Xcode/DerivedData/falcon-gsoilikaxsflzjexzrtqkcenvrbo/Build/Intermediates.noindex/SwiftExplicitPrecompiledModules -clang-scanner-module-cache-path /Users/zhouming/Library/Developer/Xcode/DerivedData/ModuleCache.noindex -sdk-module-cache-path /Users/zhouming/Library/Developer/Xcode/DerivedData/ModuleCache.noindex -serialize-diagnostics -emit-dependencies -emit-module -emit-module-path /Users/zhouming/Library/Developer/Xcode/DerivedData/falcon-gsoilikaxsflzjexzrtqkcenvrbo/Build/Intermediates.noindex/falcon.build/Release-iphonesimulator/falcon.build/Objects-normal/x86_64/falcon.swiftmodule -validate-clang-modules-once -clang-build-session-file /Users/zhouming/Library/Developer/Xcode/DerivedData/ModuleCache.noindex/Session.modulevalidation -Xcc -I/Users/zhouming/Library/Developer/Xcode/DerivedData/falcon-gsoilikaxsflzjexzrtqkcenvrbo/Build/Intermediates.noindex/falcon.build/Release-iphonesimulator/falcon.build/swift-overrides.hmap -emit-const-values -Xfrontend -const-gather-protocols-file -Xfrontend /Users/zhouming/Library/Developer/Xcode/DerivedData/falcon-gsoilikaxsflzjexzrtqkcenvrbo/Build/Intermediates.noindex/falcon.build/Release-iphonesimulator/falcon.build/Objects-normal/x86_64/falcon_const_extract_protocols.json -Xcc -iquote -Xcc /Users/zhouming/Library/Developer/Xcode/DerivedData/falcon-gsoilikaxsflzjexzrtqkcenvrbo/Build/Intermediates.noindex/falcon.build/Release-iphonesimulator/falcon.build/falcon-generated-files.hmap -Xcc -I/Users/zhouming/Library/Developer/Xcode/DerivedData/falcon-gsoilikaxsflzjexzrtqkcenvrbo/Build/Intermediates.noindex/falcon.build/Release-iphonesimulator/falcon.build/falcon-own-target-headers.hmap -Xcc -I/Users/zhouming/Library/Developer/Xcode/DerivedData/falcon-gsoilikaxsflzjexzrtqkcenvrbo/Build/Intermediates.noindex/falcon.build/Release-iphonesimulator/falcon.build/falcon-all-non-framework-target-headers.hmap -Xcc -ivfsoverlay -Xcc /Users/zhouming/Library/Developer/Xcode/DerivedData/falcon-gsoilikaxsflzjexzrtqkcenvrbo/Build/Intermediates.noindex/falcon.build/Release-iphonesimulator/falcon-0daf7a28aeb72ccd5ee13e2bf2731ec9-VFS-iphonesimulator/all-product-headers.yaml -Xcc -iquote -Xcc /Users/zhouming/Library/Developer/Xcode/DerivedData/falcon-gsoilikaxsflzjexzrtqkcenvrbo/Build/Intermediates.noindex/falcon.build/Release-iphonesimulator/falcon.build/falcon-project-headers.hmap -Xcc -I/Users/zhouming/Library/Developer/Xcode/DerivedData/falcon-gsoilikaxsflzjexzrtqkcenvrbo/Build/Products/Release-iphonesimulator/include -Xcc -I/Users/zhouming/Library/Developer/Xcode/DerivedData/falcon-gsoilikaxsflzjexzrtqkcenvrbo/Build/Products/Release-iphonesimulator/Alamofire/Alamofire.framework/Headers -Xcc -I/Users/zhouming/Library/Developer/Xcode/DerivedData/falcon-gsoilikaxsflzjexzrtqkcenvrbo/Build/Products/Release-iphonesimulator/Cache/Cache.framework/Headers -Xcc -I/Users/zhouming/Library/Developer/Xcode/DerivedData/falcon-gsoilikaxsflzjexzrtqkcenvrbo/Build/Products/Release-iphonesimulator/DZNEmptyDataSet/DZNEmptyDataSet.framework/Headers -Xcc -I/Users/zhouming/Library/Developer/Xcode/DerivedData/falcon-gsoilikaxsflzjexzrtqkcenvrbo/Build/Products/Release-iphonesimulator/DisplayCriteria/DisplayCriteria.framework/Headers -Xcc -I/Users/zhouming/Library/Developer/Xcode/DerivedData/falcon-gsoilikaxsflzjexzrtqkcenvrbo/Build/Products/Release-iphonesimulator/ESTabBarController-swift/ESTabBarController_swift.framework/Headers -Xcc -I/Users/zhouming/Library/Developer/Xcode/DerivedData/falcon-gsoilikaxsflzjexzrtqkcenvrbo/Build/Products/Release-iphonesimulator/FFmpegKit/FFmpegKit.framework/Headers -Xcc -I/Users/zhouming/Library/Developer/Xcode/DerivedData/falcon-gsoilikaxsflzjexzrtqkcenvrbo/Build/Products/Release-iphonesimulator/IQKeyboardCore/IQKeyboardCore.framework/Headers -Xcc -I/Users/zhouming/Library/Developer/Xcode/DerivedData/falcon-gsoilikaxsflzjexzrtqkcenvrbo/Build/Products/Release-iphonesimulator/IQKeyboardManagerSwift/IQKeyboardManagerSwift.framework/Headers -Xcc -I/Users/zhouming/Library/Developer/Xcode/DerivedData/falcon-gsoilikaxsflzjexzrtqkcenvrbo/Build/Products/Release-iphonesimulator/IQKeyboardNotification/IQKeyboardNotification.framework/Headers -Xcc -I/Users/zhouming/Library/Developer/Xcode/DerivedData/falcon-gsoilikaxsflzjexzrtqkcenvrbo/Build/Products/Release-iphonesimulator/IQKeyboardReturnManager/IQKeyboardReturnManager.framework/Headers -Xcc -I/Users/zhouming/Library/Developer/Xcode/DerivedData/falcon-gsoilikaxsflzjexzrtqkcenvrbo/Build/Products/Release-iphonesimulator/IQKeyboardToolbar/IQKeyboardToolbar.framework/Headers -Xcc -I/Users/zhouming/Library/Developer/Xcode/DerivedData/falcon-gsoilikaxsflzjexzrtqkcenvrbo/Build/Products/Release-iphonesimulator/IQKeyboardToolbarManager/IQKeyboardToolbarManager.framework/Headers -Xcc -I/Users/zhouming/Library/Developer/Xcode/DerivedData/falcon-gsoilikaxsflzjexzrtqkcenvrbo/Build/Products/Release-iphonesimulator/IQTextInputViewNotification/IQTextInputViewNotification.framework/Headers -Xcc -I/Users/zhouming/Library/Developer/Xcode/DerivedData/falcon-gsoilikaxsflzjexzrtqkcenvrbo/Build/Products/Release-iphonesimulator/IQTextView/IQTextView.framework/Headers -Xcc -I/Users/zhouming/Library/Developer/Xcode/DerivedData/falcon-gsoilikaxsflzjexzrtqkcenvrbo/Build/Products/Release-iphonesimulator/JXPagingView/JXPagingView.framework/Headers -Xcc -I/Users/zhouming/Library/Developer/Xcode/DerivedData/falcon-gsoilikaxsflzjexzrtqkcenvrbo/Build/Products/Release-iphonesimulator/JXSegmentedView/JXSegmentedView.framework/Headers -Xcc -I/Users/zhouming/Library/Developer/Xcode/DerivedData/falcon-gsoilikaxsflzjexzrtqkcenvrbo/Build/Products/Release-iphonesimulator/KSPlayer/KSPlayer.framework/Headers -Xcc -I/Users/zhouming/Library/Developer/Xcode/DerivedData/falcon-gsoilikaxsflzjexzrtqkcenvrbo/Build/Products/Release-iphonesimulator/Kingfisher/Kingfisher.framework/Headers -Xcc -I/Users/zhouming/Library/Developer/Xcode/DerivedData/falcon-gsoilikaxsflzjexzrtqkcenvrbo/Build/Products/Release-iphonesimulator/MBProgressHUD/MBProgressHUD.framework/Headers -Xcc -I/Users/zhouming/Library/Developer/Xcode/DerivedData/falcon-gsoilikaxsflzjexzrtqkcenvrbo/Build/Products/Release-iphonesimulator/SnapKit/SnapKit.framework/Headers -Xcc -I/Users/zhouming/Library/Developer/Xcode/DerivedData/falcon-gsoilikaxsflzjexzrtqkcenvrbo/Build/Products/Release-iphonesimulator/Toast/Toast.framework/Headers -Xcc -I/Users/zhouming/Library/Developer/Xcode/DerivedData/falcon-gsoilikaxsflzjexzrtqkcenvrbo/Build/Products/Release-iphonesimulator/YQKingfisher/YQKingfisher.framework/Headers -Xcc -I/Users/zhouming/Library/Developer/Xcode/DerivedData/falcon-gsoilikaxsflzjexzrtqkcenvrbo/Build/Products/Release-iphonesimulator/YQPhotoBrowser/YQPhotoBrowser.framework/Headers -Xcc -I/Users/zhouming/Library/Developer/Xcode/DerivedData/falcon-gsoilikaxsflzjexzrtqkcenvrbo/Build/Products/Release-iphonesimulator/YYCache/YYCache.framework/Headers -Xcc -I/Users/zhouming/Library/Developer/Xcode/DerivedData/falcon-gsoilikaxsflzjexzrtqkcenvrbo/Build/Products/Release-iphonesimulator/YYText/YYText.framework/Headers -Xcc -I/Users/zhouming/Library/Developer/Xcode/DerivedData/falcon-gsoilikaxsflzjexzrtqkcenvrbo/Build/Products/Release-iphonesimulator/ZLPhotoBrowser/ZLPhotoBrowser.framework/Headers -Xcc -I/Users/zhouming/Library/Developer/Xcode/DerivedData/falcon-gsoilikaxsflzjexzrtqkcenvrbo/Build/Products/Release-iphonesimulator/lottie-ios/Lottie.framework/Headers -Xcc -I/Users/zhouming/Library/Developer/Xcode/DerivedData/falcon-gsoilikaxsflzjexzrtqkcenvrbo/Build/Products/Release-iphonesimulator/XCFrameworkIntermediates/FFmpegKit/FFmpegKit/Headers -Xcc -I/Users/zhouming/Library/Developer/Xcode/DerivedData/falcon-gsoilikaxsflzjexzrtqkcenvrbo/Build/Intermediates.noindex/falcon.build/Release-iphonesimulator/falcon.build/DerivedSources-normal/x86_64 -Xcc -I/Users/zhouming/Library/Developer/Xcode/DerivedData/falcon-gsoilikaxsflzjexzrtqkcenvrbo/Build/Intermediates.noindex/falcon.build/Release-iphonesimulator/falcon.build/DerivedSources/x86_64 -Xcc -I/Users/zhouming/Library/Developer/Xcode/DerivedData/falcon-gsoilikaxsflzjexzrtqkcenvrbo/Build/Intermediates.noindex/falcon.build/Release-iphonesimulator/falcon.build/DerivedSources -Xcc -DCOCOAPODS\=1 -emit-objc-header -emit-objc-header-path /Users/zhouming/Library/Developer/Xcode/DerivedData/falcon-gsoilikaxsflzjexzrtqkcenvrbo/Build/Intermediates.noindex/falcon.build/Release-iphonesimulator/falcon.build/Objects-normal/x86_64/falcon-Swift.h -working-directory /Users/zhouming/Desktop/falcon -experimental-emit-module-separately -disable-cmo

ProcessInfoPlistFile /Users/zhouming/Library/Developer/Xcode/DerivedData/falcon-gsoilikaxsflzjexzrtqkcenvrbo/Build/Products/Release-iphonesimulator/falcon.app/Info.plist /Users/zhouming/Desktop/falcon/falcon/Info.plist (in target 'falcon' from project 'falcon')
    cd /Users/zhouming/Desktop/falcon
    builtin-infoPlistUtility /Users/zhouming/Desktop/falcon/falcon/Info.plist -producttype com.apple.product-type.application -genpkginfo /Users/zhouming/Library/Developer/Xcode/DerivedData/falcon-gsoilikaxsflzjexzrtqkcenvrbo/Build/Products/Release-iphonesimulator/falcon.app/PkgInfo -expandbuildsettings -format binary -platform iphonesimulator -additionalcontentfile /Users/zhouming/Library/Developer/Xcode/DerivedData/falcon-gsoilikaxsflzjexzrtqkcenvrbo/Build/Intermediates.noindex/falcon.build/Release-iphonesimulator/falcon.build/Base.lproj/LaunchScreen-SBPartialInfo.plist -additionalcontentfile /Users/zhouming/Library/Developer/Xcode/DerivedData/falcon-gsoilikaxsflzjexzrtqkcenvrbo/Build/Intermediates.noindex/falcon.build/Release-iphonesimulator/falcon.build/assetcatalog_generated_info.plist -o /Users/zhouming/Library/Developer/Xcode/DerivedData/falcon-gsoilikaxsflzjexzrtqkcenvrbo/Build/Products/Release-iphonesimulator/falcon.app/Info.plist

SwiftCompile normal arm64 Compiling\ NetworkDemoViewController.swift,\ PerformanceCPUDemoViewController.swift,\ PerformanceGPUDemoViewController.swift,\ DZNEmptyDataSetUsageViewController.swift,\ JXPagingNestedSegmentViewController.swift,\ JXPagingViewUseViewController.swift,\ MDFullscreenPopGesture.swift,\ UINavigationBarController+MDFullscreenPopGestureExtension.swift,\ UIViewController+MDFullscreenPopGestureExtension.swift,\ MDScrollView.swift,\ SegmentedViewUseViewController.swift,\ PhotoBrowerViewController.swift,\ UsageThirdPartyViewController.swift,\ CacheManager.swift,\ NetworkInterceptor.swift,\ APIRouter.swift,\ BaseResponse.swift /Users/zhouming/Desktop/falcon/falcon/Demos/Network/Alamofire/NetworkDemoViewController.swift /Users/zhouming/Desktop/falcon/falcon/Demos/Performance/PerformanceCPUDemoViewController.swift /Users/zhouming/Desktop/falcon/falcon/Demos/Performance/PerformanceGPUDemoViewController.swift /Users/zhouming/Desktop/falcon/falcon/Demos/ThirdParty/DZNEmptyDataSet/Usage/DZNEmptyDataSetUsageViewController.swift /Users/zhouming/Desktop/falcon/falcon/Demos/ThirdParty/JXPagingView/Nest/JXPagingNestedSegmentViewController.swift /Users/zhouming/Desktop/falcon/falcon/Demos/ThirdParty/JXPagingView/JXPagingViewUseViewController.swift /Users/zhouming/Desktop/falcon/falcon/Demos/ThirdParty/MDFullscreenPopGesture/MDFullscreenPopGesture.swift /Users/zhouming/Desktop/falcon/falcon/Demos/ThirdParty/MDFullscreenPopGesture/UINavigationBarController+MDFullscreenPopGestureExtension.swift /Users/zhouming/Desktop/falcon/falcon/Demos/ThirdParty/MDFullscreenPopGesture/UIViewController+MDFullscreenPopGestureExtension.swift /Users/zhouming/Desktop/falcon/falcon/Demos/ThirdParty/SegmentedView/MDScrollView.swift /Users/zhouming/Desktop/falcon/falcon/Demos/ThirdParty/SegmentedView/SegmentedViewUseViewController.swift /Users/zhouming/Desktop/falcon/falcon/Demos/ThirdParty/ZLPhotoBrowser/PhotoBrowerViewController.swift /Users/zhouming/Desktop/falcon/falcon/Demos/ThirdParty/UsageThirdPartyViewController.swift /Users/zhouming/Desktop/falcon/falcon/LearningModules/Alamofire/Encapsulation/Feature/CacheManager.swift /Users/zhouming/Desktop/falcon/falcon/LearningModules/Alamofire/Encapsulation/Feature/NetworkInterceptor.swift /Users/zhouming/Desktop/falcon/falcon/LearningModules/Alamofire/Encapsulation/APIRouter.swift /Users/zhouming/Desktop/falcon/falcon/LearningModules/Alamofire/Encapsulation/BaseResponse.swift (in target 'falcon' from project 'falcon')
SwiftCompile normal arm64 /Users/zhouming/Desktop/falcon/falcon/Demos/Network/Alamofire/NetworkDemoViewController.swift (in target 'falcon' from project 'falcon')
    cd /Users/zhouming/Desktop/falcon
    
/Users/zhouming/Desktop/falcon/falcon/Demos/Network/Alamofire/NetworkDemoViewController.swift:112:40: warning: main actor-isolated conformance of 'DemoGistModel' to 'Decodable' cannot be used in nonisolated context; this is an error in the Swift 6 language mode
                if let data = response.data {
                                       ^
/Users/zhouming/Desktop/falcon/falcon/Demos/Network/Alamofire/NetworkDemoViewController.swift:122:50: warning: main actor-isolated conformance of 'DemoBaseResponse<DemoGistModel>' to 'Decodable' cannot be used in nonisolated context; this is an error in the Swift 6 language mode
                    self.cache.setObject(object: response, for: self.cacheKey)
                                                 ^

SwiftCompile normal arm64 /Users/zhouming/Desktop/falcon/falcon/Demos/Performance/PerformanceCPUDemoViewController.swift (in target 'falcon' from project 'falcon')
    cd /Users/zhouming/Desktop/falcon
    

SwiftCompile normal arm64 /Users/zhouming/Desktop/falcon/falcon/Demos/Performance/PerformanceGPUDemoViewController.swift (in target 'falcon' from project 'falcon')
    cd /Users/zhouming/Desktop/falcon
    

SwiftCompile normal arm64 /Users/zhouming/Desktop/falcon/falcon/Demos/ThirdParty/DZNEmptyDataSet/Usage/DZNEmptyDataSetUsageViewController.swift (in target 'falcon' from project 'falcon')
    cd /Users/zhouming/Desktop/falcon
    

SwiftCompile normal arm64 /Users/zhouming/Desktop/falcon/falcon/Demos/ThirdParty/JXPagingView/Nest/JXPagingNestedSegmentViewController.swift (in target 'falcon' from project 'falcon')
    cd /Users/zhouming/Desktop/falcon
    

SwiftCompile normal arm64 /Users/zhouming/Desktop/falcon/falcon/Demos/ThirdParty/JXPagingView/JXPagingViewUseViewController.swift (in target 'falcon' from project 'falcon')
    cd /Users/zhouming/Desktop/falcon
    

SwiftCompile normal arm64 /Users/zhouming/Desktop/falcon/falcon/Demos/ThirdParty/MDFullscreenPopGesture/MDFullscreenPopGesture.swift (in target 'falcon' from project 'falcon')
    cd /Users/zhouming/Desktop/falcon
    

SwiftCompile normal arm64 /Users/zhouming/Desktop/falcon/falcon/Demos/ThirdParty/MDFullscreenPopGesture/UINavigationBarController+MDFullscreenPopGestureExtension.swift (in target 'falcon' from project 'falcon')
    cd /Users/zhouming/Desktop/falcon
    

SwiftCompile normal arm64 /Users/zhouming/Desktop/falcon/falcon/Demos/ThirdParty/MDFullscreenPopGesture/UIViewController+MDFullscreenPopGestureExtension.swift (in target 'falcon' from project 'falcon')
    cd /Users/zhouming/Desktop/falcon
    

SwiftCompile normal arm64 /Users/zhouming/Desktop/falcon/falcon/Demos/ThirdParty/SegmentedView/MDScrollView.swift (in target 'falcon' from project 'falcon')
    cd /Users/zhouming/Desktop/falcon
    

SwiftCompile normal arm64 /Users/zhouming/Desktop/falcon/falcon/Demos/ThirdParty/SegmentedView/SegmentedViewUseViewController.swift (in target 'falcon' from project 'falcon')
    cd /Users/zhouming/Desktop/falcon
    

SwiftCompile normal arm64 /Users/zhouming/Desktop/falcon/falcon/Demos/ThirdParty/ZLPhotoBrowser/PhotoBrowerViewController.swift (in target 'falcon' from project 'falcon')
    cd /Users/zhouming/Desktop/falcon
    

SwiftCompile normal arm64 /Users/zhouming/Desktop/falcon/falcon/Demos/ThirdParty/UsageThirdPartyViewController.swift (in target 'falcon' from project 'falcon')
    cd /Users/zhouming/Desktop/falcon
    

SwiftCompile normal arm64 /Users/zhouming/Desktop/falcon/falcon/LearningModules/Alamofire/Encapsulation/Feature/CacheManager.swift (in target 'falcon' from project 'falcon')
    cd /Users/zhouming/Desktop/falcon
    

SwiftCompile normal arm64 /Users/zhouming/Desktop/falcon/falcon/LearningModules/Alamofire/Encapsulation/Feature/NetworkInterceptor.swift (in target 'falcon' from project 'falcon')
    cd /Users/zhouming/Desktop/falcon
    

SwiftCompile normal arm64 /Users/zhouming/Desktop/falcon/falcon/LearningModules/Alamofire/Encapsulation/APIRouter.swift (in target 'falcon' from project 'falcon')
    cd /Users/zhouming/Desktop/falcon
    

SwiftCompile normal arm64 /Users/zhouming/Desktop/falcon/falcon/LearningModules/Alamofire/Encapsulation/BaseResponse.swift (in target 'falcon' from project 'falcon')
    cd /Users/zhouming/Desktop/falcon
    

SwiftCompile normal arm64 Compiling\ CacheImitateViewController.swift,\ CacheUsageViewController.swift,\ CacheViewController.swift,\ GCDCacheViewController.swift,\ LockBenchmarkViewController.swift,\ LockBlockingViewController.swift,\ ThreadUnsafeDemoViewController.swift,\ FeedViewController.swift,\ YYTextAttributeViewController.swift,\ YYTextController.swift,\ YYTextLayoutViewController.swift,\ LoginViewController.swift,\ AppDelegate.swift,\ HomeViewController.swift,\ SceneDelegate.swift,\ GeneratedAssetSymbols.swift /Users/zhouming/Desktop/falcon/falcon/LearningModules/YYCache/Usage/CacheImitateViewController.swift /Users/zhouming/Desktop/falcon/falcon/LearningModules/YYCache/Usage/CacheUsageViewController.swift /Users/zhouming/Desktop/falcon/falcon/LearningModules/YYCache/Usage/CacheViewController.swift /Users/zhouming/Desktop/falcon/falcon/LearningModules/YYCache/Usage/GCDCacheViewController.swift /Users/zhouming/Desktop/falcon/falcon/LearningModules/YYCache/Usage/LockBenchmarkViewController.swift /Users/zhouming/Desktop/falcon/falcon/LearningModules/YYCache/Usage/LockBlockingViewController.swift /Users/zhouming/Desktop/falcon/falcon/LearningModules/YYCache/Usage/ThreadUnsafeDemoViewController.swift /Users/zhouming/Desktop/falcon/falcon/LearningModules/YYText/FeedViewController.swift /Users/zhouming/Desktop/falcon/falcon/LearningModules/YYText/YYTextAttributeViewController.swift /Users/zhouming/Desktop/falcon/falcon/LearningModules/YYText/YYTextController.swift /Users/zhouming/Desktop/falcon/falcon/LearningModules/YYText/YYTextLayoutViewController.swift /Users/zhouming/Desktop/falcon/falcon/Login/LoginViewController.swift /Users/zhouming/Desktop/falcon/falcon/AppDelegate.swift /Users/zhouming/Desktop/falcon/falcon/HomeViewController.swift /Users/zhouming/Desktop/falcon/falcon/SceneDelegate.swift /Users/zhouming/Library/Developer/Xcode/DerivedData/falcon-gsoilikaxsflzjexzrtqkcenvrbo/Build/Intermediates.noindex/falcon.build/Release-iphonesimulator/falcon.build/DerivedSources/GeneratedAssetSymbols.swift (in target 'falcon' from project 'falcon')

SwiftCompile normal arm64 /Users/zhouming/Desktop/falcon/falcon/LearningModules/YYCache/Usage/CacheImitateViewController.swift (in target 'falcon' from project 'falcon')
    cd /Users/zhouming/Desktop/falcon
    
/Users/zhouming/Desktop/falcon/falcon/LearningModules/YYCache/Usage/CacheImitateViewController.swift:22:15: warning: expression implicitly coerced from 'Int?' to 'Any'
        print(json?.utf8.count)
              ^~~~~~~~~~~~~~~~
/Users/zhouming/Desktop/falcon/falcon/LearningModules/YYCache/Usage/CacheImitateViewController.swift:22:26: note: provide a default value to avoid this warning
        print(json?.utf8.count)
              ~~~~~~~~~~~^~~~~
                               ?? <#default value#>
/Users/zhouming/Desktop/falcon/falcon/LearningModules/YYCache/Usage/CacheImitateViewController.swift:22:26: note: force-unwrap the value to avoid this warning
        print(json?.utf8.count)
              ~~~~~~~~~~~^~~~~
                              !
/Users/zhouming/Desktop/falcon/falcon/LearningModules/YYCache/Usage/CacheImitateViewController.swift:22:26: note: explicitly cast to 'Any' with 'as Any' to silence this warning
        print(json?.utf8.count)
              ~~~~~~~~~~~^~~~~
                               as Any

SwiftCompile normal arm64 /Users/zhouming/Desktop/falcon/falcon/LearningModules/YYCache/Usage/CacheUsageViewController.swift (in target 'falcon' from project 'falcon')
    cd /Users/zhouming/Desktop/falcon
    

SwiftCompile normal arm64 /Users/zhouming/Desktop/falcon/falcon/LearningModules/YYCache/Usage/CacheViewController.swift (in target 'falcon' from project 'falcon')
    cd /Users/zhouming/Desktop/falcon
    

SwiftCompile normal arm64 /Users/zhouming/Desktop/falcon/falcon/LearningModules/YYCache/Usage/GCDCacheViewController.swift (in target 'falcon' from project 'falcon')
    cd /Users/zhouming/Desktop/falcon
    

SwiftCompile normal arm64 /Users/zhouming/Desktop/falcon/falcon/LearningModules/YYCache/Usage/LockBenchmarkViewController.swift (in target 'falcon' from project 'falcon')
    cd /Users/zhouming/Desktop/falcon
    
/Users/zhouming/Desktop/falcon/falcon/LearningModules/YYCache/Usage/LockBenchmarkViewController.swift:194:25: warning: mutation of captured var 'count' in concurrently-executing code; this is an error in the Swift 6 language mode
                        count += 1
                        ^

SwiftCompile normal arm64 /Users/zhouming/Desktop/falcon/falcon/LearningModules/YYCache/Usage/LockBlockingViewController.swift (in target 'falcon' from project 'falcon')
    cd /Users/zhouming/Desktop/falcon
    

SwiftCompile normal arm64 /Users/zhouming/Desktop/falcon/falcon/LearningModules/YYCache/Usage/ThreadUnsafeDemoViewController.swift (in target 'falcon' from project 'falcon')
    cd /Users/zhouming/Desktop/falcon
    

SwiftCompile normal arm64 /Users/zhouming/Desktop/falcon/falcon/LearningModules/YYText/FeedViewController.swift (in target 'falcon' from project 'falcon')
    cd /Users/zhouming/Desktop/falcon
    

SwiftCompile normal arm64 /Users/zhouming/Desktop/falcon/falcon/LearningModules/YYText/YYTextAttributeViewController.swift (in target 'falcon' from project 'falcon')
    cd /Users/zhouming/Desktop/falcon
    
/Users/zhouming/Desktop/falcon/falcon/LearningModules/YYText/YYTextAttributeViewController.swift:64:13: warning: variable 'container' was never mutated; consider changing to 'let' constant
        var container = YYTextContainer(size: CGSize(width: UIScreen.main.bounds.size.width, height: .greatestFiniteMagnitude))
        ~~~ ^
        let
/Users/zhouming/Desktop/falcon/falcon/LearningModules/YYText/YYTextAttributeViewController.swift:66:13: warning: variable 'textlayout' was never mutated; consider changing to 'let' constant
        var textlayout = YYTextLayout(container: container, text: attributeString(item: item))
        ~~~ ^
        let

SwiftCompile normal arm64 /Users/zhouming/Desktop/falcon/falcon/LearningModules/YYText/YYTextController.swift (in target 'falcon' from project 'falcon')
    cd /Users/zhouming/Desktop/falcon
    

SwiftCompile normal arm64 /Users/zhouming/Desktop/falcon/falcon/LearningModules/YYText/YYTextLayoutViewController.swift (in target 'falcon' from project 'falcon')
    cd /Users/zhouming/Desktop/falcon
    
/Users/zhouming/Desktop/falcon/falcon/LearningModules/YYText/YYTextLayoutViewController.swift:73:13: warning: variable 'container' was never mutated; consider changing to 'let' constant
        var container = YYTextContainer(size: CGSize(width: UIScreen.main.bounds.size.width, height: .greatestFiniteMagnitude))
        ~~~ ^
        let
/Users/zhouming/Desktop/falcon/falcon/LearningModules/YYText/YYTextLayoutViewController.swift:75:13: warning: variable 'textlayout' was never mutated; consider changing to 'let' constant
        var textlayout = YYTextLayout(container: container, text: attributeString(item: item.item))
        ~~~ ^
        let

SwiftCompile normal arm64 /Users/zhouming/Desktop/falcon/falcon/Login/LoginViewController.swift (in target 'falcon' from project 'falcon')
    cd /Users/zhouming/Desktop/falcon
    
/Users/zhouming/Desktop/falcon/falcon/Login/LoginViewController.swift:133:71: warning: variable 'self' was written to, but never read
        DispatchQueue.main.asyncAfter(deadline: .now() + 1.0) { [weak self] in
                                                                      ^

SwiftCompile normal arm64 /Users/zhouming/Desktop/falcon/falcon/AppDelegate.swift (in target 'falcon' from project 'falcon')
    cd /Users/zhouming/Desktop/falcon
    

SwiftCompile normal arm64 /Users/zhouming/Desktop/falcon/falcon/HomeViewController.swift (in target 'falcon' from project 'falcon')
    cd /Users/zhouming/Desktop/falcon
    

SwiftCompile normal arm64 /Users/zhouming/Desktop/falcon/falcon/SceneDelegate.swift (in target 'falcon' from project 'falcon')
    cd /Users/zhouming/Desktop/falcon
    

SwiftCompile normal arm64 /Users/zhouming/Library/Developer/Xcode/DerivedData/falcon-gsoilikaxsflzjexzrtqkcenvrbo/Build/Intermediates.noindex/falcon.build/Release-iphonesimulator/falcon.build/DerivedSources/GeneratedAssetSymbols.swift (in target 'falcon' from project 'falcon')
    cd /Users/zhouming/Desktop/falcon
    

SwiftCompile normal arm64 Compiling\ DSCardListCell.swift,\ DSAvatar.swift,\ DSBannerView.swift,\ DSButton.swift,\ DSCardView.swift,\ DSEmptyStateView.swift,\ DSImageCardView.swift,\ DSLabel.swift,\ DSLoadingView.swift,\ DSTag.swift,\ DSTextField.swift,\ DSToast.swift,\ DSColor.swift,\ DSSpacing.swift,\ DSTypography.swift,\ String+Extension.swift,\ UIColor+Extension.swift /Users/zhouming/Desktop/falcon/falcon/Core/DesignSystem/Cells/DSCardListCell.swift /Users/zhouming/Desktop/falcon/falcon/Core/DesignSystem/Components/DSAvatar.swift /Users/zhouming/Desktop/falcon/falcon/Core/DesignSystem/Components/DSBannerView.swift /Users/zhouming/Desktop/falcon/falcon/Core/DesignSystem/Components/DSButton.swift /Users/zhouming/Desktop/falcon/falcon/Core/DesignSystem/Components/DSCardView.swift /Users/zhouming/Desktop/falcon/falcon/Core/DesignSystem/Components/DSEmptyStateView.swift /Users/zhouming/Desktop/falcon/falcon/Core/DesignSystem/Components/DSImageCardView.swift /Users/zhouming/Desktop/falcon/falcon/Core/DesignSystem/Components/DSLabel.swift /Users/zhouming/Desktop/falcon/falcon/Core/DesignSystem/Components/DSLoadingView.swift /Users/zhouming/Desktop/falcon/falcon/Core/DesignSystem/Components/DSTag.swift /Users/zhouming/Desktop/falcon/falcon/Core/DesignSystem/Components/DSTextField.swift /Users/zhouming/Desktop/falcon/falcon/Core/DesignSystem/Components/DSToast.swift /Users/zhouming/Desktop/falcon/falcon/Core/DesignSystem/Tokens/DSColor.swift /Users/zhouming/Desktop/falcon/falcon/Core/DesignSystem/Tokens/DSSpacing.swift /Users/zhouming/Desktop/falcon/falcon/Core/DesignSystem/Tokens/DSTypography.swift /Users/zhouming/Desktop/falcon/falcon/Core/UIKitExtension/Encapsulation/String+Extension.swift /Users/zhouming/Desktop/falcon/falcon/Core/UIKitExtension/Encapsulation/UIColor+Extension.swift (in target 'falcon' from project 'falcon')

SwiftCompile normal arm64 /Users/zhouming/Desktop/falcon/falcon/Core/DesignSystem/Cells/DSCardListCell.swift (in target 'falcon' from project 'falcon')
    cd /Users/zhouming/Desktop/falcon
    

SwiftCompile normal arm64 /Users/zhouming/Desktop/falcon/falcon/Core/DesignSystem/Components/DSAvatar.swift (in target 'falcon' from project 'falcon')
    cd /Users/zhouming/Desktop/falcon
    

SwiftCompile normal arm64 /Users/zhouming/Desktop/falcon/falcon/Core/DesignSystem/Components/DSBannerView.swift (in target 'falcon' from project 'falcon')
    cd /Users/zhouming/Desktop/falcon
    

SwiftCompile normal arm64 /Users/zhouming/Desktop/falcon/falcon/Core/DesignSystem/Components/DSButton.swift (in target 'falcon' from project 'falcon')
    cd /Users/zhouming/Desktop/falcon
    
/Users/zhouming/Desktop/falcon/falcon/Core/DesignSystem/Components/DSButton.swift:90:39: warning: 'contentEdgeInsets' was deprecated in iOS 15.0: This property is ignored when using UIButtonConfiguration
        let width = labelSize.width + contentEdgeInsets.left + contentEdgeInsets.right
                                      ^
/Users/zhouming/Desktop/falcon/falcon/Core/DesignSystem/Components/DSButton.swift:90:64: warning: 'contentEdgeInsets' was deprecated in iOS 15.0: This property is ignored when using UIButtonConfiguration
        let width = labelSize.width + contentEdgeInsets.left + contentEdgeInsets.right
                                                               ^
/Users/zhouming/Desktop/falcon/falcon/Core/DesignSystem/Components/DSButton.swift:97:9: warning: 'contentEdgeInsets' was deprecated in iOS 15.0: This property is ignored when using UIButtonConfiguration
        contentEdgeInsets = size.contentInsets
        ^

SwiftCompile normal arm64 /Users/zhouming/Desktop/falcon/falcon/Core/DesignSystem/Components/DSCardView.swift (in target 'falcon' from project 'falcon')
    cd /Users/zhouming/Desktop/falcon
    

SwiftCompile normal arm64 /Users/zhouming/Desktop/falcon/falcon/Core/DesignSystem/Components/DSEmptyStateView.swift (in target 'falcon' from project 'falcon')
    cd /Users/zhouming/Desktop/falcon
    

SwiftCompile normal arm64 /Users/zhouming/Desktop/falcon/falcon/Core/DesignSystem/Components/DSImageCardView.swift (in target 'falcon' from project 'falcon')
    cd /Users/zhouming/Desktop/falcon
    

SwiftCompile normal arm64 /Users/zhouming/Desktop/falcon/falcon/Core/DesignSystem/Components/DSLabel.swift (in target 'falcon' from project 'falcon')
    cd /Users/zhouming/Desktop/falcon
    

SwiftCompile normal arm64 /Users/zhouming/Desktop/falcon/falcon/Core/DesignSystem/Components/DSLoadingView.swift (in target 'falcon' from project 'falcon')
    cd /Users/zhouming/Desktop/falcon
    

SwiftCompile normal arm64 /Users/zhouming/Desktop/falcon/falcon/Core/DesignSystem/Components/DSTag.swift (in target 'falcon' from project 'falcon')
    cd /Users/zhouming/Desktop/falcon
    

SwiftCompile normal arm64 /Users/zhouming/Desktop/falcon/falcon/Core/DesignSystem/Components/DSTextField.swift (in target 'falcon' from project 'falcon')
    cd /Users/zhouming/Desktop/falcon
    

SwiftCompile normal arm64 /Users/zhouming/Desktop/falcon/falcon/Core/DesignSystem/Components/DSToast.swift (in target 'falcon' from project 'falcon')
    cd /Users/zhouming/Desktop/falcon
    
/Users/zhouming/Desktop/falcon/falcon/Core/DesignSystem/Components/DSToast.swift:105:61: warning: 'windows' was deprecated in iOS 15.0: Use UIWindowScene.windows on a relevant window scene instead
        guard let targetView = view ?? UIApplication.shared.windows.first(where: { $0.isKeyWindow }) else { return }
                                                            ^

SwiftCompile normal arm64 /Users/zhouming/Desktop/falcon/falcon/Core/DesignSystem/Tokens/DSColor.swift (in target 'falcon' from project 'falcon')
    cd /Users/zhouming/Desktop/falcon
    

SwiftCompile normal arm64 /Users/zhouming/Desktop/falcon/falcon/Core/DesignSystem/Tokens/DSSpacing.swift (in target 'falcon' from project 'falcon')
    cd /Users/zhouming/Desktop/falcon
    

SwiftCompile normal arm64 /Users/zhouming/Desktop/falcon/falcon/Core/DesignSystem/Tokens/DSTypography.swift (in target 'falcon' from project 'falcon')
    cd /Users/zhouming/Desktop/falcon
    

SwiftCompile normal arm64 /Users/zhouming/Desktop/falcon/falcon/Core/UIKitExtension/Encapsulation/String+Extension.swift (in target 'falcon' from project 'falcon')
    cd /Users/zhouming/Desktop/falcon
    

SwiftCompile normal arm64 /Users/zhouming/Desktop/falcon/falcon/Core/UIKitExtension/Encapsulation/UIColor+Extension.swift (in target 'falcon' from project 'falcon')
    cd /Users/zhouming/Desktop/falcon
    

SwiftCompile normal arm64 Compiling\ NetworkConfig.swift,\ NetworkError.swift,\ NetworkManager.swift,\ AlamofireFirstViewController.swift,\ AlamofireFourViewController.swift,\ AlamofireSecondViewController.swift,\ AlamofireThirdViewController.swift,\ AlamofireViewController.swift,\ AlamofireZeroViewController.swift,\ BinAPI.swift,\ GistResponse.swift,\ HParams.swift,\ HResponse.swift,\ UserAPI.swift,\ WebError.swift,\ KingfisherCache.swift /Users/zhouming/Desktop/falcon/falcon/LearningModules/Alamofire/Encapsulation/NetworkConfig.swift /Users/zhouming/Desktop/falcon/falcon/LearningModules/Alamofire/Encapsulation/NetworkError.swift /Users/zhouming/Desktop/falcon/falcon/LearningModules/Alamofire/Encapsulation/NetworkManager.swift /Users/zhouming/Desktop/falcon/falcon/LearningModules/Alamofire/Usage/AlamofireFirstViewController.swift /Users/zhouming/Desktop/falcon/falcon/LearningModules/Alamofire/Usage/AlamofireFourViewController.swift /Users/zhouming/Desktop/falcon/falcon/LearningModules/Alamofire/Usage/AlamofireSecondViewController.swift /Users/zhouming/Desktop/falcon/falcon/LearningModules/Alamofire/Usage/AlamofireThirdViewController.swift /Users/zhouming/Desktop/falcon/falcon/LearningModules/Alamofire/Usage/AlamofireViewController.swift /Users/zhouming/Desktop/falcon/falcon/LearningModules/Alamofire/Usage/AlamofireZeroViewController.swift /Users/zhouming/Desktop/falcon/falcon/LearningModules/Alamofire/Usage/BinAPI.swift /Users/zhouming/Desktop/falcon/falcon/LearningModules/Alamofire/Usage/GistResponse.swift /Users/zhouming/Desktop/falcon/falcon/LearningModules/Alamofire/Usage/HParams.swift /Users/zhouming/Desktop/falcon/falcon/LearningModules/Alamofire/Usage/HResponse.swift /Users/zhouming/Desktop/falcon/falcon/LearningModules/Alamofire/Usage/UserAPI.swift /Users/zhouming/Desktop/falcon/falcon/LearningModules/Alamofire/Usage/WebError.swift /Users/zhouming/Desktop/falcon/falcon/LearningModules/Kingfisher/Cache/KingfisherCache.swift (in target 'falcon' from project 'falcon')

SwiftCompile normal arm64 /Users/zhouming/Desktop/falcon/falcon/LearningModules/Alamofire/Encapsulation/NetworkConfig.swift (in target 'falcon' from project 'falcon')
    cd /Users/zhouming/Desktop/falcon
    

SwiftCompile normal arm64 /Users/zhouming/Desktop/falcon/falcon/LearningModules/Alamofire/Encapsulation/NetworkError.swift (in target 'falcon' from project 'falcon')
    cd /Users/zhouming/Desktop/falcon
    

SwiftCompile normal arm64 /Users/zhouming/Desktop/falcon/falcon/LearningModules/Alamofire/Encapsulation/NetworkManager.swift (in target 'falcon' from project 'falcon')
    cd /Users/zhouming/Desktop/falcon
    
/Users/zhouming/Desktop/falcon/falcon/LearningModules/Alamofire/Encapsulation/NetworkManager.swift:80:56: warning: capture of 'decodeType' with non-Sendable type 'T.Type' in a '@Sendable' closure
            self?.handleResponse(res: res, decodeType: decodeType, needCache: needCache,completionHandler: completionHandler)
                                                       ^
/Users/zhouming/Desktop/falcon/falcon/LearningModules/Alamofire/Encapsulation/NetworkManager.swift:98:56: warning: capture of 'decodeType' with non-Sendable type 'T.Type' in a '@Sendable' closure
            self?.handleResponse(res: res, decodeType: decodeType, needCache: needCache, completionHandler: completionHandler)
                                                       ^
/Users/zhouming/Desktop/falcon/falcon/LearningModules/Alamofire/Encapsulation/NetworkManager.swift:106:56: warning: capture of 'decodeType' with non-Sendable type 'T.Type' in a '@Sendable' closure
            self?.handleResponse(res: res, decodeType: decodeType, needCache: needCache, completionHandler: completionHandler)
                                                       ^
/Users/zhouming/Desktop/falcon/falcon/LearningModules/Alamofire/Encapsulation/NetworkManager.swift:166:13: warning: initialization of immutable value 'metrics' was never used; consider replacing with assignment to '_' or removing it
        let metrics = response.metrics
        ~~~~^~~~~~~
        _

SwiftCompile normal arm64 /Users/zhouming/Desktop/falcon/falcon/LearningModules/Alamofire/Usage/AlamofireFirstViewController.swift (in target 'falcon' from project 'falcon')
    cd /Users/zhouming/Desktop/falcon
    
/Users/zhouming/Desktop/falcon/falcon/LearningModules/Alamofire/Usage/AlamofireFirstViewController.swift:42:12: warning: result of call to 'request(_:interceptor:)' is unused
        AF.request(userAPI)
           ^      ~~~~~~~~~
/Users/zhouming/Desktop/falcon/falcon/LearningModules/Alamofire/Usage/AlamofireFirstViewController.swift:89:21: warning: 'responseJSON(queue:dataPreprocessor:emptyResponseCodes:emptyRequestMethods:options:completionHandler:)' is deprecated: responseJSON deprecated and will be removed in Alamofire 6. Use responseDecodable instead.
        dataRequest.responseJSON { response in
                    ^
/Users/zhouming/Desktop/falcon/falcon/LearningModules/Alamofire/Usage/AlamofireFirstViewController.swift:222:37: warning: conditional cast from 'AFError' to 'AFError' always succeeds
                let error = failure as? AFError
                                    ^
/Users/zhouming/Desktop/falcon/falcon/LearningModules/Alamofire/Usage/AlamofireFirstViewController.swift:217:31: warning: result of call to 'sendCodable(_:decodeType:interceptor:needCache:completionHandler:)' is unused
        NetworkManager.shared.sendCodable(HttpBinAPI.get, decodeType: HResponse.self) { result in
                              ^          ~~~~~~~~~~~~~~~~~~~~~~~~~~~~~~~~~~~~~~~~~~~~~~~~~~~~~~~~
/Users/zhouming/Desktop/falcon/falcon/LearningModules/Alamofire/Usage/AlamofireFirstViewController.swift:27:13: warning: initialization of immutable value 'dataRequest11' was never used; consider replacing with assignment to '_' or removing it
        let dataRequest11 = AF.request("https://httpbin.org/get", parameters: ["age": "25"])
        ~~~~^~~~~~~~~~~~~
        _
/Users/zhouming/Desktop/falcon/falcon/LearningModules/Alamofire/Usage/AlamofireFirstViewController.swift:30:13: warning: initialization of immutable value 'dataRequest12' was never used; consider replacing with assignment to '_' or removing it
        let dataRequest12 = AF.request("https://httpbin.org/get", parameters: HParams(name: "zhou",  age: "25"))
        ~~~~^~~~~~~~~~~~~
        _
/Users/zhouming/Desktop/falcon/falcon/LearningModules/Alamofire/Usage/AlamofireFirstViewController.swift:35:17: warning: initialization of immutable value 'dataRequest13' was never used; consider replacing with assignment to '_' or removing it
            let dataRequest13 = AF.request(request)
            ~~~~^~~~~~~~~~~~~
            _
/Users/zhouming/Desktop/falcon/falcon/LearningModules/Alamofire/Usage/AlamofireFirstViewController.swift:82:31: warning: immutable value 'error' was never used; consider replacing with '_' or removing it
            case .failure(let error):
                          ~~~~^~~~~
                          _
/Users/zhouming/Desktop/falcon/falcon/LearningModules/Alamofire/Usage/AlamofireFirstViewController.swift:93:31: warning: immutable value 'error' was never used; consider replacing with '_' or removing it
            case .failure(let error):
                          ~~~~^~~~~
                          _
/Users/zhouming/Desktop/falcon/falcon/LearningModules/Alamofire/Usage/AlamofireFirstViewController.swift:103:31: warning: immutable value 'error' was never used; consider replacing with '_' or removing it
            case .failure(let error):
                          ~~~~^~~~~
                          _
/Users/zhouming/Desktop/falcon/falcon/LearningModules/Alamofire/Usage/AlamofireFirstViewController.swift:113:31: warning: immutable value 'error' was never used; consider replacing with '_' or removing it
            case .failure(let error):
                          ~~~~^~~~~
                          _
/Users/zhouming/Desktop/falcon/falcon/LearningModules/Alamofire/Usage/AlamofireFirstViewController.swift:130:31: warning: immutable value 'error' was never used; consider replacing with '_' or removing it
            case .failure(let error):
                          ~~~~^~~~~
                          _
/Users/zhouming/Desktop/falcon/falcon/LearningModules/Alamofire/Usage/AlamofireFirstViewController.swift:165:31: warning: immutable value 'error' was never used; consider replacing with '_' or removing it
            case .failure(let error):
                          ~~~~^~~~~
                          _
/Users/zhouming/Desktop/falcon/falcon/LearningModules/Alamofire/Usage/AlamofireFirstViewController.swift:176:31: warning: immutable value 'error' was never used; consider replacing with '_' or removing it
            case .failure(let error):
                          ~~~~^~~~~
                          _
/Users/zhouming/Desktop/falcon/falcon/LearningModules/Alamofire/Usage/AlamofireFirstViewController.swift:188:31: warning: immutable value 'error' was never used; consider replacing with '_' or removing it
            case .failure(let error):
                          ~~~~^~~~~
                          _
/Users/zhouming/Desktop/falcon/falcon/LearningModules/Alamofire/Usage/AlamofireFirstViewController.swift:198:31: warning: immutable value 'error' was never used; consider replacing with '_' or removing it
            case .failure(let error):
                          ~~~~^~~~~
                          _
/Users/zhouming/Desktop/falcon/falcon/LearningModules/Alamofire/Usage/AlamofireFirstViewController.swift:222:21: warning: initialization of immutable value 'error' was never used; consider replacing with assignment to '_' or removing it
                let error = failure as? AFError
                ~~~~^~~~~
                _

SwiftCompile normal arm64 /Users/zhouming/Desktop/falcon/falcon/LearningModules/Alamofire/Usage/AlamofireFourViewController.swift (in target 'falcon' from project 'falcon')
    cd /Users/zhouming/Desktop/falcon
    

SwiftCompile normal arm64 /Users/zhouming/Desktop/falcon/falcon/LearningModules/Alamofire/Usage/AlamofireSecondViewController.swift (in target 'falcon' from project 'falcon')
    cd /Users/zhouming/Desktop/falcon
    

SwiftCompile normal arm64 /Users/zhouming/Desktop/falcon/falcon/LearningModules/Alamofire/Usage/AlamofireThirdViewController.swift (in target 'falcon' from project 'falcon')
    cd /Users/zhouming/Desktop/falcon
    

SwiftCompile normal arm64 /Users/zhouming/Desktop/falcon/falcon/LearningModules/Alamofire/Usage/AlamofireViewController.swift (in target 'falcon' from project 'falcon')
    cd /Users/zhouming/Desktop/falcon
    

SwiftCompile normal arm64 /Users/zhouming/Desktop/falcon/falcon/LearningModules/Alamofire/Usage/AlamofireZeroViewController.swift (in target 'falcon' from project 'falcon')
    cd /Users/zhouming/Desktop/falcon
    
/Users/zhouming/Desktop/falcon/falcon/LearningModules/Alamofire/Usage/AlamofireZeroViewController.swift:35:37: warning: string interpolation produces a debug description for an optional value; did you mean to make this explicit?
        print("修改已有的URL:\(request1.url)")
/Users/zhouming/Desktop/falcon/falcon/LearningModules/Alamofire/Usage/AlamofireZeroViewController.swift:35:46: note: use a default value parameter to avoid this warning
        print("修改已有的URL:\(request1.url)")
/Users/zhouming/Desktop/falcon/falcon/LearningModules/Alamofire/Usage/AlamofireZeroViewController.swift:35:46: note: provide a default value to avoid this warning
        print("修改已有的URL:\(request1.url)")
/Users/zhouming/Desktop/falcon/falcon/LearningModules/Alamofire/Usage/AlamofireZeroViewController.swift:35:46: note: use 'String(describing:)' to silence this warning
        print("修改已有的URL:\(request1.url)")
/Users/zhouming/Desktop/falcon/falcon/LearningModules/Alamofire/Usage/AlamofireZeroViewController.swift:46:55: warning: string interpolation produces a debug description for an optional value; did you mean to make this explicit?
        print("使用components22给URL添加参数:\(components22.url)")
/Users/zhouming/Desktop/falcon/falcon/LearningModules/Alamofire/Usage/AlamofireZeroViewController.swift:46:68: note: use a default value parameter to avoid this warning
        print("使用components22给URL添加参数:\(components22.url)")
/Users/zhouming/Desktop/falcon/falcon/LearningModules/Alamofire/Usage/AlamofireZeroViewController.swift:46:68: note: provide a default value to avoid this warning
        print("使用components22给URL添加参数:\(components22.url)")
/Users/zhouming/Desktop/falcon/falcon/LearningModules/Alamofire/Usage/AlamofireZeroViewController.swift:46:68: note: use 'String(describing:)' to silence this warning
        print("使用components22给URL添加参数:\(components22.url)")
/Users/zhouming/Desktop/falcon/falcon/LearningModules/Alamofire/Usage/AlamofireZeroViewController.swift:58:34: warning: string interpolation produces a debug description for an optional value; did you mean to make this explicit?
        print("optional的 map:\(request1.url)")
/Users/zhouming/Desktop/falcon/falcon/LearningModules/Alamofire/Usage/AlamofireZeroViewController.swift:58:43: note: use a default value parameter to avoid this warning
        print("optional的 map:\(request1.url)")
/Users/zhouming/Desktop/falcon/falcon/LearningModules/Alamofire/Usage/AlamofireZeroViewController.swift:58:43: note: provide a default value to avoid this warning
        print("optional的 map:\(request1.url)")
/Users/zhouming/Desktop/falcon/falcon/LearningModules/Alamofire/Usage/AlamofireZeroViewController.swift:58:43: note: use 'String(describing:)' to silence this warning
        print("optional的 map:\(request1.url)")
/Users/zhouming/Desktop/falcon/falcon/LearningModules/Alamofire/Usage/AlamofireZeroViewController.swift:95:13: warning: constant 'result111' inferred to have type '()?', which may be unexpected
        let result111 = try? load(url: "")
            ^
/Users/zhouming/Desktop/falcon/falcon/LearningModules/Alamofire/Usage/AlamofireZeroViewController.swift:95:13: note: add an explicit type annotation to silence this warning
        let result111 = try? load(url: "")
            ^
                     : ()?
/Users/zhouming/Desktop/falcon/falcon/LearningModules/Alamofire/Usage/AlamofireZeroViewController.swift:96:15: warning: expression implicitly coerced from '()?' to 'Any'
        print(result111)
              ^~~~~~~~~
/Users/zhouming/Desktop/falcon/falcon/LearningModules/Alamofire/Usage/AlamofireZeroViewController.swift:96:15: note: provide a default value to avoid this warning
        print(result111)
              ^~~~~~~~~
                        ?? <#default value#>
/Users/zhouming/Desktop/falcon/falcon/LearningModules/Alamofire/Usage/AlamofireZeroViewController.swift:96:15: note: force-unwrap the value to avoid this warning
        print(result111)
              ^~~~~~~~~
                       !
/Users/zhouming/Desktop/falcon/falcon/LearningModules/Alamofire/Usage/AlamofireZeroViewController.swift:96:15: note: explicitly cast to 'Any' with 'as Any' to silence this warning
        print(result111)
              ^~~~~~~~~
                        as Any
/Users/zhouming/Desktop/falcon/falcon/LearningModules/Alamofire/Usage/AlamofireZeroViewController.swift:45:13: warning: initialization of immutable value 'result' was never used; consider replacing with assignment to '_' or removing it
        let result = components22.url
        ~~~~^~~~~~
        _
/Users/zhouming/Desktop/falcon/falcon/LearningModules/Alamofire/Usage/AlamofireZeroViewController.swift:53:13: warning: variable 'request2' was never mutated; consider changing to 'let' constant
        var request2 = URLRequest(url: URL4)
        ~~~ ^
        let
/Users/zhouming/Desktop/falcon/falcon/LearningModules/Alamofire/Usage/AlamofireZeroViewController.swift:149:31: warning: immutable value 'error' was never used; consider replacing with '_' or removing it
            case .failure(let error):
                          ~~~~^~~~~
                          _

SwiftCompile normal arm64 /Users/zhouming/Desktop/falcon/falcon/LearningModules/Alamofire/Usage/BinAPI.swift (in target 'falcon' from project 'falcon')
    cd /Users/zhouming/Desktop/falcon
    

SwiftCompile normal arm64 /Users/zhouming/Desktop/falcon/falcon/LearningModules/Alamofire/Usage/GistResponse.swift (in target 'falcon' from project 'falcon')
    cd /Users/zhouming/Desktop/falcon
    

SwiftCompile normal arm64 /Users/zhouming/Desktop/falcon/falcon/LearningModules/Alamofire/Usage/HParams.swift (in target 'falcon' from project 'falcon')
    cd /Users/zhouming/Desktop/falcon
    

SwiftCompile normal arm64 /Users/zhouming/Desktop/falcon/falcon/LearningModules/Alamofire/Usage/HResponse.swift (in target 'falcon' from project 'falcon')
    cd /Users/zhouming/Desktop/falcon
    

SwiftCompile normal arm64 /Users/zhouming/Desktop/falcon/falcon/LearningModules/Alamofire/Usage/UserAPI.swift (in target 'falcon' from project 'falcon')
    cd /Users/zhouming/Desktop/falcon
    

SwiftCompile normal arm64 /Users/zhouming/Desktop/falcon/falcon/LearningModules/Alamofire/Usage/WebError.swift (in target 'falcon' from project 'falcon')
    cd /Users/zhouming/Desktop/falcon
    

SwiftCompile normal arm64 /Users/zhouming/Desktop/falcon/falcon/LearningModules/Kingfisher/Cache/KingfisherCache.swift (in target 'falcon' from project 'falcon')
    cd /Users/zhouming/Desktop/falcon
    

SwiftCompile normal arm64 Compiling\ KingfisherDiskCache.swift,\ KingfisherMemoryCache.swift,\ KingfisherManager.swift,\ KFError.swift,\ KingfisherDownloader.swift,\ KingfisherSessionDataTask.swift,\ KingfisherSessionDelegate.swift,\ KingfisherBasicViewController.swift,\ KingfisherSessionDelegateViewController.swift,\ KingfisherUseNetworkLayerViewController.swift,\ KingfisherViewController.swift,\ FAProgressHUD.swift,\ FAProgressHUDUsageViewController.swift,\ falconWrapper.swift,\ NamespaceViewController.swift,\ RotationBestPracticeDemo.swift /Users/zhouming/Desktop/falcon/falcon/LearningModules/Kingfisher/Cache/KingfisherDiskCache.swift /Users/zhouming/Desktop/falcon/falcon/LearningModules/Kingfisher/Cache/KingfisherMemoryCache.swift /Users/zhouming/Desktop/falcon/falcon/LearningModules/Kingfisher/Coordinate/KingfisherManager.swift /Users/zhouming/Desktop/falcon/falcon/LearningModules/Kingfisher/Network/KFError.swift /Users/zhouming/Desktop/falcon/falcon/LearningModules/Kingfisher/Network/KingfisherDownloader.swift /Users/zhouming/Desktop/falcon/falcon/LearningModules/Kingfisher/Network/KingfisherSessionDataTask.swift /Users/zhouming/Desktop/falcon/falcon/LearningModules/Kingfisher/Network/KingfisherSessionDelegate.swift /Users/zhouming/Desktop/falcon/falcon/LearningModules/Kingfisher/Usage/KingfisherBasicViewController.swift /Users/zhouming/Desktop/falcon/falcon/LearningModules/Kingfisher/Usage/KingfisherSessionDelegateViewController.swift /Users/zhouming/Desktop/falcon/falcon/LearningModules/Kingfisher/Usage/KingfisherUseNetworkLayerViewController.swift /Users/zhouming/Desktop/falcon/falcon/LearningModules/Kingfisher/Usage/KingfisherViewController.swift /Users/zhouming/Desktop/falcon/falcon/LearningModules/MBProgressHUD/Encapsulation/FAProgressHUD.swift /Users/zhouming/Desktop/falcon/falcon/LearningModules/MBProgressHUD/Usage/FAProgressHUDUsageViewController.swift /Users/zhouming/Desktop/falcon/falcon/LearningModules/Namespace/Encapsulation/falconWrapper.swift /Users/zhouming/Desktop/falcon/falcon/LearningModules/Namespace/NamespaceViewController.swift /Users/zhouming/Desktop/falcon/falcon/LearningModules/Rotation/RotationBestPracticeDemo.swift (in target 'falcon' from project 'falcon')

SwiftCompile normal arm64 /Users/zhouming/Desktop/falcon/falcon/LearningModules/Kingfisher/Cache/KingfisherDiskCache.swift (in target 'falcon' from project 'falcon')
    cd /Users/zhouming/Desktop/falcon
    

SwiftCompile normal arm64 /Users/zhouming/Desktop/falcon/falcon/LearningModules/Kingfisher/Cache/KingfisherMemoryCache.swift (in target 'falcon' from project 'falcon')
    cd /Users/zhouming/Desktop/falcon
    

SwiftCompile normal arm64 /Users/zhouming/Desktop/falcon/falcon/LearningModules/Kingfisher/Coordinate/KingfisherManager.swift (in target 'falcon' from project 'falcon')
    cd /Users/zhouming/Desktop/falcon
    

SwiftCompile normal arm64 /Users/zhouming/Desktop/falcon/falcon/LearningModules/Kingfisher/Network/KFError.swift (in target 'falcon' from project 'falcon')
    cd /Users/zhouming/Desktop/falcon
    

SwiftCompile normal arm64 /Users/zhouming/Desktop/falcon/falcon/LearningModules/Kingfisher/Network/KingfisherDownloader.swift (in target 'falcon' from project 'falcon')
    cd /Users/zhouming/Desktop/falcon
    

SwiftCompile normal arm64 /Users/zhouming/Desktop/falcon/falcon/LearningModules/Kingfisher/Network/KingfisherSessionDataTask.swift (in target 'falcon' from project 'falcon')
    cd /Users/zhouming/Desktop/falcon
    

SwiftCompile normal arm64 /Users/zhouming/Desktop/falcon/falcon/LearningModules/Kingfisher/Network/KingfisherSessionDelegate.swift (in target 'falcon' from project 'falcon')
    cd /Users/zhouming/Desktop/falcon
    
/Users/zhouming/Desktop/falcon/falcon/LearningModules/Kingfisher/Network/KingfisherSessionDelegate.swift:83:20: warning: immutable value 'expectedLength' was never used; consider replacing with '_' or removing it
               let expectedLength = response.expectedContentLength as Int64? {
               ~~~~^~~~~~~~~~~~~~
               _

SwiftCompile normal arm64 /Users/zhouming/Desktop/falcon/falcon/LearningModules/Kingfisher/Usage/KingfisherBasicViewController.swift (in target 'falcon' from project 'falcon')
    cd /Users/zhouming/Desktop/falcon
    

SwiftCompile normal arm64 /Users/zhouming/Desktop/falcon/falcon/LearningModules/Kingfisher/Usage/KingfisherSessionDelegateViewController.swift (in target 'falcon' from project 'falcon')
    cd /Users/zhouming/Desktop/falcon
    
/Users/zhouming/Desktop/falcon/falcon/LearningModules/Kingfisher/Usage/KingfisherSessionDelegateViewController.swift:135:38: warning: variable 'progressBlock' was never mutated; consider changing to 'let' constant
            guard var (existingData, progressBlock, completionBlock) = taskMap[dataTask] else { return }
                                     ^
/Users/zhouming/Desktop/falcon/falcon/LearningModules/Kingfisher/Usage/KingfisherSessionDelegateViewController.swift:135:53: warning: variable 'completionBlock' was never mutated; consider changing to 'let' constant
            guard var (existingData, progressBlock, completionBlock) = taskMap[dataTask] else { return }
                                                    ^

SwiftCompile normal arm64 /Users/zhouming/Desktop/falcon/falcon/LearningModules/Kingfisher/Usage/KingfisherUseNetworkLayerViewController.swift (in target 'falcon' from project 'falcon')
    cd /Users/zhouming/Desktop/falcon
    

SwiftCompile normal arm64 /Users/zhouming/Desktop/falcon/falcon/LearningModules/Kingfisher/Usage/KingfisherViewController.swift (in target 'falcon' from project 'falcon')
    cd /Users/zhouming/Desktop/falcon
    

SwiftCompile normal arm64 /Users/zhouming/Desktop/falcon/falcon/LearningModules/MBProgressHUD/Encapsulation/FAProgressHUD.swift (in target 'falcon' from project 'falcon')
    cd /Users/zhouming/Desktop/falcon
    

SwiftCompile normal arm64 /Users/zhouming/Desktop/falcon/falcon/LearningModules/MBProgressHUD/Usage/FAProgressHUDUsageViewController.swift (in target 'falcon' from project 'falcon')
    cd /Users/zhouming/Desktop/falcon
    

SwiftCompile normal arm64 /Users/zhouming/Desktop/falcon/falcon/LearningModules/Namespace/Encapsulation/falconWrapper.swift (in target 'falcon' from project 'falcon')
    cd /Users/zhouming/Desktop/falcon
    

SwiftCompile normal arm64 /Users/zhouming/Desktop/falcon/falcon/LearningModules/Namespace/NamespaceViewController.swift (in target 'falcon' from project 'falcon')
    cd /Users/zhouming/Desktop/falcon
    

SwiftCompile normal arm64 /Users/zhouming/Desktop/falcon/falcon/LearningModules/Rotation/RotationBestPracticeDemo.swift (in target 'falcon' from project 'falcon')
    cd /Users/zhouming/Desktop/falcon
    

SwiftEmitModule normal arm64 Emitting\ module\ for\ falcon (in target 'falcon' from project 'falcon')

EmitSwiftModule normal arm64 (in target 'falcon' from project 'falcon')
    cd /Users/zhouming/Desktop/falcon
    

SwiftCompile normal arm64 Compiling\ ConcurrentQueueCounter.swift,\ LockCounter.swift,\ NSRecursiveLockDemo.swift,\ SemaphoreCounter.swift,\ SerialQueueCounter.swift,\ OnlySonLock.swift,\ OnlySuperLock.swift,\ QueueViewController.swift,\ RunLoopDemoViewController.swift,\ AssociatedObjectViewController.swift,\ MethodSwizzlingViewController.swift,\ TabbarAppearanceDemoViewController.swift,\ MDESTabBarController.swift,\ MDTabbarController.swift,\ UsageTimerViewController.swift,\ BasicKnowledgeViewController.swift,\ GistDetailViewController.swift /Users/zhouming/Desktop/falcon/falcon/Demos/BasicKnowledge/Queue/Lock/ConcurrentQueueCounter.swift /Users/zhouming/Desktop/falcon/falcon/Demos/BasicKnowledge/Queue/Lock/LockCounter.swift /Users/zhouming/Desktop/falcon/falcon/Demos/BasicKnowledge/Queue/Lock/NSRecursiveLockDemo.swift /Users/zhouming/Desktop/falcon/falcon/Demos/BasicKnowledge/Queue/Lock/SemaphoreCounter.swift /Users/zhouming/Desktop/falcon/falcon/Demos/BasicKnowledge/Queue/Lock/SerialQueueCounter.swift /Users/zhouming/Desktop/falcon/falcon/Demos/BasicKnowledge/Queue/LockGranularity/OnlySonLock.swift /Users/zhouming/Desktop/falcon/falcon/Demos/BasicKnowledge/Queue/LockGranularity/OnlySuperLock.swift /Users/zhouming/Desktop/falcon/falcon/Demos/BasicKnowledge/Queue/QueueViewController.swift /Users/zhouming/Desktop/falcon/falcon/Demos/BasicKnowledge/RunLoop/RunLoopDemoViewController.swift /Users/zhouming/Desktop/falcon/falcon/Demos/BasicKnowledge/Runtime/AssociatedObjectViewController.swift /Users/zhouming/Desktop/falcon/falcon/Demos/BasicKnowledge/Runtime/MethodSwizzlingViewController.swift /Users/zhouming/Desktop/falcon/falcon/Demos/BasicKnowledge/Tabbar/Appearance/TabbarAppearanceDemoViewController.swift /Users/zhouming/Desktop/falcon/falcon/Demos/BasicKnowledge/Tabbar/MDESTabBarController.swift /Users/zhouming/Desktop/falcon/falcon/Demos/BasicKnowledge/Tabbar/MDTabbarController.swift /Users/zhouming/Desktop/falcon/falcon/Demos/BasicKnowledge/Timer/Usage/UsageTimerViewController.swift /Users/zhouming/Desktop/falcon/falcon/Demos/BasicKnowledge/BasicKnowledgeViewController.swift /Users/zhouming/Desktop/falcon/falcon/Demos/Network/Alamofire/GistDetailViewController.swift (in target 'falcon' from project 'falcon')

SwiftCompile normal arm64 /Users/zhouming/Desktop/falcon/falcon/Demos/BasicKnowledge/Queue/Lock/ConcurrentQueueCounter.swift (in target 'falcon' from project 'falcon')
    cd /Users/zhouming/Desktop/falcon
    

SwiftCompile normal arm64 /Users/zhouming/Desktop/falcon/falcon/Demos/BasicKnowledge/Queue/Lock/LockCounter.swift (in target 'falcon' from project 'falcon')
    cd /Users/zhouming/Desktop/falcon
    

SwiftCompile normal arm64 /Users/zhouming/Desktop/falcon/falcon/Demos/BasicKnowledge/Queue/Lock/NSRecursiveLockDemo.swift (in target 'falcon' from project 'falcon')
    cd /Users/zhouming/Desktop/falcon
    

SwiftCompile normal arm64 /Users/zhouming/Desktop/falcon/falcon/Demos/BasicKnowledge/Queue/Lock/SemaphoreCounter.swift (in target 'falcon' from project 'falcon')
    cd /Users/zhouming/Desktop/falcon
    

SwiftCompile normal arm64 /Users/zhouming/Desktop/falcon/falcon/Demos/BasicKnowledge/Queue/Lock/SerialQueueCounter.swift (in target 'falcon' from project 'falcon')
    cd /Users/zhouming/Desktop/falcon
    

SwiftCompile normal arm64 /Users/zhouming/Desktop/falcon/falcon/Demos/BasicKnowledge/Queue/LockGranularity/OnlySonLock.swift (in target 'falcon' from project 'falcon')
    cd /Users/zhouming/Desktop/falcon
    

SwiftCompile normal arm64 /Users/zhouming/Desktop/falcon/falcon/Demos/BasicKnowledge/Queue/LockGranularity/OnlySuperLock.swift (in target 'falcon' from project 'falcon')
    cd /Users/zhouming/Desktop/falcon
    

SwiftCompile normal arm64 /Users/zhouming/Desktop/falcon/falcon/Demos/BasicKnowledge/Queue/QueueViewController.swift (in target 'falcon' from project 'falcon')
    cd /Users/zhouming/Desktop/falcon
    

SwiftCompile normal arm64 /Users/zhouming/Desktop/falcon/falcon/Demos/BasicKnowledge/RunLoop/RunLoopDemoViewController.swift (in target 'falcon' from project 'falcon')
    cd /Users/zhouming/Desktop/falcon
    

SwiftCompile normal arm64 /Users/zhouming/Desktop/falcon/falcon/Demos/BasicKnowledge/Runtime/AssociatedObjectViewController.swift (in target 'falcon' from project 'falcon')
    cd /Users/zhouming/Desktop/falcon
    

SwiftCompile normal arm64 /Users/zhouming/Desktop/falcon/falcon/Demos/BasicKnowledge/Runtime/MethodSwizzlingViewController.swift (in target 'falcon' from project 'falcon')
    cd /Users/zhouming/Desktop/falcon
    

SwiftCompile normal arm64 /Users/zhouming/Desktop/falcon/falcon/Demos/BasicKnowledge/Tabbar/Appearance/TabbarAppearanceDemoViewController.swift (in target 'falcon' from project 'falcon')
    cd /Users/zhouming/Desktop/falcon
    

SwiftCompile normal arm64 /Users/zhouming/Desktop/falcon/falcon/Demos/BasicKnowledge/Tabbar/MDESTabBarController.swift (in target 'falcon' from project 'falcon')
    cd /Users/zhouming/Desktop/falcon
    

SwiftCompile normal arm64 /Users/zhouming/Desktop/falcon/falcon/Demos/BasicKnowledge/Tabbar/MDTabbarController.swift (in target 'falcon' from project 'falcon')
    cd /Users/zhouming/Desktop/falcon
    

SwiftCompile normal arm64 /Users/zhouming/Desktop/falcon/falcon/Demos/BasicKnowledge/Timer/Usage/UsageTimerViewController.swift (in target 'falcon' from project 'falcon')
    cd /Users/zhouming/Desktop/falcon
    

SwiftCompile normal arm64 /Users/zhouming/Desktop/falcon/falcon/Demos/BasicKnowledge/BasicKnowledgeViewController.swift (in target 'falcon' from project 'falcon')
    cd /Users/zhouming/Desktop/falcon
    

SwiftCompile normal arm64 /Users/zhouming/Desktop/falcon/falcon/Demos/Network/Alamofire/GistDetailViewController.swift (in target 'falcon' from project 'falcon')
    cd /Users/zhouming/Desktop/falcon
    

SwiftCompile normal arm64 Compiling\ RotationDemoViewController.swift,\ Navigationer.swift,\ RouteCompatible.swift,\ RouteConvertible.swift,\ RouteError.swift,\ RouteParser.swift,\ SimpleRouter.swift,\ Route.swift,\ RouterViewController.swift,\ SimpleCache.swift,\ SimpleCacheError.swift,\ SimpleDiskCache.swift,\ SimpleDiskFile.swift,\ SimpleMemoryCache.swift,\ CacheBasicViewController.swift,\ CacheDeepInViewController.swift /Users/zhouming/Desktop/falcon/falcon/LearningModules/Rotation/RotationDemoViewController.swift /Users/zhouming/Desktop/falcon/falcon/LearningModules/Router/Encapsulation/Navigationer.swift /Users/zhouming/Desktop/falcon/falcon/LearningModules/Router/Encapsulation/RouteCompatible.swift /Users/zhouming/Desktop/falcon/falcon/LearningModules/Router/Encapsulation/RouteConvertible.swift /Users/zhouming/Desktop/falcon/falcon/LearningModules/Router/Encapsulation/RouteError.swift /Users/zhouming/Desktop/falcon/falcon/LearningModules/Router/Encapsulation/RouteParser.swift /Users/zhouming/Desktop/falcon/falcon/LearningModules/Router/Encapsulation/SimpleRouter.swift /Users/zhouming/Desktop/falcon/falcon/LearningModules/Router/Usage/Route.swift /Users/zhouming/Desktop/falcon/falcon/LearningModules/Router/Usage/RouterViewController.swift /Users/zhouming/Desktop/falcon/falcon/LearningModules/YYCache/Imitate/SimpleCache/SimpleCache.swift /Users/zhouming/Desktop/falcon/falcon/LearningModules/YYCache/Imitate/SimpleCache/SimpleCacheError.swift /Users/zhouming/Desktop/falcon/falcon/LearningModules/YYCache/Imitate/SimpleCache/SimpleDiskCache.swift /Users/zhouming/Desktop/falcon/falcon/LearningModules/YYCache/Imitate/SimpleCache/SimpleDiskFile.swift /Users/zhouming/Desktop/falcon/falcon/LearningModules/YYCache/Imitate/SimpleCache/SimpleMemoryCache.swift /Users/zhouming/Desktop/falcon/falcon/LearningModules/YYCache/Usage/CacheBasicViewController.swift /Users/zhouming/Desktop/falcon/falcon/LearningModules/YYCache/Usage/CacheDeepInViewController.swift (in target 'falcon' from project 'falcon')

SwiftCompile normal arm64 /Users/zhouming/Desktop/falcon/falcon/LearningModules/Rotation/RotationDemoViewController.swift (in target 'falcon' from project 'falcon')
    cd /Users/zhouming/Desktop/falcon
    

SwiftCompile normal arm64 /Users/zhouming/Desktop/falcon/falcon/LearningModules/Router/Encapsulation/Navigationer.swift (in target 'falcon' from project 'falcon')
    cd /Users/zhouming/Desktop/falcon
    

SwiftCompile normal arm64 /Users/zhouming/Desktop/falcon/falcon/LearningModules/Router/Encapsulation/RouteCompatible.swift (in target 'falcon' from project 'falcon')
    cd /Users/zhouming/Desktop/falcon
    

SwiftCompile normal arm64 /Users/zhouming/Desktop/falcon/falcon/LearningModules/Router/Encapsulation/RouteConvertible.swift (in target 'falcon' from project 'falcon')
    cd /Users/zhouming/Desktop/falcon
    

SwiftCompile normal arm64 /Users/zhouming/Desktop/falcon/falcon/LearningModules/Router/Encapsulation/RouteError.swift (in target 'falcon' from project 'falcon')
    cd /Users/zhouming/Desktop/falcon
    

SwiftCompile normal arm64 /Users/zhouming/Desktop/falcon/falcon/LearningModules/Router/Encapsulation/RouteParser.swift (in target 'falcon' from project 'falcon')
    cd /Users/zhouming/Desktop/falcon
    

SwiftCompile normal arm64 /Users/zhouming/Desktop/falcon/falcon/LearningModules/Router/Encapsulation/SimpleRouter.swift (in target 'falcon' from project 'falcon')
    cd /Users/zhouming/Desktop/falcon
    

SwiftCompile normal arm64 /Users/zhouming/Desktop/falcon/falcon/LearningModules/Router/Usage/Route.swift (in target 'falcon' from project 'falcon')
    cd /Users/zhouming/Desktop/falcon
    

SwiftCompile normal arm64 /Users/zhouming/Desktop/falcon/falcon/LearningModules/Router/Usage/RouterViewController.swift (in target 'falcon' from project 'falcon')
    cd /Users/zhouming/Desktop/falcon
    

SwiftCompile normal arm64 /Users/zhouming/Desktop/falcon/falcon/LearningModules/YYCache/Imitate/SimpleCache/SimpleCache.swift (in target 'falcon' from project 'falcon')
    cd /Users/zhouming/Desktop/falcon
    

SwiftCompile normal arm64 /Users/zhouming/Desktop/falcon/falcon/LearningModules/YYCache/Imitate/SimpleCache/SimpleCacheError.swift (in target 'falcon' from project 'falcon')
    cd /Users/zhouming/Desktop/falcon
    

SwiftCompile normal arm64 /Users/zhouming/Desktop/falcon/falcon/LearningModules/YYCache/Imitate/SimpleCache/SimpleDiskCache.swift (in target 'falcon' from project 'falcon')
    cd /Users/zhouming/Desktop/falcon
    

SwiftCompile normal arm64 /Users/zhouming/Desktop/falcon/falcon/LearningModules/YYCache/Imitate/SimpleCache/SimpleDiskFile.swift (in target 'falcon' from project 'falcon')
    cd /Users/zhouming/Desktop/falcon
    

SwiftCompile normal arm64 /Users/zhouming/Desktop/falcon/falcon/LearningModules/YYCache/Imitate/SimpleCache/SimpleMemoryCache.swift (in target 'falcon' from project 'falcon')
    cd /Users/zhouming/Desktop/falcon
    

SwiftCompile normal arm64 /Users/zhouming/Desktop/falcon/falcon/LearningModules/YYCache/Usage/CacheBasicViewController.swift (in target 'falcon' from project 'falcon')
    cd /Users/zhouming/Desktop/falcon
    
/Users/zhouming/Desktop/falcon/falcon/LearningModules/YYCache/Usage/CacheBasicViewController.swift:22:13: warning: initialization of immutable value 'docsPath' was never used; consider replacing with assignment to '_' or removing it
        let docsPath = FileManager.default.urls(for: .documentDirectory, in: .userDomainMask).first!
        ~~~~^~~~~~~~
        _
/Users/zhouming/Desktop/falcon/falcon/LearningModules/YYCache/Usage/CacheBasicViewController.swift:24:13: warning: initialization of immutable value 'tempURL' was never used; consider replacing with assignment to '_' or removing it
        let tempURL = FileManager.default.temporaryDirectory
        ~~~~^~~~~~~
        _
/Users/zhouming/Desktop/falcon/falcon/LearningModules/YYCache/Usage/CacheBasicViewController.swift:26:13: warning: initialization of immutable value 'libraryURL' was never used; consider replacing with assignment to '_' or removing it
        let libraryURL = FileManager.default.urls(
        ~~~~^~~~~~~~~~
        _

SwiftCompile normal arm64 /Users/zhouming/Desktop/falcon/falcon/LearningModules/YYCache/Usage/CacheDeepInViewController.swift (in target 'falcon' from project 'falcon')
    cd /Users/zhouming/Desktop/falcon
    

SwiftEmitModule normal x86_64 Emitting\ module\ for\ falcon (in target 'falcon' from project 'falcon')

EmitSwiftModule normal x86_64 (in target 'falcon' from project 'falcon')
    cd /Users/zhouming/Desktop/falcon
    

SwiftDriverJobDiscovery normal arm64 Emitting module for falcon (in target 'falcon' from project 'falcon')

SwiftDriver\ Compilation\ Requirements falcon normal arm64 com.apple.xcode.tools.swift.compiler (in target 'falcon' from project 'falcon')
    cd /Users/zhouming/Desktop/falcon
    builtin-Swift-Compilation-Requirements -- /Applications/Xcode.app/Contents/Developer/Toolchains/XcodeDefault.xctoolchain/usr/bin/swiftc -module-name falcon -O -enforce-exclusivity\=checked @/Users/zhouming/Library/Developer/Xcode/DerivedData/falcon-gsoilikaxsflzjexzrtqkcenvrbo/Build/Intermediates.noindex/falcon.build/Release-iphonesimulator/falcon.build/Objects-normal/arm64/falcon.SwiftFileList -D COCOAPODS -default-isolation\=MainActor -enable-bare-slash-regex -enable-upcoming-feature DisableOutwardActorInference -enable-upcoming-feature InferSendableFromCaptures -enable-upcoming-feature GlobalActorIsolatedTypesUsability -enable-upcoming-feature MemberImportVisibility -enable-upcoming-feature InferIsolatedConformances -enable-upcoming-feature NonisolatedNonsendingByDefault -enable-experimental-feature DebugDescriptionMacro -sdk /Applications/Xcode.app/Contents/Developer/Platforms/iPhoneSimulator.platform/Developer/SDKs/iPhoneSimulator26.0.sdk -target arm64-apple-ios15.5-simulator -g -module-cache-path /Users/zhouming/Library/Developer/Xcode/DerivedData/ModuleCache.noindex -Xfrontend -serialize-debugging-options -profile-coverage-mapping -profile-generate -swift-version 5 -I /Users/zhouming/Library/Developer/Xcode/DerivedData/falcon-gsoilikaxsflzjexzrtqkcenvrbo/Build/Products/Release-iphonesimulator -F /Users/zhouming/Library/Developer/Xcode/DerivedData/falcon-gsoilikaxsflzjexzrtqkcenvrbo/Build/Products/Release-iphonesimulator -F /Users/zhouming/Library/Developer/Xcode/DerivedData/falcon-gsoilikaxsflzjexzrtqkcenvrbo/Build/Products/Release-iphonesimulator/Alamofire -F /Users/zhouming/Library/Developer/Xcode/DerivedData/falcon-gsoilikaxsflzjexzrtqkcenvrbo/Build/Products/Release-iphonesimulator/Cache -F /Users/zhouming/Library/Developer/Xcode/DerivedData/falcon-gsoilikaxsflzjexzrtqkcenvrbo/Build/Products/Release-iphonesimulator/DZNEmptyDataSet -F /Users/zhouming/Library/Developer/Xcode/DerivedData/falcon-gsoilikaxsflzjexzrtqkcenvrbo/Build/Products/Release-iphonesimulator/DisplayCriteria -F /Users/zhouming/Library/Developer/Xcode/DerivedData/falcon-gsoilikaxsflzjexzrtqkcenvrbo/Build/Products/Release-iphonesimulator/ESTabBarController-swift -F /Users/zhouming/Library/Developer/Xcode/DerivedData/falcon-gsoilikaxsflzjexzrtqkcenvrbo/Build/Products/Release-iphonesimulator/FFmpegKit -F /Users/zhouming/Library/Developer/Xcode/DerivedData/falcon-gsoilikaxsflzjexzrtqkcenvrbo/Build/Products/Release-iphonesimulator/IQKeyboardCore -F /Users/zhouming/Library/Developer/Xcode/DerivedData/falcon-gsoilikaxsflzjexzrtqkcenvrbo/Build/Products/Release-iphonesimulator/IQKeyboardManagerSwift -F /Users/zhouming/Library/Developer/Xcode/DerivedData/falcon-gsoilikaxsflzjexzrtqkcenvrbo/Build/Products/Release-iphonesimulator/IQKeyboardNotification -F /Users/zhouming/Library/Developer/Xcode/DerivedData/falcon-gsoilikaxsflzjexzrtqkcenvrbo/Build/Products/Release-iphonesimulator/IQKeyboardReturnManager -F /Users/zhouming/Library/Developer/Xcode/DerivedData/falcon-gsoilikaxsflzjexzrtqkcenvrbo/Build/Products/Release-iphonesimulator/IQKeyboardToolbar -F /Users/zhouming/Library/Developer/Xcode/DerivedData/falcon-gsoilikaxsflzjexzrtqkcenvrbo/Build/Products/Release-iphonesimulator/IQKeyboardToolbarManager -F /Users/zhouming/Library/Developer/Xcode/DerivedData/falcon-gsoilikaxsflzjexzrtqkcenvrbo/Build/Products/Release-iphonesimulator/IQTextInputViewNotification -F /Users/zhouming/Library/Developer/Xcode/DerivedData/falcon-gsoilikaxsflzjexzrtqkcenvrbo/Build/Products/Release-iphonesimulator/IQTextView -F /Users/zhouming/Library/Developer/Xcode/DerivedData/falcon-gsoilikaxsflzjexzrtqkcenvrbo/Build/Products/Release-iphonesimulator/JXPagingView -F /Users/zhouming/Library/Developer/Xcode/DerivedData/falcon-gsoilikaxsflzjexzrtqkcenvrbo/Build/Products/Release-iphonesimulator/JXSegmentedView -F /Users/zhouming/Library/Developer/Xcode/DerivedData/falcon-gsoilikaxsflzjexzrtqkcenvrbo/Build/Products/Release-iphonesimulator/KSPlayer -F /Users/zhouming/Library/Developer/Xcode/DerivedData/falcon-gsoilikaxsflzjexzrtqkcenvrbo/Build/Products/Release-iphonesimulator/Kingfisher -F /Users/zhouming/Library/Developer/Xcode/DerivedData/falcon-gsoilikaxsflzjexzrtqkcenvrbo/Build/Products/Release-iphonesimulator/MBProgressHUD -F /Users/zhouming/Library/Developer/Xcode/DerivedData/falcon-gsoilikaxsflzjexzrtqkcenvrbo/Build/Products/Release-iphonesimulator/SnapKit -F /Users/zhouming/Library/Developer/Xcode/DerivedData/falcon-gsoilikaxsflzjexzrtqkcenvrbo/Build/Products/Release-iphonesimulator/Toast -F /Users/zhouming/Library/Developer/Xcode/DerivedData/falcon-gsoilikaxsflzjexzrtqkcenvrbo/Build/Products/Release-iphonesimulator/YQKingfisher -F /Users/zhouming/Library/Developer/Xcode/DerivedData/falcon-gsoilikaxsflzjexzrtqkcenvrbo/Build/Products/Release-iphonesimulator/YQPhotoBrowser -F /Users/zhouming/Library/Developer/Xcode/DerivedData/falcon-gsoilikaxsflzjexzrtqkcenvrbo/Build/Products/Release-iphonesimulator/YYCache -F /Users/zhouming/Library/Developer/Xcode/DerivedData/falcon-gsoilikaxsflzjexzrtqkcenvrbo/Build/Products/Release-iphonesimulator/YYText -F /Users/zhouming/Library/Developer/Xcode/DerivedData/falcon-gsoilikaxsflzjexzrtqkcenvrbo/Build/Products/Release-iphonesimulator/ZLPhotoBrowser -F /Users/zhouming/Library/Developer/Xcode/DerivedData/falcon-gsoilikaxsflzjexzrtqkcenvrbo/Build/Products/Release-iphonesimulator/lottie-ios -F /Users/zhouming/Desktop/falcon/Pods/FFmpegKit/Sources -F /Users/zhouming/Desktop/falcon/Pods/Libass/Sources -F /Users/zhouming/Library/Developer/Xcode/DerivedData/falcon-gsoilikaxsflzjexzrtqkcenvrbo/Build/Products/Release-iphonesimulator/XCFrameworkIntermediates/FFmpegKit/FFmpegKit -F /Users/zhouming/Library/Developer/Xcode/DerivedData/falcon-gsoilikaxsflzjexzrtqkcenvrbo/Build/Products/Release-iphonesimulator/XCFrameworkIntermediates/Libass/Libass -emit-localized-strings -emit-localized-strings-path /Users/zhouming/Library/Developer/Xcode/DerivedData/falcon-gsoilikaxsflzjexzrtqkcenvrbo/Build/Intermediates.noindex/falcon.build/Release-iphonesimulator/falcon.build/Objects-normal/arm64 -c -j8 -enable-batch-mode -incremental -Xcc -ivfsstatcache -Xcc /Users/zhouming/Library/Developer/Xcode/DerivedData/SDKStatCaches.noindex/iphonesimulator26.0-23A339-3885c01c3e6b6a337905948deab2002e26257891a6c027eb51374368541b8346.sdkstatcache -output-file-map /Users/zhouming/Library/Developer/Xcode/DerivedData/falcon-gsoilikaxsflzjexzrtqkcenvrbo/Build/Intermediates.noindex/falcon.build/Release-iphonesimulator/falcon.build/Objects-normal/arm64/falcon-OutputFileMap.json -use-frontend-parseable-output -save-temps -no-color-diagnostics -explicit-module-build -module-cache-path /Users/zhouming/Library/Developer/Xcode/DerivedData/falcon-gsoilikaxsflzjexzrtqkcenvrbo/Build/Intermediates.noindex/SwiftExplicitPrecompiledModules -clang-scanner-module-cache-path /Users/zhouming/Library/Developer/Xcode/DerivedData/ModuleCache.noindex -sdk-module-cache-path /Users/zhouming/Library/Developer/Xcode/DerivedData/ModuleCache.noindex -serialize-diagnostics -emit-dependencies -emit-module -emit-module-path /Users/zhouming/Library/Developer/Xcode/DerivedData/falcon-gsoilikaxsflzjexzrtqkcenvrbo/Build/Intermediates.noindex/falcon.build/Release-iphonesimulator/falcon.build/Objects-normal/arm64/falcon.swiftmodule -validate-clang-modules-once -clang-build-session-file /Users/zhouming/Library/Developer/Xcode/DerivedData/ModuleCache.noindex/Session.modulevalidation -Xcc -I/Users/zhouming/Library/Developer/Xcode/DerivedData/falcon-gsoilikaxsflzjexzrtqkcenvrbo/Build/Intermediates.noindex/falcon.build/Release-iphonesimulator/falcon.build/swift-overrides.hmap -emit-const-values -Xfrontend -const-gather-protocols-file -Xfrontend /Users/zhouming/Library/Developer/Xcode/DerivedData/falcon-gsoilikaxsflzjexzrtqkcenvrbo/Build/Intermediates.noindex/falcon.build/Release-iphonesimulator/falcon.build/Objects-normal/arm64/falcon_const_extract_protocols.json -Xcc -iquote -Xcc /Users/zhouming/Library/Developer/Xcode/DerivedData/falcon-gsoilikaxsflzjexzrtqkcenvrbo/Build/Intermediates.noindex/falcon.build/Release-iphonesimulator/falcon.build/falcon-generated-files.hmap -Xcc -I/Users/zhouming/Library/Developer/Xcode/DerivedData/falcon-gsoilikaxsflzjexzrtqkcenvrbo/Build/Intermediates.noindex/falcon.build/Release-iphonesimulator/falcon.build/falcon-own-target-headers.hmap -Xcc -I/Users/zhouming/Library/Developer/Xcode/DerivedData/falcon-gsoilikaxsflzjexzrtqkcenvrbo/Build/Intermediates.noindex/falcon.build/Release-iphonesimulator/falcon.build/falcon-all-non-framework-target-headers.hmap -Xcc -ivfsoverlay -Xcc /Users/zhouming/Library/Developer/Xcode/DerivedData/falcon-gsoilikaxsflzjexzrtqkcenvrbo/Build/Intermediates.noindex/falcon.build/Release-iphonesimulator/falcon-0daf7a28aeb72ccd5ee13e2bf2731ec9-VFS-iphonesimulator/all-product-headers.yaml -Xcc -iquote -Xcc /Users/zhouming/Library/Developer/Xcode/DerivedData/falcon-gsoilikaxsflzjexzrtqkcenvrbo/Build/Intermediates.noindex/falcon.build/Release-iphonesimulator/falcon.build/falcon-project-headers.hmap -Xcc -I/Users/zhouming/Library/Developer/Xcode/DerivedData/falcon-gsoilikaxsflzjexzrtqkcenvrbo/Build/Products/Release-iphonesimulator/include -Xcc -I/Users/zhouming/Library/Developer/Xcode/DerivedData/falcon-gsoilikaxsflzjexzrtqkcenvrbo/Build/Products/Release-iphonesimulator/Alamofire/Alamofire.framework/Headers -Xcc -I/Users/zhouming/Library/Developer/Xcode/DerivedData/falcon-gsoilikaxsflzjexzrtqkcenvrbo/Build/Products/Release-iphonesimulator/Cache/Cache.framework/Headers -Xcc -I/Users/zhouming/Library/Developer/Xcode/DerivedData/falcon-gsoilikaxsflzjexzrtqkcenvrbo/Build/Products/Release-iphonesimulator/DZNEmptyDataSet/DZNEmptyDataSet.framework/Headers -Xcc -I/Users/zhouming/Library/Developer/Xcode/DerivedData/falcon-gsoilikaxsflzjexzrtqkcenvrbo/Build/Products/Release-iphonesimulator/DisplayCriteria/DisplayCriteria.framework/Headers -Xcc -I/Users/zhouming/Library/Developer/Xcode/DerivedData/falcon-gsoilikaxsflzjexzrtqkcenvrbo/Build/Products/Release-iphonesimulator/ESTabBarController-swift/ESTabBarController_swift.framework/Headers -Xcc -I/Users/zhouming/Library/Developer/Xcode/DerivedData/falcon-gsoilikaxsflzjexzrtqkcenvrbo/Build/Products/Release-iphonesimulator/FFmpegKit/FFmpegKit.framework/Headers -Xcc -I/Users/zhouming/Library/Developer/Xcode/DerivedData/falcon-gsoilikaxsflzjexzrtqkcenvrbo/Build/Products/Release-iphonesimulator/IQKeyboardCore/IQKeyboardCore.framework/Headers -Xcc -I/Users/zhouming/Library/Developer/Xcode/DerivedData/falcon-gsoilikaxsflzjexzrtqkcenvrbo/Build/Products/Release-iphonesimulator/IQKeyboardManagerSwift/IQKeyboardManagerSwift.framework/Headers -Xcc -I/Users/zhouming/Library/Developer/Xcode/DerivedData/falcon-gsoilikaxsflzjexzrtqkcenvrbo/Build/Products/Release-iphonesimulator/IQKeyboardNotification/IQKeyboardNotification.framework/Headers -Xcc -I/Users/zhouming/Library/Developer/Xcode/DerivedData/falcon-gsoilikaxsflzjexzrtqkcenvrbo/Build/Products/Release-iphonesimulator/IQKeyboardReturnManager/IQKeyboardReturnManager.framework/Headers -Xcc -I/Users/zhouming/Library/Developer/Xcode/DerivedData/falcon-gsoilikaxsflzjexzrtqkcenvrbo/Build/Products/Release-iphonesimulator/IQKeyboardToolbar/IQKeyboardToolbar.framework/Headers -Xcc -I/Users/zhouming/Library/Developer/Xcode/DerivedData/falcon-gsoilikaxsflzjexzrtqkcenvrbo/Build/Products/Release-iphonesimulator/IQKeyboardToolbarManager/IQKeyboardToolbarManager.framework/Headers -Xcc -I/Users/zhouming/Library/Developer/Xcode/DerivedData/falcon-gsoilikaxsflzjexzrtqkcenvrbo/Build/Products/Release-iphonesimulator/IQTextInputViewNotification/IQTextInputViewNotification.framework/Headers -Xcc -I/Users/zhouming/Library/Developer/Xcode/DerivedData/falcon-gsoilikaxsflzjexzrtqkcenvrbo/Build/Products/Release-iphonesimulator/IQTextView/IQTextView.framework/Headers -Xcc -I/Users/zhouming/Library/Developer/Xcode/DerivedData/falcon-gsoilikaxsflzjexzrtqkcenvrbo/Build/Products/Release-iphonesimulator/JXPagingView/JXPagingView.framework/Headers -Xcc -I/Users/zhouming/Library/Developer/Xcode/DerivedData/falcon-gsoilikaxsflzjexzrtqkcenvrbo/Build/Products/Release-iphonesimulator/JXSegmentedView/JXSegmentedView.framework/Headers -Xcc -I/Users/zhouming/Library/Developer/Xcode/DerivedData/falcon-gsoilikaxsflzjexzrtqkcenvrbo/Build/Products/Release-iphonesimulator/KSPlayer/KSPlayer.framework/Headers -Xcc -I/Users/zhouming/Library/Developer/Xcode/DerivedData/falcon-gsoilikaxsflzjexzrtqkcenvrbo/Build/Products/Release-iphonesimulator/Kingfisher/Kingfisher.framework/Headers -Xcc -I/Users/zhouming/Library/Developer/Xcode/DerivedData/falcon-gsoilikaxsflzjexzrtqkcenvrbo/Build/Products/Release-iphonesimulator/MBProgressHUD/MBProgressHUD.framework/Headers -Xcc -I/Users/zhouming/Library/Developer/Xcode/DerivedData/falcon-gsoilikaxsflzjexzrtqkcenvrbo/Build/Products/Release-iphonesimulator/SnapKit/SnapKit.framework/Headers -Xcc -I/Users/zhouming/Library/Developer/Xcode/DerivedData/falcon-gsoilikaxsflzjexzrtqkcenvrbo/Build/Products/Release-iphonesimulator/Toast/Toast.framework/Headers -Xcc -I/Users/zhouming/Library/Developer/Xcode/DerivedData/falcon-gsoilikaxsflzjexzrtqkcenvrbo/Build/Products/Release-iphonesimulator/YQKingfisher/YQKingfisher.framework/Headers -Xcc -I/Users/zhouming/Library/Developer/Xcode/DerivedData/falcon-gsoilikaxsflzjexzrtqkcenvrbo/Build/Products/Release-iphonesimulator/YQPhotoBrowser/YQPhotoBrowser.framework/Headers -Xcc -I/Users/zhouming/Library/Developer/Xcode/DerivedData/falcon-gsoilikaxsflzjexzrtqkcenvrbo/Build/Products/Release-iphonesimulator/YYCache/YYCache.framework/Headers -Xcc -I/Users/zhouming/Library/Developer/Xcode/DerivedData/falcon-gsoilikaxsflzjexzrtqkcenvrbo/Build/Products/Release-iphonesimulator/YYText/YYText.framework/Headers -Xcc -I/Users/zhouming/Library/Developer/Xcode/DerivedData/falcon-gsoilikaxsflzjexzrtqkcenvrbo/Build/Products/Release-iphonesimulator/ZLPhotoBrowser/ZLPhotoBrowser.framework/Headers -Xcc -I/Users/zhouming/Library/Developer/Xcode/DerivedData/falcon-gsoilikaxsflzjexzrtqkcenvrbo/Build/Products/Release-iphonesimulator/lottie-ios/Lottie.framework/Headers -Xcc -I/Users/zhouming/Library/Developer/Xcode/DerivedData/falcon-gsoilikaxsflzjexzrtqkcenvrbo/Build/Products/Release-iphonesimulator/XCFrameworkIntermediates/FFmpegKit/FFmpegKit/Headers -Xcc -I/Users/zhouming/Library/Developer/Xcode/DerivedData/falcon-gsoilikaxsflzjexzrtqkcenvrbo/Build/Intermediates.noindex/falcon.build/Release-iphonesimulator/falcon.build/DerivedSources-normal/arm64 -Xcc -I/Users/zhouming/Library/Developer/Xcode/DerivedData/falcon-gsoilikaxsflzjexzrtqkcenvrbo/Build/Intermediates.noindex/falcon.build/Release-iphonesimulator/falcon.build/DerivedSources/arm64 -Xcc -I/Users/zhouming/Library/Developer/Xcode/DerivedData/falcon-gsoilikaxsflzjexzrtqkcenvrbo/Build/Intermediates.noindex/falcon.build/Release-iphonesimulator/falcon.build/DerivedSources -Xcc -DCOCOAPODS\=1 -emit-objc-header -emit-objc-header-path /Users/zhouming/Library/Developer/Xcode/DerivedData/falcon-gsoilikaxsflzjexzrtqkcenvrbo/Build/Intermediates.noindex/falcon.build/Release-iphonesimulator/falcon.build/Objects-normal/arm64/falcon-Swift.h -working-directory /Users/zhouming/Desktop/falcon -experimental-emit-module-separately -disable-cmo

SwiftDriverJobDiscovery normal arm64 Compiling DSCardListCell.swift, DSAvatar.swift, DSBannerView.swift, DSButton.swift, DSCardView.swift, DSEmptyStateView.swift, DSImageCardView.swift, DSLabel.swift, DSLoadingView.swift, DSTag.swift, DSTextField.swift, DSToast.swift, DSColor.swift, DSSpacing.swift, DSTypography.swift, String+Extension.swift, UIColor+Extension.swift (in target 'falcon' from project 'falcon')

SwiftCompile normal x86_64 Compiling\ DSTextField.swift,\ DSToast.swift,\ DSColor.swift,\ DSSpacing.swift /Users/zhouming/Desktop/falcon/falcon/Core/DesignSystem/Components/DSTextField.swift /Users/zhouming/Desktop/falcon/falcon/Core/DesignSystem/Components/DSToast.swift /Users/zhouming/Desktop/falcon/falcon/Core/DesignSystem/Tokens/DSColor.swift /Users/zhouming/Desktop/falcon/falcon/Core/DesignSystem/Tokens/DSSpacing.swift (in target 'falcon' from project 'falcon')

SwiftCompile normal x86_64 /Users/zhouming/Desktop/falcon/falcon/Core/DesignSystem/Components/DSTextField.swift (in target 'falcon' from project 'falcon')
    cd /Users/zhouming/Desktop/falcon
    

SwiftCompile normal x86_64 /Users/zhouming/Desktop/falcon/falcon/Core/DesignSystem/Components/DSToast.swift (in target 'falcon' from project 'falcon')
    cd /Users/zhouming/Desktop/falcon
    
/Users/zhouming/Desktop/falcon/falcon/Core/DesignSystem/Components/DSToast.swift:105:61: warning: 'windows' was deprecated in iOS 15.0: Use UIWindowScene.windows on a relevant window scene instead
        guard let targetView = view ?? UIApplication.shared.windows.first(where: { $0.isKeyWindow }) else { return }
                                                            ^

SwiftCompile normal x86_64 /Users/zhouming/Desktop/falcon/falcon/Core/DesignSystem/Tokens/DSColor.swift (in target 'falcon' from project 'falcon')
    cd /Users/zhouming/Desktop/falcon
    

SwiftCompile normal x86_64 /Users/zhouming/Desktop/falcon/falcon/Core/DesignSystem/Tokens/DSSpacing.swift (in target 'falcon' from project 'falcon')
    cd /Users/zhouming/Desktop/falcon
    

Copy /Users/zhouming/Library/Developer/Xcode/DerivedData/falcon-gsoilikaxsflzjexzrtqkcenvrbo/Build/Products/Release-iphonesimulator/falcon.swiftmodule/arm64-apple-ios-simulator.swiftmodule /Users/zhouming/Library/Developer/Xcode/DerivedData/falcon-gsoilikaxsflzjexzrtqkcenvrbo/Build/Intermediates.noindex/falcon.build/Release-iphonesimulator/falcon.build/Objects-normal/arm64/falcon.swiftmodule (in target 'falcon' from project 'falcon')
    cd /Users/zhouming/Desktop/falcon
    builtin-copy -exclude .DS_Store -exclude CVS -exclude .svn -exclude .git -exclude .hg -resolve-src-symlinks -rename /Users/zhouming/Library/Developer/Xcode/DerivedData/falcon-gsoilikaxsflzjexzrtqkcenvrbo/Build/Intermediates.noindex/falcon.build/Release-iphonesimulator/falcon.build/Objects-normal/arm64/falcon.swiftmodule /Users/zhouming/Library/Developer/Xcode/DerivedData/falcon-gsoilikaxsflzjexzrtqkcenvrbo/Build/Products/Release-iphonesimulator/falcon.swiftmodule/arm64-apple-ios-simulator.swiftmodule

SwiftDriverJobDiscovery normal x86_64 Emitting module for falcon (in target 'falcon' from project 'falcon')

SwiftDriver\ Compilation\ Requirements falcon normal x86_64 com.apple.xcode.tools.swift.compiler (in target 'falcon' from project 'falcon')
    cd /Users/zhouming/Desktop/falcon
    builtin-Swift-Compilation-Requirements -- /Applications/Xcode.app/Contents/Developer/Toolchains/XcodeDefault.xctoolchain/usr/bin/swiftc -module-name falcon -O -enforce-exclusivity\=checked @/Users/zhouming/Library/Developer/Xcode/DerivedData/falcon-gsoilikaxsflzjexzrtqkcenvrbo/Build/Intermediates.noindex/falcon.build/Release-iphonesimulator/falcon.build/Objects-normal/x86_64/falcon.SwiftFileList -D COCOAPODS -default-isolation\=MainActor -enable-bare-slash-regex -enable-upcoming-feature DisableOutwardActorInference -enable-upcoming-feature InferSendableFromCaptures -enable-upcoming-feature GlobalActorIsolatedTypesUsability -enable-upcoming-feature MemberImportVisibility -enable-upcoming-feature InferIsolatedConformances -enable-upcoming-feature NonisolatedNonsendingByDefault -enable-experimental-feature DebugDescriptionMacro -sdk /Applications/Xcode.app/Contents/Developer/Platforms/iPhoneSimulator.platform/Developer/SDKs/iPhoneSimulator26.0.sdk -target x86_64-apple-ios15.5-simulator -g -module-cache-path /Users/zhouming/Library/Developer/Xcode/DerivedData/ModuleCache.noindex -Xfrontend -serialize-debugging-options -profile-coverage-mapping -profile-generate -swift-version 5 -I /Users/zhouming/Library/Developer/Xcode/DerivedData/falcon-gsoilikaxsflzjexzrtqkcenvrbo/Build/Products/Release-iphonesimulator -F /Users/zhouming/Library/Developer/Xcode/DerivedData/falcon-gsoilikaxsflzjexzrtqkcenvrbo/Build/Products/Release-iphonesimulator -F /Users/zhouming/Library/Developer/Xcode/DerivedData/falcon-gsoilikaxsflzjexzrtqkcenvrbo/Build/Products/Release-iphonesimulator/Alamofire -F /Users/zhouming/Library/Developer/Xcode/DerivedData/falcon-gsoilikaxsflzjexzrtqkcenvrbo/Build/Products/Release-iphonesimulator/Cache -F /Users/zhouming/Library/Developer/Xcode/DerivedData/falcon-gsoilikaxsflzjexzrtqkcenvrbo/Build/Products/Release-iphonesimulator/DZNEmptyDataSet -F /Users/zhouming/Library/Developer/Xcode/DerivedData/falcon-gsoilikaxsflzjexzrtqkcenvrbo/Build/Products/Release-iphonesimulator/DisplayCriteria -F /Users/zhouming/Library/Developer/Xcode/DerivedData/falcon-gsoilikaxsflzjexzrtqkcenvrbo/Build/Products/Release-iphonesimulator/ESTabBarController-swift -F /Users/zhouming/Library/Developer/Xcode/DerivedData/falcon-gsoilikaxsflzjexzrtqkcenvrbo/Build/Products/Release-iphonesimulator/FFmpegKit -F /Users/zhouming/Library/Developer/Xcode/DerivedData/falcon-gsoilikaxsflzjexzrtqkcenvrbo/Build/Products/Release-iphonesimulator/IQKeyboardCore -F /Users/zhouming/Library/Developer/Xcode/DerivedData/falcon-gsoilikaxsflzjexzrtqkcenvrbo/Build/Products/Release-iphonesimulator/IQKeyboardManagerSwift -F /Users/zhouming/Library/Developer/Xcode/DerivedData/falcon-gsoilikaxsflzjexzrtqkcenvrbo/Build/Products/Release-iphonesimulator/IQKeyboardNotification -F /Users/zhouming/Library/Developer/Xcode/DerivedData/falcon-gsoilikaxsflzjexzrtqkcenvrbo/Build/Products/Release-iphonesimulator/IQKeyboardReturnManager -F /Users/zhouming/Library/Developer/Xcode/DerivedData/falcon-gsoilikaxsflzjexzrtqkcenvrbo/Build/Products/Release-iphonesimulator/IQKeyboardToolbar -F /Users/zhouming/Library/Developer/Xcode/DerivedData/falcon-gsoilikaxsflzjexzrtqkcenvrbo/Build/Products/Release-iphonesimulator/IQKeyboardToolbarManager -F /Users/zhouming/Library/Developer/Xcode/DerivedData/falcon-gsoilikaxsflzjexzrtqkcenvrbo/Build/Products/Release-iphonesimulator/IQTextInputViewNotification -F /Users/zhouming/Library/Developer/Xcode/DerivedData/falcon-gsoilikaxsflzjexzrtqkcenvrbo/Build/Products/Release-iphonesimulator/IQTextView -F /Users/zhouming/Library/Developer/Xcode/DerivedData/falcon-gsoilikaxsflzjexzrtqkcenvrbo/Build/Products/Release-iphonesimulator/JXPagingView -F /Users/zhouming/Library/Developer/Xcode/DerivedData/falcon-gsoilikaxsflzjexzrtqkcenvrbo/Build/Products/Release-iphonesimulator/JXSegmentedView -F /Users/zhouming/Library/Developer/Xcode/DerivedData/falcon-gsoilikaxsflzjexzrtqkcenvrbo/Build/Products/Release-iphonesimulator/KSPlayer -F /Users/zhouming/Library/Developer/Xcode/DerivedData/falcon-gsoilikaxsflzjexzrtqkcenvrbo/Build/Products/Release-iphonesimulator/Kingfisher -F /Users/zhouming/Library/Developer/Xcode/DerivedData/falcon-gsoilikaxsflzjexzrtqkcenvrbo/Build/Products/Release-iphonesimulator/MBProgressHUD -F /Users/zhouming/Library/Developer/Xcode/DerivedData/falcon-gsoilikaxsflzjexzrtqkcenvrbo/Build/Products/Release-iphonesimulator/SnapKit -F /Users/zhouming/Library/Developer/Xcode/DerivedData/falcon-gsoilikaxsflzjexzrtqkcenvrbo/Build/Products/Release-iphonesimulator/Toast -F /Users/zhouming/Library/Developer/Xcode/DerivedData/falcon-gsoilikaxsflzjexzrtqkcenvrbo/Build/Products/Release-iphonesimulator/YQKingfisher -F /Users/zhouming/Library/Developer/Xcode/DerivedData/falcon-gsoilikaxsflzjexzrtqkcenvrbo/Build/Products/Release-iphonesimulator/YQPhotoBrowser -F /Users/zhouming/Library/Developer/Xcode/DerivedData/falcon-gsoilikaxsflzjexzrtqkcenvrbo/Build/Products/Release-iphonesimulator/YYCache -F /Users/zhouming/Library/Developer/Xcode/DerivedData/falcon-gsoilikaxsflzjexzrtqkcenvrbo/Build/Products/Release-iphonesimulator/YYText -F /Users/zhouming/Library/Developer/Xcode/DerivedData/falcon-gsoilikaxsflzjexzrtqkcenvrbo/Build/Products/Release-iphonesimulator/ZLPhotoBrowser -F /Users/zhouming/Library/Developer/Xcode/DerivedData/falcon-gsoilikaxsflzjexzrtqkcenvrbo/Build/Products/Release-iphonesimulator/lottie-ios -F /Users/zhouming/Desktop/falcon/Pods/FFmpegKit/Sources -F /Users/zhouming/Desktop/falcon/Pods/Libass/Sources -F /Users/zhouming/Library/Developer/Xcode/DerivedData/falcon-gsoilikaxsflzjexzrtqkcenvrbo/Build/Products/Release-iphonesimulator/XCFrameworkIntermediates/FFmpegKit/FFmpegKit -F /Users/zhouming/Library/Developer/Xcode/DerivedData/falcon-gsoilikaxsflzjexzrtqkcenvrbo/Build/Products/Release-iphonesimulator/XCFrameworkIntermediates/Libass/Libass -emit-localized-strings -emit-localized-strings-path /Users/zhouming/Library/Developer/Xcode/DerivedData/falcon-gsoilikaxsflzjexzrtqkcenvrbo/Build/Intermediates.noindex/falcon.build/Release-iphonesimulator/falcon.build/Objects-normal/x86_64 -c -j8 -enable-batch-mode -incremental -Xcc -ivfsstatcache -Xcc /Users/zhouming/Library/Developer/Xcode/DerivedData/SDKStatCaches.noindex/iphonesimulator26.0-23A339-3885c01c3e6b6a337905948deab2002e26257891a6c027eb51374368541b8346.sdkstatcache -output-file-map /Users/zhouming/Library/Developer/Xcode/DerivedData/falcon-gsoilikaxsflzjexzrtqkcenvrbo/Build/Intermediates.noindex/falcon.build/Release-iphonesimulator/falcon.build/Objects-normal/x86_64/falcon-OutputFileMap.json -use-frontend-parseable-output -save-temps -no-color-diagnostics -explicit-module-build -module-cache-path /Users/zhouming/Library/Developer/Xcode/DerivedData/falcon-gsoilikaxsflzjexzrtqkcenvrbo/Build/Intermediates.noindex/SwiftExplicitPrecompiledModules -clang-scanner-module-cache-path /Users/zhouming/Library/Developer/Xcode/DerivedData/ModuleCache.noindex -sdk-module-cache-path /Users/zhouming/Library/Developer/Xcode/DerivedData/ModuleCache.noindex -serialize-diagnostics -emit-dependencies -emit-module -emit-module-path /Users/zhouming/Library/Developer/Xcode/DerivedData/falcon-gsoilikaxsflzjexzrtqkcenvrbo/Build/Intermediates.noindex/falcon.build/Release-iphonesimulator/falcon.build/Objects-normal/x86_64/falcon.swiftmodule -validate-clang-modules-once -clang-build-session-file /Users/zhouming/Library/Developer/Xcode/DerivedData/ModuleCache.noindex/Session.modulevalidation -Xcc -I/Users/zhouming/Library/Developer/Xcode/DerivedData/falcon-gsoilikaxsflzjexzrtqkcenvrbo/Build/Intermediates.noindex/falcon.build/Release-iphonesimulator/falcon.build/swift-overrides.hmap -emit-const-values -Xfrontend -const-gather-protocols-file -Xfrontend /Users/zhouming/Library/Developer/Xcode/DerivedData/falcon-gsoilikaxsflzjexzrtqkcenvrbo/Build/Intermediates.noindex/falcon.build/Release-iphonesimulator/falcon.build/Objects-normal/x86_64/falcon_const_extract_protocols.json -Xcc -iquote -Xcc /Users/zhouming/Library/Developer/Xcode/DerivedData/falcon-gsoilikaxsflzjexzrtqkcenvrbo/Build/Intermediates.noindex/falcon.build/Release-iphonesimulator/falcon.build/falcon-generated-files.hmap -Xcc -I/Users/zhouming/Library/Developer/Xcode/DerivedData/falcon-gsoilikaxsflzjexzrtqkcenvrbo/Build/Intermediates.noindex/falcon.build/Release-iphonesimulator/falcon.build/falcon-own-target-headers.hmap -Xcc -I/Users/zhouming/Library/Developer/Xcode/DerivedData/falcon-gsoilikaxsflzjexzrtqkcenvrbo/Build/Intermediates.noindex/falcon.build/Release-iphonesimulator/falcon.build/falcon-all-non-framework-target-headers.hmap -Xcc -ivfsoverlay -Xcc /Users/zhouming/Library/Developer/Xcode/DerivedData/falcon-gsoilikaxsflzjexzrtqkcenvrbo/Build/Intermediates.noindex/falcon.build/Release-iphonesimulator/falcon-0daf7a28aeb72ccd5ee13e2bf2731ec9-VFS-iphonesimulator/all-product-headers.yaml -Xcc -iquote -Xcc /Users/zhouming/Library/Developer/Xcode/DerivedData/falcon-gsoilikaxsflzjexzrtqkcenvrbo/Build/Intermediates.noindex/falcon.build/Release-iphonesimulator/falcon.build/falcon-project-headers.hmap -Xcc -I/Users/zhouming/Library/Developer/Xcode/DerivedData/falcon-gsoilikaxsflzjexzrtqkcenvrbo/Build/Products/Release-iphonesimulator/include -Xcc -I/Users/zhouming/Library/Developer/Xcode/DerivedData/falcon-gsoilikaxsflzjexzrtqkcenvrbo/Build/Products/Release-iphonesimulator/Alamofire/Alamofire.framework/Headers -Xcc -I/Users/zhouming/Library/Developer/Xcode/DerivedData/falcon-gsoilikaxsflzjexzrtqkcenvrbo/Build/Products/Release-iphonesimulator/Cache/Cache.framework/Headers -Xcc -I/Users/zhouming/Library/Developer/Xcode/DerivedData/falcon-gsoilikaxsflzjexzrtqkcenvrbo/Build/Products/Release-iphonesimulator/DZNEmptyDataSet/DZNEmptyDataSet.framework/Headers -Xcc -I/Users/zhouming/Library/Developer/Xcode/DerivedData/falcon-gsoilikaxsflzjexzrtqkcenvrbo/Build/Products/Release-iphonesimulator/DisplayCriteria/DisplayCriteria.framework/Headers -Xcc -I/Users/zhouming/Library/Developer/Xcode/DerivedData/falcon-gsoilikaxsflzjexzrtqkcenvrbo/Build/Products/Release-iphonesimulator/ESTabBarController-swift/ESTabBarController_swift.framework/Headers -Xcc -I/Users/zhouming/Library/Developer/Xcode/DerivedData/falcon-gsoilikaxsflzjexzrtqkcenvrbo/Build/Products/Release-iphonesimulator/FFmpegKit/FFmpegKit.framework/Headers -Xcc -I/Users/zhouming/Library/Developer/Xcode/DerivedData/falcon-gsoilikaxsflzjexzrtqkcenvrbo/Build/Products/Release-iphonesimulator/IQKeyboardCore/IQKeyboardCore.framework/Headers -Xcc -I/Users/zhouming/Library/Developer/Xcode/DerivedData/falcon-gsoilikaxsflzjexzrtqkcenvrbo/Build/Products/Release-iphonesimulator/IQKeyboardManagerSwift/IQKeyboardManagerSwift.framework/Headers -Xcc -I/Users/zhouming/Library/Developer/Xcode/DerivedData/falcon-gsoilikaxsflzjexzrtqkcenvrbo/Build/Products/Release-iphonesimulator/IQKeyboardNotification/IQKeyboardNotification.framework/Headers -Xcc -I/Users/zhouming/Library/Developer/Xcode/DerivedData/falcon-gsoilikaxsflzjexzrtqkcenvrbo/Build/Products/Release-iphonesimulator/IQKeyboardReturnManager/IQKeyboardReturnManager.framework/Headers -Xcc -I/Users/zhouming/Library/Developer/Xcode/DerivedData/falcon-gsoilikaxsflzjexzrtqkcenvrbo/Build/Products/Release-iphonesimulator/IQKeyboardToolbar/IQKeyboardToolbar.framework/Headers -Xcc -I/Users/zhouming/Library/Developer/Xcode/DerivedData/falcon-gsoilikaxsflzjexzrtqkcenvrbo/Build/Products/Release-iphonesimulator/IQKeyboardToolbarManager/IQKeyboardToolbarManager.framework/Headers -Xcc -I/Users/zhouming/Library/Developer/Xcode/DerivedData/falcon-gsoilikaxsflzjexzrtqkcenvrbo/Build/Products/Release-iphonesimulator/IQTextInputViewNotification/IQTextInputViewNotification.framework/Headers -Xcc -I/Users/zhouming/Library/Developer/Xcode/DerivedData/falcon-gsoilikaxsflzjexzrtqkcenvrbo/Build/Products/Release-iphonesimulator/IQTextView/IQTextView.framework/Headers -Xcc -I/Users/zhouming/Library/Developer/Xcode/DerivedData/falcon-gsoilikaxsflzjexzrtqkcenvrbo/Build/Products/Release-iphonesimulator/JXPagingView/JXPagingView.framework/Headers -Xcc -I/Users/zhouming/Library/Developer/Xcode/DerivedData/falcon-gsoilikaxsflzjexzrtqkcenvrbo/Build/Products/Release-iphonesimulator/JXSegmentedView/JXSegmentedView.framework/Headers -Xcc -I/Users/zhouming/Library/Developer/Xcode/DerivedData/falcon-gsoilikaxsflzjexzrtqkcenvrbo/Build/Products/Release-iphonesimulator/KSPlayer/KSPlayer.framework/Headers -Xcc -I/Users/zhouming/Library/Developer/Xcode/DerivedData/falcon-gsoilikaxsflzjexzrtqkcenvrbo/Build/Products/Release-iphonesimulator/Kingfisher/Kingfisher.framework/Headers -Xcc -I/Users/zhouming/Library/Developer/Xcode/DerivedData/falcon-gsoilikaxsflzjexzrtqkcenvrbo/Build/Products/Release-iphonesimulator/MBProgressHUD/MBProgressHUD.framework/Headers -Xcc -I/Users/zhouming/Library/Developer/Xcode/DerivedData/falcon-gsoilikaxsflzjexzrtqkcenvrbo/Build/Products/Release-iphonesimulator/SnapKit/SnapKit.framework/Headers -Xcc -I/Users/zhouming/Library/Developer/Xcode/DerivedData/falcon-gsoilikaxsflzjexzrtqkcenvrbo/Build/Products/Release-iphonesimulator/Toast/Toast.framework/Headers -Xcc -I/Users/zhouming/Library/Developer/Xcode/DerivedData/falcon-gsoilikaxsflzjexzrtqkcenvrbo/Build/Products/Release-iphonesimulator/YQKingfisher/YQKingfisher.framework/Headers -Xcc -I/Users/zhouming/Library/Developer/Xcode/DerivedData/falcon-gsoilikaxsflzjexzrtqkcenvrbo/Build/Products/Release-iphonesimulator/YQPhotoBrowser/YQPhotoBrowser.framework/Headers -Xcc -I/Users/zhouming/Library/Developer/Xcode/DerivedData/falcon-gsoilikaxsflzjexzrtqkcenvrbo/Build/Products/Release-iphonesimulator/YYCache/YYCache.framework/Headers -Xcc -I/Users/zhouming/Library/Developer/Xcode/DerivedData/falcon-gsoilikaxsflzjexzrtqkcenvrbo/Build/Products/Release-iphonesimulator/YYText/YYText.framework/Headers -Xcc -I/Users/zhouming/Library/Developer/Xcode/DerivedData/falcon-gsoilikaxsflzjexzrtqkcenvrbo/Build/Products/Release-iphonesimulator/ZLPhotoBrowser/ZLPhotoBrowser.framework/Headers -Xcc -I/Users/zhouming/Library/Developer/Xcode/DerivedData/falcon-gsoilikaxsflzjexzrtqkcenvrbo/Build/Products/Release-iphonesimulator/lottie-ios/Lottie.framework/Headers -Xcc -I/Users/zhouming/Library/Developer/Xcode/DerivedData/falcon-gsoilikaxsflzjexzrtqkcenvrbo/Build/Products/Release-iphonesimulator/XCFrameworkIntermediates/FFmpegKit/FFmpegKit/Headers -Xcc -I/Users/zhouming/Library/Developer/Xcode/DerivedData/falcon-gsoilikaxsflzjexzrtqkcenvrbo/Build/Intermediates.noindex/falcon.build/Release-iphonesimulator/falcon.build/DerivedSources-normal/x86_64 -Xcc -I/Users/zhouming/Library/Developer/Xcode/DerivedData/falcon-gsoilikaxsflzjexzrtqkcenvrbo/Build/Intermediates.noindex/falcon.build/Release-iphonesimulator/falcon.build/DerivedSources/x86_64 -Xcc -I/Users/zhouming/Library/Developer/Xcode/DerivedData/falcon-gsoilikaxsflzjexzrtqkcenvrbo/Build/Intermediates.noindex/falcon.build/Release-iphonesimulator/falcon.build/DerivedSources -Xcc -DCOCOAPODS\=1 -emit-objc-header -emit-objc-header-path /Users/zhouming/Library/Developer/Xcode/DerivedData/falcon-gsoilikaxsflzjexzrtqkcenvrbo/Build/Intermediates.noindex/falcon.build/Release-iphonesimulator/falcon.build/Objects-normal/x86_64/falcon-Swift.h -working-directory /Users/zhouming/Desktop/falcon -experimental-emit-module-separately -disable-cmo

Copy /Users/zhouming/Library/Developer/Xcode/DerivedData/falcon-gsoilikaxsflzjexzrtqkcenvrbo/Build/Products/Release-iphonesimulator/falcon.swiftmodule/arm64-apple-ios-simulator.abi.json /Users/zhouming/Library/Developer/Xcode/DerivedData/falcon-gsoilikaxsflzjexzrtqkcenvrbo/Build/Intermediates.noindex/falcon.build/Release-iphonesimulator/falcon.build/Objects-normal/arm64/falcon.abi.json (in target 'falcon' from project 'falcon')
    cd /Users/zhouming/Desktop/falcon
    builtin-copy -exclude .DS_Store -exclude CVS -exclude .svn -exclude .git -exclude .hg -resolve-src-symlinks -rename /Users/zhouming/Library/Developer/Xcode/DerivedData/falcon-gsoilikaxsflzjexzrtqkcenvrbo/Build/Intermediates.noindex/falcon.build/Release-iphonesimulator/falcon.build/Objects-normal/arm64/falcon.abi.json /Users/zhouming/Library/Developer/Xcode/DerivedData/falcon-gsoilikaxsflzjexzrtqkcenvrbo/Build/Products/Release-iphonesimulator/falcon.swiftmodule/arm64-apple-ios-simulator.abi.json

Copy /Users/zhouming/Library/Developer/Xcode/DerivedData/falcon-gsoilikaxsflzjexzrtqkcenvrbo/Build/Products/Release-iphonesimulator/falcon.swiftmodule/x86_64-apple-ios-simulator.swiftmodule /Users/zhouming/Library/Developer/Xcode/DerivedData/falcon-gsoilikaxsflzjexzrtqkcenvrbo/Build/Intermediates.noindex/falcon.build/Release-iphonesimulator/falcon.build/Objects-normal/x86_64/falcon.swiftmodule (in target 'falcon' from project 'falcon')
    cd /Users/zhouming/Desktop/falcon
    builtin-copy -exclude .DS_Store -exclude CVS -exclude .svn -exclude .git -exclude .hg -resolve-src-symlinks -rename /Users/zhouming/Library/Developer/Xcode/DerivedData/falcon-gsoilikaxsflzjexzrtqkcenvrbo/Build/Intermediates.noindex/falcon.build/Release-iphonesimulator/falcon.build/Objects-normal/x86_64/falcon.swiftmodule /Users/zhouming/Library/Developer/Xcode/DerivedData/falcon-gsoilikaxsflzjexzrtqkcenvrbo/Build/Products/Release-iphonesimulator/falcon.swiftmodule/x86_64-apple-ios-simulator.swiftmodule

Copy /Users/zhouming/Library/Developer/Xcode/DerivedData/falcon-gsoilikaxsflzjexzrtqkcenvrbo/Build/Products/Release-iphonesimulator/falcon.swiftmodule/x86_64-apple-ios-simulator.abi.json /Users/zhouming/Library/Developer/Xcode/DerivedData/falcon-gsoilikaxsflzjexzrtqkcenvrbo/Build/Intermediates.noindex/falcon.build/Release-iphonesimulator/falcon.build/Objects-normal/x86_64/falcon.abi.json (in target 'falcon' from project 'falcon')
    cd /Users/zhouming/Desktop/falcon
    builtin-copy -exclude .DS_Store -exclude CVS -exclude .svn -exclude .git -exclude .hg -resolve-src-symlinks -rename /Users/zhouming/Library/Developer/Xcode/DerivedData/falcon-gsoilikaxsflzjexzrtqkcenvrbo/Build/Intermediates.noindex/falcon.build/Release-iphonesimulator/falcon.build/Objects-normal/x86_64/falcon.abi.json /Users/zhouming/Library/Developer/Xcode/DerivedData/falcon-gsoilikaxsflzjexzrtqkcenvrbo/Build/Products/Release-iphonesimulator/falcon.swiftmodule/x86_64-apple-ios-simulator.abi.json

Copy /Users/zhouming/Library/Developer/Xcode/DerivedData/falcon-gsoilikaxsflzjexzrtqkcenvrbo/Build/Products/Release-iphonesimulator/falcon.swiftmodule/Project/x86_64-apple-ios-simulator.swiftsourceinfo /Users/zhouming/Library/Developer/Xcode/DerivedData/falcon-gsoilikaxsflzjexzrtqkcenvrbo/Build/Intermediates.noindex/falcon.build/Release-iphonesimulator/falcon.build/Objects-normal/x86_64/falcon.swiftsourceinfo (in target 'falcon' from project 'falcon')
    cd /Users/zhouming/Desktop/falcon
    builtin-copy -exclude .DS_Store -exclude CVS -exclude .svn -exclude .git -exclude .hg -resolve-src-symlinks -rename /Users/zhouming/Library/Developer/Xcode/DerivedData/falcon-gsoilikaxsflzjexzrtqkcenvrbo/Build/Intermediates.noindex/falcon.build/Release-iphonesimulator/falcon.build/Objects-normal/x86_64/falcon.swiftsourceinfo /Users/zhouming/Library/Developer/Xcode/DerivedData/falcon-gsoilikaxsflzjexzrtqkcenvrbo/Build/Products/Release-iphonesimulator/falcon.swiftmodule/Project/x86_64-apple-ios-simulator.swiftsourceinfo

Copy /Users/zhouming/Library/Developer/Xcode/DerivedData/falcon-gsoilikaxsflzjexzrtqkcenvrbo/Build/Products/Release-iphonesimulator/falcon.swiftmodule/Project/arm64-apple-ios-simulator.swiftsourceinfo /Users/zhouming/Library/Developer/Xcode/DerivedData/falcon-gsoilikaxsflzjexzrtqkcenvrbo/Build/Intermediates.noindex/falcon.build/Release-iphonesimulator/falcon.build/Objects-normal/arm64/falcon.swiftsourceinfo (in target 'falcon' from project 'falcon')
    cd /Users/zhouming/Desktop/falcon
    builtin-copy -exclude .DS_Store -exclude CVS -exclude .svn -exclude .git -exclude .hg -resolve-src-symlinks -rename /Users/zhouming/Library/Developer/Xcode/DerivedData/falcon-gsoilikaxsflzjexzrtqkcenvrbo/Build/Intermediates.noindex/falcon.build/Release-iphonesimulator/falcon.build/Objects-normal/arm64/falcon.swiftsourceinfo /Users/zhouming/Library/Developer/Xcode/DerivedData/falcon-gsoilikaxsflzjexzrtqkcenvrbo/Build/Products/Release-iphonesimulator/falcon.swiftmodule/Project/arm64-apple-ios-simulator.swiftsourceinfo

SwiftCompile normal x86_64 Compiling\ DSCardListCell.swift,\ DSAvatar.swift,\ DSBannerView.swift,\ DSButton.swift,\ DSCardView.swift /Users/zhouming/Desktop/falcon/falcon/Core/DesignSystem/Cells/DSCardListCell.swift /Users/zhouming/Desktop/falcon/falcon/Core/DesignSystem/Components/DSAvatar.swift /Users/zhouming/Desktop/falcon/falcon/Core/DesignSystem/Components/DSBannerView.swift /Users/zhouming/Desktop/falcon/falcon/Core/DesignSystem/Components/DSButton.swift /Users/zhouming/Desktop/falcon/falcon/Core/DesignSystem/Components/DSCardView.swift (in target 'falcon' from project 'falcon')

SwiftCompile normal x86_64 /Users/zhouming/Desktop/falcon/falcon/Core/DesignSystem/Cells/DSCardListCell.swift (in target 'falcon' from project 'falcon')
    cd /Users/zhouming/Desktop/falcon
    

SwiftCompile normal x86_64 /Users/zhouming/Desktop/falcon/falcon/Core/DesignSystem/Components/DSAvatar.swift (in target 'falcon' from project 'falcon')
    cd /Users/zhouming/Desktop/falcon
    

SwiftCompile normal x86_64 /Users/zhouming/Desktop/falcon/falcon/Core/DesignSystem/Components/DSBannerView.swift (in target 'falcon' from project 'falcon')
    cd /Users/zhouming/Desktop/falcon
    

SwiftCompile normal x86_64 /Users/zhouming/Desktop/falcon/falcon/Core/DesignSystem/Components/DSButton.swift (in target 'falcon' from project 'falcon')
    cd /Users/zhouming/Desktop/falcon
    
/Users/zhouming/Desktop/falcon/falcon/Core/DesignSystem/Components/DSButton.swift:90:39: warning: 'contentEdgeInsets' was deprecated in iOS 15.0: This property is ignored when using UIButtonConfiguration
        let width = labelSize.width + contentEdgeInsets.left + contentEdgeInsets.right
                                      ^
/Users/zhouming/Desktop/falcon/falcon/Core/DesignSystem/Components/DSButton.swift:90:64: warning: 'contentEdgeInsets' was deprecated in iOS 15.0: This property is ignored when using UIButtonConfiguration
        let width = labelSize.width + contentEdgeInsets.left + contentEdgeInsets.right
                                                               ^
/Users/zhouming/Desktop/falcon/falcon/Core/DesignSystem/Components/DSButton.swift:97:9: warning: 'contentEdgeInsets' was deprecated in iOS 15.0: This property is ignored when using UIButtonConfiguration
        contentEdgeInsets = size.contentInsets
        ^

SwiftCompile normal x86_64 /Users/zhouming/Desktop/falcon/falcon/Core/DesignSystem/Components/DSCardView.swift (in target 'falcon' from project 'falcon')
    cd /Users/zhouming/Desktop/falcon
    

SwiftCompile normal x86_64 Compiling\ UIKitWindowViewController.swift,\ UserInfo.swift,\ UserInfoSession.swift,\ FileManager+Extension.swift /Users/zhouming/Desktop/falcon/falcon/Core/UIKitExtension/UIKitWindowViewController.swift /Users/zhouming/Desktop/falcon/falcon/Core/UserInfo/UserInfo.swift /Users/zhouming/Desktop/falcon/falcon/Core/UserInfo/UserInfoSession.swift /Users/zhouming/Desktop/falcon/falcon/Core/Util/FileManager+Extension.swift (in target 'falcon' from project 'falcon')

SwiftCompile normal x86_64 /Users/zhouming/Desktop/falcon/falcon/Core/UIKitExtension/UIKitWindowViewController.swift (in target 'falcon' from project 'falcon')
    cd /Users/zhouming/Desktop/falcon
    
/Users/zhouming/Desktop/falcon/falcon/Core/UIKitExtension/UIKitWindowViewController.swift:20:26: warning: string interpolation produces a debug description for an optional value; did you mean to make this explicit?
        print("1:window\(window)")
                         ^~~~~~
/Users/zhouming/Desktop/falcon/falcon/Core/UIKitExtension/UIKitWindowViewController.swift:20:26: note: use a default value parameter to avoid this warning
        print("1:window\(window)")
                         ^~~~~~
                               , default: <#default value#>
/Users/zhouming/Desktop/falcon/falcon/Core/UIKitExtension/UIKitWindowViewController.swift:20:26: note: provide a default value to avoid this warning
        print("1:window\(window)")
                         ^~~~~~
                                ?? <#default value#>
/Users/zhouming/Desktop/falcon/falcon/Core/UIKitExtension/UIKitWindowViewController.swift:20:26: note: use 'String(describing:)' to silence this warning
        print("1:window\(window)")
                         ^~~~~~
                         String(describing:  )
/Users/zhouming/Desktop/falcon/falcon/Core/UIKitExtension/UIKitWindowViewController.swift:24:27: warning: string interpolation produces a debug description for an optional value; did you mean to make this explicit?
        print("2:current\(current)")
                          ^~~~~~~
/Users/zhouming/Desktop/falcon/falcon/Core/UIKitExtension/UIKitWindowViewController.swift:24:27: note: use a default value parameter to avoid this warning
        print("2:current\(current)")
                          ^~~~~~~
                                 , default: <#default value#>
/Users/zhouming/Desktop/falcon/falcon/Core/UIKitExtension/UIKitWindowViewController.swift:24:27: note: provide a default value to avoid this warning
        print("2:current\(current)")
                          ^~~~~~~
                                  ?? <#default value#>
/Users/zhouming/Desktop/falcon/falcon/Core/UIKitExtension/UIKitWindowViewController.swift:24:27: note: use 'String(describing:)' to silence this warning
        print("2:current\(current)")
                          ^~~~~~~
                          String(describing:  )
/Users/zhouming/Desktop/falcon/falcon/Core/UIKitExtension/UIKitWindowViewController.swift:28:30: warning: string interpolation produces a debug description for an optional value; did you mean to make this explicit?
        print("4:view.widow\(self.view.window)")
                             ^~~~~~~~~~~~~~~~
/Users/zhouming/Desktop/falcon/falcon/Core/UIKitExtension/UIKitWindowViewController.swift:28:40: note: use a default value parameter to avoid this warning
        print("4:view.widow\(self.view.window)")
                             ~~~~~~~~~~^~~~~~
                                             , default: <#default value#>
/Users/zhouming/Desktop/falcon/falcon/Core/UIKitExtension/UIKitWindowViewController.swift:28:40: note: provide a default value to avoid this warning
        print("4:view.widow\(self.view.window)")
                             ~~~~~~~~~~^~~~~~
                                              ?? <#default value#>
/Users/zhouming/Desktop/falcon/falcon/Core/UIKitExtension/UIKitWindowViewController.swift:28:40: note: use 'String(describing:)' to silence this warning
        print("4:view.widow\(self.view.window)")
                             ~~~~~~~~~~^~~~~~
                             String(describing:  )
/Users/zhouming/Desktop/falcon/falcon/Core/UIKitExtension/UIKitWindowViewController.swift:34:44: warning: string interpolation produces a debug description for an optional value; did you mean to make this explicit?
        print("5:viewDidAppear view.widow\(self.view.window)")
                                           ^~~~~~~~~~~~~~~~
/Users/zhouming/Desktop/falcon/falcon/Core/UIKitExtension/UIKitWindowViewController.swift:34:54: note: use a default value parameter to avoid this warning
        print("5:viewDidAppear view.widow\(self.view.window)")
                                           ~~~~~~~~~~^~~~~~
                                                           , default: <#default value#>
/Users/zhouming/Desktop/falcon/falcon/Core/UIKitExtension/UIKitWindowViewController.swift:34:54: note: provide a default value to avoid this warning
        print("5:viewDidAppear view.widow\(self.view.window)")
                                           ~~~~~~~~~~^~~~~~
                                                            ?? <#default value#>
/Users/zhouming/Desktop/falcon/falcon/Core/UIKitExtension/UIKitWindowViewController.swift:34:54: note: use 'String(describing:)' to silence this warning
        print("5:viewDidAppear view.widow\(self.view.window)")
                                           ~~~~~~~~~~^~~~~~
                                           String(describing:  )

SwiftCompile normal x86_64 /Users/zhouming/Desktop/falcon/falcon/Core/UserInfo/UserInfo.swift (in target 'falcon' from project 'falcon')
    cd /Users/zhouming/Desktop/falcon
    

SwiftCompile normal x86_64 /Users/zhouming/Desktop/falcon/falcon/Core/UserInfo/UserInfoSession.swift (in target 'falcon' from project 'falcon')
    cd /Users/zhouming/Desktop/falcon
    

SwiftCompile normal x86_64 /Users/zhouming/Desktop/falcon/falcon/Core/Util/FileManager+Extension.swift (in target 'falcon' from project 'falcon')
    cd /Users/zhouming/Desktop/falcon
    

SwiftDriverJobDiscovery normal arm64 Compiling NetworkConfig.swift, NetworkError.swift, NetworkManager.swift, AlamofireFirstViewController.swift, AlamofireFourViewController.swift, AlamofireSecondViewController.swift, AlamofireThirdViewController.swift, AlamofireViewController.swift, AlamofireZeroViewController.swift, BinAPI.swift, GistResponse.swift, HParams.swift, HResponse.swift, UserAPI.swift, WebError.swift, KingfisherCache.swift (in target 'falcon' from project 'falcon')

SwiftCompile normal x86_64 Compiling\ DesignSystemDemoViewController.swift,\ DSComplexListViewController.swift,\ UseNavigationBarController.swift,\ ProtocolDemoViewController.swift /Users/zhouming/Desktop/falcon/falcon/Demos/BasicKnowledge/DesignSystem/DesignSystemDemoViewController.swift /Users/zhouming/Desktop/falcon/falcon/Demos/BasicKnowledge/DesignSystem/DSComplexListViewController.swift /Users/zhouming/Desktop/falcon/falcon/Demos/BasicKnowledge/Navigation/UseNavigationBarController.swift /Users/zhouming/Desktop/falcon/falcon/Demos/BasicKnowledge/Protocol/ProtocolDemoViewController.swift (in target 'falcon' from project 'falcon')
SwiftCompile normal x86_64 /Users/zhouming/Desktop/falcon/falcon/Demos/BasicKnowledge/DesignSystem/DesignSystemDemoViewController.swift (in target 'falcon' from project 'falcon')
    cd /Users/zhouming/Desktop/falcon
    

SwiftCompile normal x86_64 /Users/zhouming/Desktop/falcon/falcon/Demos/BasicKnowledge/DesignSystem/DSComplexListViewController.swift (in target 'falcon' from project 'falcon')
    cd /Users/zhouming/Desktop/falcon
    
/Users/zhouming/Desktop/falcon/falcon/Demos/BasicKnowledge/DesignSystem/DSComplexListViewController.swift:221:17: warning: 'contentEdgeInsets' was deprecated in iOS 15.0: This property is ignored when using UIButtonConfiguration
            btn.contentEdgeInsets = UIEdgeInsets(top: 0, left: 12, bottom: 0, right: 12)
                ^

SwiftCompile normal x86_64 /Users/zhouming/Desktop/falcon/falcon/Demos/BasicKnowledge/Navigation/UseNavigationBarController.swift (in target 'falcon' from project 'falcon')
    cd /Users/zhouming/Desktop/falcon
    

SwiftCompile normal x86_64 /Users/zhouming/Desktop/falcon/falcon/Demos/BasicKnowledge/Protocol/ProtocolDemoViewController.swift (in target 'falcon' from project 'falcon')
    cd /Users/zhouming/Desktop/falcon
    

SwiftDriverJobDiscovery normal arm64 Compiling KingfisherDiskCache.swift, KingfisherMemoryCache.swift, KingfisherManager.swift, KFError.swift, KingfisherDownloader.swift, KingfisherSessionDataTask.swift, KingfisherSessionDelegate.swift, KingfisherBasicViewController.swift, KingfisherSessionDelegateViewController.swift, KingfisherUseNetworkLayerViewController.swift, KingfisherViewController.swift, FAProgressHUD.swift, FAProgressHUDUsageViewController.swift, falconWrapper.swift, NamespaceViewController.swift, RotationBestPracticeDemo.swift (in target 'falcon' from project 'falcon')

SwiftCompile normal x86_64 Compiling\ DSEmptyStateView.swift,\ DSImageCardView.swift,\ DSLabel.swift,\ DSLoadingView.swift,\ DSTag.swift /Users/zhouming/Desktop/falcon/falcon/Core/DesignSystem/Components/DSEmptyStateView.swift /Users/zhouming/Desktop/falcon/falcon/Core/DesignSystem/Components/DSImageCardView.swift /Users/zhouming/Desktop/falcon/falcon/Core/DesignSystem/Components/DSLabel.swift /Users/zhouming/Desktop/falcon/falcon/Core/DesignSystem/Components/DSLoadingView.swift /Users/zhouming/Desktop/falcon/falcon/Core/DesignSystem/Components/DSTag.swift (in target 'falcon' from project 'falcon')

SwiftCompile normal x86_64 /Users/zhouming/Desktop/falcon/falcon/Core/DesignSystem/Components/DSEmptyStateView.swift (in target 'falcon' from project 'falcon')
    cd /Users/zhouming/Desktop/falcon
    

SwiftCompile normal x86_64 /Users/zhouming/Desktop/falcon/falcon/Core/DesignSystem/Components/DSImageCardView.swift (in target 'falcon' from project 'falcon')
    cd /Users/zhouming/Desktop/falcon
    

SwiftCompile normal x86_64 /Users/zhouming/Desktop/falcon/falcon/Core/DesignSystem/Components/DSLabel.swift (in target 'falcon' from project 'falcon')
    cd /Users/zhouming/Desktop/falcon
    

SwiftCompile normal x86_64 /Users/zhouming/Desktop/falcon/falcon/Core/DesignSystem/Components/DSLoadingView.swift (in target 'falcon' from project 'falcon')
    cd /Users/zhouming/Desktop/falcon
    

SwiftCompile normal x86_64 /Users/zhouming/Desktop/falcon/falcon/Core/DesignSystem/Components/DSTag.swift (in target 'falcon' from project 'falcon')
    cd /Users/zhouming/Desktop/falcon
    

SwiftDriverJobDiscovery normal arm64 Compiling ConcurrentQueueCounter.swift, LockCounter.swift, NSRecursiveLockDemo.swift, SemaphoreCounter.swift, SerialQueueCounter.swift, OnlySonLock.swift, OnlySuperLock.swift, QueueViewController.swift, RunLoopDemoViewController.swift, AssociatedObjectViewController.swift, MethodSwizzlingViewController.swift, TabbarAppearanceDemoViewController.swift, MDESTabBarController.swift, MDTabbarController.swift, UsageTimerViewController.swift, BasicKnowledgeViewController.swift, GistDetailViewController.swift (in target 'falcon' from project 'falcon')

SwiftCompile normal x86_64 Compiling\ DSTypography.swift,\ String+Extension.swift,\ UIColor+Extension.swift,\ UIViewController+Extension.swift /Users/zhouming/Desktop/falcon/falcon/Core/DesignSystem/Tokens/DSTypography.swift /Users/zhouming/Desktop/falcon/falcon/Core/UIKitExtension/Encapsulation/String+Extension.swift /Users/zhouming/Desktop/falcon/falcon/Core/UIKitExtension/Encapsulation/UIColor+Extension.swift /Users/zhouming/Desktop/falcon/falcon/Core/UIKitExtension/Encapsulation/UIViewController+Extension.swift (in target 'falcon' from project 'falcon')

SwiftCompile normal x86_64 /Users/zhouming/Desktop/falcon/falcon/Core/DesignSystem/Tokens/DSTypography.swift (in target 'falcon' from project 'falcon')
    cd /Users/zhouming/Desktop/falcon
    

SwiftCompile normal x86_64 /Users/zhouming/Desktop/falcon/falcon/Core/UIKitExtension/Encapsulation/String+Extension.swift (in target 'falcon' from project 'falcon')
    cd /Users/zhouming/Desktop/falcon
    

SwiftCompile normal x86_64 /Users/zhouming/Desktop/falcon/falcon/Core/UIKitExtension/Encapsulation/UIColor+Extension.swift (in target 'falcon' from project 'falcon')
    cd /Users/zhouming/Desktop/falcon
    

SwiftCompile normal x86_64 /Users/zhouming/Desktop/falcon/falcon/Core/UIKitExtension/Encapsulation/UIViewController+Extension.swift (in target 'falcon' from project 'falcon')
    cd /Users/zhouming/Desktop/falcon
    

SwiftDriverJobDiscovery normal arm64 Compiling RotationDemoViewController.swift, Navigationer.swift, RouteCompatible.swift, RouteConvertible.swift, RouteError.swift, RouteParser.swift, SimpleRouter.swift, Route.swift, RouterViewController.swift, SimpleCache.swift, SimpleCacheError.swift, SimpleDiskCache.swift, SimpleDiskFile.swift, SimpleMemoryCache.swift, CacheBasicViewController.swift, CacheDeepInViewController.swift (in target 'falcon' from project 'falcon')

SwiftCompile normal x86_64 Compiling\ UIWindow+Extension.swift,\ GCDSimpleCache.swift,\ UIKitBasicViewController.swift,\ UIKitViewController.swift /Users/zhouming/Desktop/falcon/falcon/Core/UIKitExtension/Encapsulation/UIWindow+Extension.swift /Users/zhouming/Desktop/falcon/falcon/Core/UIKitExtension/GCDSimpleCache.swift /Users/zhouming/Desktop/falcon/falcon/Core/UIKitExtension/UIKitBasicViewController.swift /Users/zhouming/Desktop/falcon/falcon/Core/UIKitExtension/UIKitViewController.swift (in target 'falcon' from project 'falcon')

SwiftCompile normal x86_64 /Users/zhouming/Desktop/falcon/falcon/Core/UIKitExtension/Encapsulation/UIWindow+Extension.swift (in target 'falcon' from project 'falcon')
    cd /Users/zhouming/Desktop/falcon
    

SwiftCompile normal x86_64 /Users/zhouming/Desktop/falcon/falcon/Core/UIKitExtension/GCDSimpleCache.swift (in target 'falcon' from project 'falcon')
    cd /Users/zhouming/Desktop/falcon
    

SwiftCompile normal x86_64 /Users/zhouming/Desktop/falcon/falcon/Core/UIKitExtension/UIKitBasicViewController.swift (in target 'falcon' from project 'falcon')
    cd /Users/zhouming/Desktop/falcon
    
/Users/zhouming/Desktop/falcon/falcon/Core/UIKitExtension/UIKitBasicViewController.swift:35:27: warning: 'flatMap' is deprecated: Please use compactMap(_:) for the case where closure returns an optional value
        let item8 = item7.flatMap({$0})
                          ^
/Users/zhouming/Desktop/falcon/falcon/Core/UIKitExtension/UIKitBasicViewController.swift:35:27: note: use 'compactMap(_:)' instead
        let item8 = item7.flatMap({$0})
                          ^~~~~~~
                          compactMap
/Users/zhouming/Desktop/falcon/falcon/Core/UIKitExtension/UIKitBasicViewController.swift:45:23: warning: 'flatMap' is deprecated: Please use compactMap(_:) for the case where closure returns an optional value
        let res =  ii.flatMap({ _ in 2 })
                      ^
/Users/zhouming/Desktop/falcon/falcon/Core/UIKitExtension/UIKitBasicViewController.swift:45:23: note: use 'compactMap(_:)' instead
        let res =  ii.flatMap({ _ in 2 })
                      ^~~~~~~
                      compactMap
/Users/zhouming/Desktop/falcon/falcon/Core/UIKitExtension/UIKitBasicViewController.swift:61:42: warning: string interpolation produces a debug description for an optional value; did you mean to make this explicit?
        print("flatMap用于可选值: \(result)")
/Users/zhouming/Desktop/falcon/falcon/Core/UIKitExtension/UIKitBasicViewController.swift:61:42: note: use a default value parameter to avoid this warning
        print("flatMap用于可选值: \(result)")
/Users/zhouming/Desktop/falcon/falcon/Core/UIKitExtension/UIKitBasicViewController.swift:61:42: note: provide a default value to avoid this warning
        print("flatMap用于可选值: \(result)")
/Users/zhouming/Desktop/falcon/falcon/Core/UIKitExtension/UIKitBasicViewController.swift:61:42: note: use 'String(describing:)' to silence this warning
        print("flatMap用于可选值: \(result)")
/Users/zhouming/Desktop/falcon/falcon/Core/UIKitExtension/UIKitBasicViewController.swift:65:22: warning: string interpolation produces a debug description for an optional value; did you mean to make this explicit?
        print("map:\(re)")
                     ^~
/Users/zhouming/Desktop/falcon/falcon/Core/UIKitExtension/UIKitBasicViewController.swift:65:22: note: provide a default value to avoid this warning
        print("map:\(re)")
                     ^~
                        ?? <#default value#>
/Users/zhouming/Desktop/falcon/falcon/Core/UIKitExtension/UIKitBasicViewController.swift:65:22: note: use 'String(describing:)' to silence this warning
        print("map:\(re)")
                     ^~
                     String(describing:  )
/Users/zhouming/Desktop/falcon/falcon/Core/UIKitExtension/UIKitBasicViewController.swift:49:13: warning: initialization of immutable value 'item555' was never used; consider replacing with assignment to '_' or removing it
        let item555 = [1, 2, 3, nil]
        ~~~~^~~~~~~
        _
/Users/zhouming/Desktop/falcon/falcon/Core/UIKitExtension/UIKitBasicViewController.swift:77:12: warning: initialization of immutable value 'timestamp3' was never used; consider replacing with assignment to '_' or removing it
       let timestamp3 = Date().timeIntervalSince1970
       ~~~~^~~~~~~~~~
       _

SwiftCompile normal x86_64 /Users/zhouming/Desktop/falcon/falcon/Core/UIKitExtension/UIKitViewController.swift (in target 'falcon' from project 'falcon')
    cd /Users/zhouming/Desktop/falcon
    

SwiftDriverJobDiscovery normal x86_64 Compiling DSCardListCell.swift, DSAvatar.swift, DSBannerView.swift, DSButton.swift, DSCardView.swift (in target 'falcon' from project 'falcon')

SwiftCompile normal x86_64 Compiling\ HomeViewController.swift /Users/zhouming/Desktop/falcon/falcon/HomeViewController.swift (in target 'falcon' from project 'falcon')

SwiftCompile normal x86_64 /Users/zhouming/Desktop/falcon/falcon/HomeViewController.swift (in target 'falcon' from project 'falcon')
    cd /Users/zhouming/Desktop/falcon
    

SwiftDriverJobDiscovery normal x86_64 Compiling UIKitWindowViewController.swift, UserInfo.swift, UserInfoSession.swift, FileManager+Extension.swift (in target 'falcon' from project 'falcon')

SwiftCompile normal x86_64 Compiling\ KingfisherDiskCache.swift /Users/zhouming/Desktop/falcon/falcon/LearningModules/Kingfisher/Cache/KingfisherDiskCache.swift (in target 'falcon' from project 'falcon')

SwiftCompile normal x86_64 /Users/zhouming/Desktop/falcon/falcon/LearningModules/Kingfisher/Cache/KingfisherDiskCache.swift (in target 'falcon' from project 'falcon')
    cd /Users/zhouming/Desktop/falcon
    

SwiftDriverJobDiscovery normal x86_64 Compiling DSTextField.swift, DSToast.swift, DSColor.swift, DSSpacing.swift (in target 'falcon' from project 'falcon')

SwiftCompile normal x86_64 Compiling\ PhotoBrowerViewController.swift /Users/zhouming/Desktop/falcon/falcon/Demos/ThirdParty/ZLPhotoBrowser/PhotoBrowerViewController.swift (in target 'falcon' from project 'falcon')

SwiftCompile normal x86_64 /Users/zhouming/Desktop/falcon/falcon/Demos/ThirdParty/ZLPhotoBrowser/PhotoBrowerViewController.swift (in target 'falcon' from project 'falcon')
    cd /Users/zhouming/Desktop/falcon
    

SwiftDriverJobDiscovery normal arm64 Compiling CacheImitateViewController.swift, CacheUsageViewController.swift, CacheViewController.swift, GCDCacheViewController.swift, LockBenchmarkViewController.swift, LockBlockingViewController.swift, ThreadUnsafeDemoViewController.swift, FeedViewController.swift, YYTextAttributeViewController.swift, YYTextController.swift, YYTextLayoutViewController.swift, LoginViewController.swift, AppDelegate.swift, HomeViewController.swift, SceneDelegate.swift, GeneratedAssetSymbols.swift (in target 'falcon' from project 'falcon')

SwiftCompile normal x86_64 Compiling\ FAProgressHUDUsageViewController.swift,\ NamespaceViewController.swift,\ RotationBestPracticeDemo.swift,\ RotationDemoViewController.swift,\ RouterViewController.swift /Users/zhouming/Desktop/falcon/falcon/LearningModules/MBProgressHUD/Usage/FAProgressHUDUsageViewController.swift /Users/zhouming/Desktop/falcon/falcon/LearningModules/Namespace/NamespaceViewController.swift /Users/zhouming/Desktop/falcon/falcon/LearningModules/Rotation/RotationBestPracticeDemo.swift /Users/zhouming/Desktop/falcon/falcon/LearningModules/Rotation/RotationDemoViewController.swift /Users/zhouming/Desktop/falcon/falcon/LearningModules/Router/Usage/RouterViewController.swift (in target 'falcon' from project 'falcon')

SwiftCompile normal x86_64 /Users/zhouming/Desktop/falcon/falcon/LearningModules/MBProgressHUD/Usage/FAProgressHUDUsageViewController.swift (in target 'falcon' from project 'falcon')
    cd /Users/zhouming/Desktop/falcon
    

SwiftCompile normal x86_64 /Users/zhouming/Desktop/falcon/falcon/LearningModules/Namespace/NamespaceViewController.swift (in target 'falcon' from project 'falcon')
    cd /Users/zhouming/Desktop/falcon
    

SwiftCompile normal x86_64 /Users/zhouming/Desktop/falcon/falcon/LearningModules/Rotation/RotationBestPracticeDemo.swift (in target 'falcon' from project 'falcon')
    cd /Users/zhouming/Desktop/falcon
    

SwiftCompile normal x86_64 /Users/zhouming/Desktop/falcon/falcon/LearningModules/Rotation/RotationDemoViewController.swift (in target 'falcon' from project 'falcon')
    cd /Users/zhouming/Desktop/falcon
    

SwiftCompile normal x86_64 /Users/zhouming/Desktop/falcon/falcon/LearningModules/Router/Usage/RouterViewController.swift (in target 'falcon' from project 'falcon')
    cd /Users/zhouming/Desktop/falcon
    

SwiftDriverJobDiscovery normal x86_64 Compiling KingfisherDiskCache.swift (in target 'falcon' from project 'falcon')

SwiftCompile normal x86_64 Compiling\ CacheImitateViewController.swift,\ CacheUsageViewController.swift,\ CacheViewController.swift,\ GCDCacheViewController.swift /Users/zhouming/Desktop/falcon/falcon/LearningModules/YYCache/Usage/CacheImitateViewController.swift /Users/zhouming/Desktop/falcon/falcon/LearningModules/YYCache/Usage/CacheUsageViewController.swift /Users/zhouming/Desktop/falcon/falcon/LearningModules/YYCache/Usage/CacheViewController.swift /Users/zhouming/Desktop/falcon/falcon/LearningModules/YYCache/Usage/GCDCacheViewController.swift (in target 'falcon' from project 'falcon')

SwiftCompile normal x86_64 /Users/zhouming/Desktop/falcon/falcon/LearningModules/YYCache/Usage/CacheImitateViewController.swift (in target 'falcon' from project 'falcon')
    cd /Users/zhouming/Desktop/falcon
    
/Users/zhouming/Desktop/falcon/falcon/LearningModules/YYCache/Usage/CacheImitateViewController.swift:22:15: warning: expression implicitly coerced from 'Int?' to 'Any'
        print(json?.utf8.count)
              ^~~~~~~~~~~~~~~~
/Users/zhouming/Desktop/falcon/falcon/LearningModules/YYCache/Usage/CacheImitateViewController.swift:22:26: note: provide a default value to avoid this warning
        print(json?.utf8.count)
              ~~~~~~~~~~~^~~~~
                               ?? <#default value#>
/Users/zhouming/Desktop/falcon/falcon/LearningModules/YYCache/Usage/CacheImitateViewController.swift:22:26: note: force-unwrap the value to avoid this warning
        print(json?.utf8.count)
              ~~~~~~~~~~~^~~~~
                              !
/Users/zhouming/Desktop/falcon/falcon/LearningModules/YYCache/Usage/CacheImitateViewController.swift:22:26: note: explicitly cast to 'Any' with 'as Any' to silence this warning
        print(json?.utf8.count)
              ~~~~~~~~~~~^~~~~
                               as Any

SwiftCompile normal x86_64 /Users/zhouming/Desktop/falcon/falcon/LearningModules/YYCache/Usage/CacheUsageViewController.swift (in target 'falcon' from project 'falcon')
    cd /Users/zhouming/Desktop/falcon
    

SwiftCompile normal x86_64 /Users/zhouming/Desktop/falcon/falcon/LearningModules/YYCache/Usage/CacheViewController.swift (in target 'falcon' from project 'falcon')
    cd /Users/zhouming/Desktop/falcon
    

SwiftCompile normal x86_64 /Users/zhouming/Desktop/falcon/falcon/LearningModules/YYCache/Usage/GCDCacheViewController.swift (in target 'falcon' from project 'falcon')
    cd /Users/zhouming/Desktop/falcon
    

SwiftDriverJobDiscovery normal x86_64 Compiling HomeViewController.swift (in target 'falcon' from project 'falcon')

SwiftCompile normal x86_64 Compiling\ MDESTabBarController.swift,\ MDTabbarController.swift,\ GistDetailViewController.swift,\ PerformanceGPUDemoViewController.swift,\ JXPagingNestedSegmentViewController.swift /Users/zhouming/Desktop/falcon/falcon/Demos/BasicKnowledge/Tabbar/MDESTabBarController.swift /Users/zhouming/Desktop/falcon/falcon/Demos/BasicKnowledge/Tabbar/MDTabbarController.swift /Users/zhouming/Desktop/falcon/falcon/Demos/Network/Alamofire/GistDetailViewController.swift /Users/zhouming/Desktop/falcon/falcon/Demos/Performance/PerformanceGPUDemoViewController.swift /Users/zhouming/Desktop/falcon/falcon/Demos/ThirdParty/JXPagingView/Nest/JXPagingNestedSegmentViewController.swift (in target 'falcon' from project 'falcon')

SwiftCompile normal x86_64 /Users/zhouming/Desktop/falcon/falcon/Demos/BasicKnowledge/Tabbar/MDESTabBarController.swift (in target 'falcon' from project 'falcon')
    cd /Users/zhouming/Desktop/falcon
    

SwiftCompile normal x86_64 /Users/zhouming/Desktop/falcon/falcon/Demos/BasicKnowledge/Tabbar/MDTabbarController.swift (in target 'falcon' from project 'falcon')
    cd /Users/zhouming/Desktop/falcon
    

SwiftCompile normal x86_64 /Users/zhouming/Desktop/falcon/falcon/Demos/Network/Alamofire/GistDetailViewController.swift (in target 'falcon' from project 'falcon')
    cd /Users/zhouming/Desktop/falcon
    

SwiftCompile normal x86_64 /Users/zhouming/Desktop/falcon/falcon/Demos/Performance/PerformanceGPUDemoViewController.swift (in target 'falcon' from project 'falcon')
    cd /Users/zhouming/Desktop/falcon
    

SwiftCompile normal x86_64 /Users/zhouming/Desktop/falcon/falcon/Demos/ThirdParty/JXPagingView/Nest/JXPagingNestedSegmentViewController.swift (in target 'falcon' from project 'falcon')
    cd /Users/zhouming/Desktop/falcon
    

SwiftDriverJobDiscovery normal x86_64 Compiling DSEmptyStateView.swift, DSImageCardView.swift, DSLabel.swift, DSLoadingView.swift, DSTag.swift (in target 'falcon' from project 'falcon')

SwiftCompile normal x86_64 Compiling\ BasicKnowledgeViewController.swift,\ NetworkDemoViewController.swift /Users/zhouming/Desktop/falcon/falcon/Demos/BasicKnowledge/BasicKnowledgeViewController.swift /Users/zhouming/Desktop/falcon/falcon/Demos/Network/Alamofire/NetworkDemoViewController.swift (in target 'falcon' from project 'falcon')
SwiftCompile normal x86_64 /Users/zhouming/Desktop/falcon/falcon/Demos/BasicKnowledge/BasicKnowledgeViewController.swift (in target 'falcon' from project 'falcon')
    cd /Users/zhouming/Desktop/falcon
    

SwiftCompile normal x86_64 /Users/zhouming/Desktop/falcon/falcon/Demos/Network/Alamofire/NetworkDemoViewController.swift (in target 'falcon' from project 'falcon')
    cd /Users/zhouming/Desktop/falcon
    
/Users/zhouming/Desktop/falcon/falcon/Demos/Network/Alamofire/NetworkDemoViewController.swift:112:40: warning: main actor-isolated conformance of 'DemoGistModel' to 'Decodable' cannot be used in nonisolated context; this is an error in the Swift 6 language mode
                if let data = response.data {
                                       ^
/Users/zhouming/Desktop/falcon/falcon/Demos/Network/Alamofire/NetworkDemoViewController.swift:122:50: warning: main actor-isolated conformance of 'DemoBaseResponse<DemoGistModel>' to 'Decodable' cannot be used in nonisolated context; this is an error in the Swift 6 language mode
                    self.cache.setObject(object: response, for: self.cacheKey)
                                                 ^

SwiftDriverJobDiscovery normal x86_64 Compiling DSTypography.swift, String+Extension.swift, UIColor+Extension.swift, UIViewController+Extension.swift (in target 'falcon' from project 'falcon')

SwiftCompile normal x86_64 Compiling\ SimpleCacheError.swift,\ SimpleMemoryCache.swift,\ CacheDeepInViewController.swift,\ AppDelegate.swift /Users/zhouming/Desktop/falcon/falcon/LearningModules/YYCache/Imitate/SimpleCache/SimpleCacheError.swift /Users/zhouming/Desktop/falcon/falcon/LearningModules/YYCache/Imitate/SimpleCache/SimpleMemoryCache.swift /Users/zhouming/Desktop/falcon/falcon/LearningModules/YYCache/Usage/CacheDeepInViewController.swift /Users/zhouming/Desktop/falcon/falcon/AppDelegate.swift (in target 'falcon' from project 'falcon')

SwiftCompile normal x86_64 /Users/zhouming/Desktop/falcon/falcon/LearningModules/YYCache/Imitate/SimpleCache/SimpleCacheError.swift (in target 'falcon' from project 'falcon')
    cd /Users/zhouming/Desktop/falcon
    

SwiftCompile normal x86_64 /Users/zhouming/Desktop/falcon/falcon/LearningModules/YYCache/Imitate/SimpleCache/SimpleMemoryCache.swift (in target 'falcon' from project 'falcon')
    cd /Users/zhouming/Desktop/falcon
    

SwiftCompile normal x86_64 /Users/zhouming/Desktop/falcon/falcon/LearningModules/YYCache/Usage/CacheDeepInViewController.swift (in target 'falcon' from project 'falcon')
    cd /Users/zhouming/Desktop/falcon
    

SwiftCompile normal x86_64 /Users/zhouming/Desktop/falcon/falcon/AppDelegate.swift (in target 'falcon' from project 'falcon')
    cd /Users/zhouming/Desktop/falcon
    

SwiftDriverJobDiscovery normal x86_64 Compiling PhotoBrowerViewController.swift (in target 'falcon' from project 'falcon')

SwiftCompile normal x86_64 Compiling\ SimpleCache.swift /Users/zhouming/Desktop/falcon/falcon/LearningModules/YYCache/Imitate/SimpleCache/SimpleCache.swift (in target 'falcon' from project 'falcon')

SwiftCompile normal x86_64 /Users/zhouming/Desktop/falcon/falcon/LearningModules/YYCache/Imitate/SimpleCache/SimpleCache.swift (in target 'falcon' from project 'falcon')
    cd /Users/zhouming/Desktop/falcon
    

SwiftDriverJobDiscovery normal arm64 Compiling NetworkDemoViewController.swift, PerformanceCPUDemoViewController.swift, PerformanceGPUDemoViewController.swift, DZNEmptyDataSetUsageViewController.swift, JXPagingNestedSegmentViewController.swift, JXPagingViewUseViewController.swift, MDFullscreenPopGesture.swift, UINavigationBarController+MDFullscreenPopGestureExtension.swift, UIViewController+MDFullscreenPopGestureExtension.swift, MDScrollView.swift, SegmentedViewUseViewController.swift, PhotoBrowerViewController.swift, UsageThirdPartyViewController.swift, CacheManager.swift, NetworkInterceptor.swift, APIRouter.swift, BaseResponse.swift (in target 'falcon' from project 'falcon')

SwiftCompile normal x86_64 Compiling\ BinAPI.swift,\ GistResponse.swift,\ HParams.swift,\ HResponse.swift,\ UserAPI.swift /Users/zhouming/Desktop/falcon/falcon/LearningModules/Alamofire/Usage/BinAPI.swift /Users/zhouming/Desktop/falcon/falcon/LearningModules/Alamofire/Usage/GistResponse.swift /Users/zhouming/Desktop/falcon/falcon/LearningModules/Alamofire/Usage/HParams.swift /Users/zhouming/Desktop/falcon/falcon/LearningModules/Alamofire/Usage/HResponse.swift /Users/zhouming/Desktop/falcon/falcon/LearningModules/Alamofire/Usage/UserAPI.swift (in target 'falcon' from project 'falcon')

SwiftCompile normal x86_64 /Users/zhouming/Desktop/falcon/falcon/LearningModules/Alamofire/Usage/BinAPI.swift (in target 'falcon' from project 'falcon')
    cd /Users/zhouming/Desktop/falcon
    

SwiftCompile normal x86_64 /Users/zhouming/Desktop/falcon/falcon/LearningModules/Alamofire/Usage/GistResponse.swift (in target 'falcon' from project 'falcon')
    cd /Users/zhouming/Desktop/falcon
    

SwiftCompile normal x86_64 /Users/zhouming/Desktop/falcon/falcon/LearningModules/Alamofire/Usage/HParams.swift (in target 'falcon' from project 'falcon')
    cd /Users/zhouming/Desktop/falcon
    

SwiftCompile normal x86_64 /Users/zhouming/Desktop/falcon/falcon/LearningModules/Alamofire/Usage/HResponse.swift (in target 'falcon' from project 'falcon')
    cd /Users/zhouming/Desktop/falcon
    

SwiftCompile normal x86_64 /Users/zhouming/Desktop/falcon/falcon/LearningModules/Alamofire/Usage/UserAPI.swift (in target 'falcon' from project 'falcon')
    cd /Users/zhouming/Desktop/falcon
    

SwiftDriverJobDiscovery normal x86_64 Compiling SimpleCacheError.swift, SimpleMemoryCache.swift, CacheDeepInViewController.swift, AppDelegate.swift (in target 'falcon' from project 'falcon')

SwiftCompile normal x86_64 Compiling\ ConcurrentQueueCounter.swift,\ SerialQueueCounter.swift,\ DZNEmptyDataSetUsageViewController.swift,\ MDFullscreenPopGesture.swift,\ UINavigationBarController+MDFullscreenPopGestureExtension.swift /Users/zhouming/Desktop/falcon/falcon/Demos/BasicKnowledge/Queue/Lock/ConcurrentQueueCounter.swift /Users/zhouming/Desktop/falcon/falcon/Demos/BasicKnowledge/Queue/Lock/SerialQueueCounter.swift /Users/zhouming/Desktop/falcon/falcon/Demos/ThirdParty/DZNEmptyDataSet/Usage/DZNEmptyDataSetUsageViewController.swift /Users/zhouming/Desktop/falcon/falcon/Demos/ThirdParty/MDFullscreenPopGesture/MDFullscreenPopGesture.swift /Users/zhouming/Desktop/falcon/falcon/Demos/ThirdParty/MDFullscreenPopGesture/UINavigationBarController+MDFullscreenPopGestureExtension.swift (in target 'falcon' from project 'falcon')

SwiftCompile normal x86_64 /Users/zhouming/Desktop/falcon/falcon/Demos/BasicKnowledge/Queue/Lock/ConcurrentQueueCounter.swift (in target 'falcon' from project 'falcon')
    cd /Users/zhouming/Desktop/falcon
    

SwiftCompile normal x86_64 /Users/zhouming/Desktop/falcon/falcon/Demos/BasicKnowledge/Queue/Lock/SerialQueueCounter.swift (in target 'falcon' from project 'falcon')
    cd /Users/zhouming/Desktop/falcon
    

SwiftCompile normal x86_64 /Users/zhouming/Desktop/falcon/falcon/Demos/ThirdParty/DZNEmptyDataSet/Usage/DZNEmptyDataSetUsageViewController.swift (in target 'falcon' from project 'falcon')
    cd /Users/zhouming/Desktop/falcon
    

SwiftCompile normal x86_64 /Users/zhouming/Desktop/falcon/falcon/Demos/ThirdParty/MDFullscreenPopGesture/MDFullscreenPopGesture.swift (in target 'falcon' from project 'falcon')
    cd /Users/zhouming/Desktop/falcon
    

SwiftCompile normal x86_64 /Users/zhouming/Desktop/falcon/falcon/Demos/ThirdParty/MDFullscreenPopGesture/UINavigationBarController+MDFullscreenPopGestureExtension.swift (in target 'falcon' from project 'falcon')
    cd /Users/zhouming/Desktop/falcon
    

SwiftDriverJobDiscovery normal x86_64 Compiling CacheImitateViewController.swift, CacheUsageViewController.swift, CacheViewController.swift, GCDCacheViewController.swift (in target 'falcon' from project 'falcon')

SwiftCompile normal x86_64 Compiling\ QueueViewController.swift,\ UsageTimerViewController.swift /Users/zhouming/Desktop/falcon/falcon/Demos/BasicKnowledge/Queue/QueueViewController.swift /Users/zhouming/Desktop/falcon/falcon/Demos/BasicKnowledge/Timer/Usage/UsageTimerViewController.swift (in target 'falcon' from project 'falcon')
SwiftCompile normal x86_64 /Users/zhouming/Desktop/falcon/falcon/Demos/BasicKnowledge/Queue/QueueViewController.swift (in target 'falcon' from project 'falcon')
    cd /Users/zhouming/Desktop/falcon
    

SwiftCompile normal x86_64 /Users/zhouming/Desktop/falcon/falcon/Demos/BasicKnowledge/Timer/Usage/UsageTimerViewController.swift (in target 'falcon' from project 'falcon')
    cd /Users/zhouming/Desktop/falcon
    

SwiftDriverJobDiscovery normal x86_64 Compiling SimpleCache.swift (in target 'falcon' from project 'falcon')

SwiftCompile normal x86_64 Compiling\ KingfisherCache.swift /Users/zhouming/Desktop/falcon/falcon/LearningModules/Kingfisher/Cache/KingfisherCache.swift (in target 'falcon' from project 'falcon')

SwiftCompile normal x86_64 /Users/zhouming/Desktop/falcon/falcon/LearningModules/Kingfisher/Cache/KingfisherCache.swift (in target 'falcon' from project 'falcon')
    cd /Users/zhouming/Desktop/falcon
    

SwiftDriverJobDiscovery normal x86_64 Compiling UIWindow+Extension.swift, GCDSimpleCache.swift, UIKitBasicViewController.swift, UIKitViewController.swift (in target 'falcon' from project 'falcon')

SwiftCompile normal x86_64 Compiling\ LoginViewController.swift /Users/zhouming/Desktop/falcon/falcon/Login/LoginViewController.swift (in target 'falcon' from project 'falcon')

SwiftCompile normal x86_64 /Users/zhouming/Desktop/falcon/falcon/Login/LoginViewController.swift (in target 'falcon' from project 'falcon')
    cd /Users/zhouming/Desktop/falcon
    
/Users/zhouming/Desktop/falcon/falcon/Login/LoginViewController.swift:133:71: warning: variable 'self' was written to, but never read
        DispatchQueue.main.asyncAfter(deadline: .now() + 1.0) { [weak self] in
                                                                      ^

SwiftDriverJobDiscovery normal x86_64 Compiling MDESTabBarController.swift, MDTabbarController.swift, GistDetailViewController.swift, PerformanceGPUDemoViewController.swift, JXPagingNestedSegmentViewController.swift (in target 'falcon' from project 'falcon')

SwiftCompile normal x86_64 Compiling\ SimpleDiskCache.swift /Users/zhouming/Desktop/falcon/falcon/LearningModules/YYCache/Imitate/SimpleCache/SimpleDiskCache.swift (in target 'falcon' from project 'falcon')
SwiftCompile normal x86_64 /Users/zhouming/Desktop/falcon/falcon/LearningModules/YYCache/Imitate/SimpleCache/SimpleDiskCache.swift (in target 'falcon' from project 'falcon')
    cd /Users/zhouming/Desktop/falcon
    

SwiftDriverJobDiscovery normal x86_64 Compiling FAProgressHUDUsageViewController.swift, NamespaceViewController.swift, RotationBestPracticeDemo.swift, RotationDemoViewController.swift, RouterViewController.swift (in target 'falcon' from project 'falcon')

SwiftCompile normal x86_64 Compiling\ KingfisherSessionDelegate.swift,\ falconWrapper.swift,\ Navigationer.swift,\ RouteCompatible.swift /Users/zhouming/Desktop/falcon/falcon/LearningModules/Kingfisher/Network/KingfisherSessionDelegate.swift /Users/zhouming/Desktop/falcon/falcon/LearningModules/Namespace/Encapsulation/falconWrapper.swift /Users/zhouming/Desktop/falcon/falcon/LearningModules/Router/Encapsulation/Navigationer.swift /Users/zhouming/Desktop/falcon/falcon/LearningModules/Router/Encapsulation/RouteCompatible.swift (in target 'falcon' from project 'falcon')

SwiftCompile normal x86_64 /Users/zhouming/Desktop/falcon/falcon/LearningModules/Kingfisher/Network/KingfisherSessionDelegate.swift (in target 'falcon' from project 'falcon')
    cd /Users/zhouming/Desktop/falcon
    
/Users/zhouming/Desktop/falcon/falcon/LearningModules/Kingfisher/Network/KingfisherSessionDelegate.swift:83:20: warning: immutable value 'expectedLength' was never used; consider replacing with '_' or removing it
               let expectedLength = response.expectedContentLength as Int64? {
               ~~~~^~~~~~~~~~~~~~
               _

SwiftCompile normal x86_64 /Users/zhouming/Desktop/falcon/falcon/LearningModules/Namespace/Encapsulation/falconWrapper.swift (in target 'falcon' from project 'falcon')
    cd /Users/zhouming/Desktop/falcon
    

SwiftCompile normal x86_64 /Users/zhouming/Desktop/falcon/falcon/LearningModules/Router/Encapsulation/Navigationer.swift (in target 'falcon' from project 'falcon')
    cd /Users/zhouming/Desktop/falcon
    

SwiftCompile normal x86_64 /Users/zhouming/Desktop/falcon/falcon/LearningModules/Router/Encapsulation/RouteCompatible.swift (in target 'falcon' from project 'falcon')
    cd /Users/zhouming/Desktop/falcon
    

SwiftDriverJobDiscovery normal x86_64 Compiling KingfisherCache.swift (in target 'falcon' from project 'falcon')

SwiftCompile normal x86_64 Compiling\ SegmentedViewUseViewController.swift /Users/zhouming/Desktop/falcon/falcon/Demos/ThirdParty/SegmentedView/SegmentedViewUseViewController.swift (in target 'falcon' from project 'falcon')
SwiftCompile normal x86_64 /Users/zhouming/Desktop/falcon/falcon/Demos/ThirdParty/SegmentedView/SegmentedViewUseViewController.swift (in target 'falcon' from project 'falcon')
    cd /Users/zhouming/Desktop/falcon
    

SwiftDriverJobDiscovery normal x86_64 Compiling DesignSystemDemoViewController.swift, DSComplexListViewController.swift, UseNavigationBarController.swift, ProtocolDemoViewController.swift (in target 'falcon' from project 'falcon')

SwiftCompile normal x86_64 Compiling\ UIViewController+MDFullscreenPopGestureExtension.swift,\ MDScrollView.swift,\ CacheManager.swift,\ NetworkInterceptor.swift,\ APIRouter.swift /Users/zhouming/Desktop/falcon/falcon/Demos/ThirdParty/MDFullscreenPopGesture/UIViewController+MDFullscreenPopGestureExtension.swift /Users/zhouming/Desktop/falcon/falcon/Demos/ThirdParty/SegmentedView/MDScrollView.swift /Users/zhouming/Desktop/falcon/falcon/LearningModules/Alamofire/Encapsulation/Feature/CacheManager.swift /Users/zhouming/Desktop/falcon/falcon/LearningModules/Alamofire/Encapsulation/Feature/NetworkInterceptor.swift /Users/zhouming/Desktop/falcon/falcon/LearningModules/Alamofire/Encapsulation/APIRouter.swift (in target 'falcon' from project 'falcon')

SwiftCompile normal x86_64 /Users/zhouming/Desktop/falcon/falcon/Demos/ThirdParty/MDFullscreenPopGesture/UIViewController+MDFullscreenPopGestureExtension.swift (in target 'falcon' from project 'falcon')
    cd /Users/zhouming/Desktop/falcon
    

SwiftCompile normal x86_64 /Users/zhouming/Desktop/falcon/falcon/Demos/ThirdParty/SegmentedView/MDScrollView.swift (in target 'falcon' from project 'falcon')
    cd /Users/zhouming/Desktop/falcon
    

SwiftCompile normal x86_64 /Users/zhouming/Desktop/falcon/falcon/LearningModules/Alamofire/Encapsulation/Feature/CacheManager.swift (in target 'falcon' from project 'falcon')
    cd /Users/zhouming/Desktop/falcon
    

SwiftCompile normal x86_64 /Users/zhouming/Desktop/falcon/falcon/LearningModules/Alamofire/Encapsulation/Feature/NetworkInterceptor.swift (in target 'falcon' from project 'falcon')
    cd /Users/zhouming/Desktop/falcon
    

SwiftCompile normal x86_64 /Users/zhouming/Desktop/falcon/falcon/LearningModules/Alamofire/Encapsulation/APIRouter.swift (in target 'falcon' from project 'falcon')
    cd /Users/zhouming/Desktop/falcon
    

SwiftDriverJobDiscovery normal x86_64 Compiling BinAPI.swift, GistResponse.swift, HParams.swift, HResponse.swift, UserAPI.swift (in target 'falcon' from project 'falcon')

SwiftCompile normal x86_64 Compiling\ CacheBasicViewController.swift /Users/zhouming/Desktop/falcon/falcon/LearningModules/YYCache/Usage/CacheBasicViewController.swift (in target 'falcon' from project 'falcon')

SwiftCompile normal x86_64 /Users/zhouming/Desktop/falcon/falcon/LearningModules/YYCache/Usage/CacheBasicViewController.swift (in target 'falcon' from project 'falcon')
    cd /Users/zhouming/Desktop/falcon
    
/Users/zhouming/Desktop/falcon/falcon/LearningModules/YYCache/Usage/CacheBasicViewController.swift:22:13: warning: initialization of immutable value 'docsPath' was never used; consider replacing with assignment to '_' or removing it
        let docsPath = FileManager.default.urls(for: .documentDirectory, in: .userDomainMask).first!
        ~~~~^~~~~~~~
        _
/Users/zhouming/Desktop/falcon/falcon/LearningModules/YYCache/Usage/CacheBasicViewController.swift:24:13: warning: initialization of immutable value 'tempURL' was never used; consider replacing with assignment to '_' or removing it
        let tempURL = FileManager.default.temporaryDirectory
        ~~~~^~~~~~~
        _
/Users/zhouming/Desktop/falcon/falcon/LearningModules/YYCache/Usage/CacheBasicViewController.swift:26:13: warning: initialization of immutable value 'libraryURL' was never used; consider replacing with assignment to '_' or removing it
        let libraryURL = FileManager.default.urls(
        ~~~~^~~~~~~~~~
        _

SwiftDriverJobDiscovery normal x86_64 Compiling ConcurrentQueueCounter.swift, SerialQueueCounter.swift, DZNEmptyDataSetUsageViewController.swift, MDFullscreenPopGesture.swift, UINavigationBarController+MDFullscreenPopGestureExtension.swift (in target 'falcon' from project 'falcon')

SwiftCompile normal x86_64 Compiling\ NSRecursiveLockDemo.swift /Users/zhouming/Desktop/falcon/falcon/Demos/BasicKnowledge/Queue/Lock/NSRecursiveLockDemo.swift (in target 'falcon' from project 'falcon')

SwiftCompile normal x86_64 /Users/zhouming/Desktop/falcon/falcon/Demos/BasicKnowledge/Queue/Lock/NSRecursiveLockDemo.swift (in target 'falcon' from project 'falcon')
    cd /Users/zhouming/Desktop/falcon
    

SwiftDriverJobDiscovery normal x86_64 Compiling LoginViewController.swift (in target 'falcon' from project 'falcon')

SwiftCompile normal x86_64 Compiling\ KingfisherBasicViewController.swift,\ KingfisherSessionDelegateViewController.swift,\ KingfisherUseNetworkLayerViewController.swift,\ KingfisherViewController.swift,\ FAProgressHUD.swift /Users/zhouming/Desktop/falcon/falcon/LearningModules/Kingfisher/Usage/KingfisherBasicViewController.swift /Users/zhouming/Desktop/falcon/falcon/LearningModules/Kingfisher/Usage/KingfisherSessionDelegateViewController.swift /Users/zhouming/Desktop/falcon/falcon/LearningModules/Kingfisher/Usage/KingfisherUseNetworkLayerViewController.swift /Users/zhouming/Desktop/falcon/falcon/LearningModules/Kingfisher/Usage/KingfisherViewController.swift /Users/zhouming/Desktop/falcon/falcon/LearningModules/MBProgressHUD/Encapsulation/FAProgressHUD.swift (in target 'falcon' from project 'falcon')
SwiftCompile normal x86_64 /Users/zhouming/Desktop/falcon/falcon/LearningModules/Kingfisher/Usage/KingfisherBasicViewController.swift (in target 'falcon' from project 'falcon')
    cd /Users/zhouming/Desktop/falcon
    

SwiftCompile normal x86_64 /Users/zhouming/Desktop/falcon/falcon/LearningModules/Kingfisher/Usage/KingfisherSessionDelegateViewController.swift (in target 'falcon' from project 'falcon')
    cd /Users/zhouming/Desktop/falcon
    
/Users/zhouming/Desktop/falcon/falcon/LearningModules/Kingfisher/Usage/KingfisherSessionDelegateViewController.swift:135:38: warning: variable 'progressBlock' was never mutated; consider changing to 'let' constant
            guard var (existingData, progressBlock, completionBlock) = taskMap[dataTask] else { return }
                                     ^
/Users/zhouming/Desktop/falcon/falcon/LearningModules/Kingfisher/Usage/KingfisherSessionDelegateViewController.swift:135:53: warning: variable 'completionBlock' was never mutated; consider changing to 'let' constant
            guard var (existingData, progressBlock, completionBlock) = taskMap[dataTask] else { return }
                                                    ^

SwiftCompile normal x86_64 /Users/zhouming/Desktop/falcon/falcon/LearningModules/Kingfisher/Usage/KingfisherUseNetworkLayerViewController.swift (in target 'falcon' from project 'falcon')
    cd /Users/zhouming/Desktop/falcon
    

SwiftCompile normal x86_64 /Users/zhouming/Desktop/falcon/falcon/LearningModules/Kingfisher/Usage/KingfisherViewController.swift (in target 'falcon' from project 'falcon')
    cd /Users/zhouming/Desktop/falcon
    

SwiftCompile normal x86_64 /Users/zhouming/Desktop/falcon/falcon/LearningModules/MBProgressHUD/Encapsulation/FAProgressHUD.swift (in target 'falcon' from project 'falcon')
    cd /Users/zhouming/Desktop/falcon
    

SwiftDriverJobDiscovery normal x86_64 Compiling BasicKnowledgeViewController.swift, NetworkDemoViewController.swift (in target 'falcon' from project 'falcon')

SwiftCompile normal x86_64 Compiling\ RouteError.swift,\ RouteParser.swift,\ SimpleRouter.swift,\ Route.swift /Users/zhouming/Desktop/falcon/falcon/LearningModules/Router/Encapsulation/RouteError.swift /Users/zhouming/Desktop/falcon/falcon/LearningModules/Router/Encapsulation/RouteParser.swift /Users/zhouming/Desktop/falcon/falcon/LearningModules/Router/Encapsulation/SimpleRouter.swift /Users/zhouming/Desktop/falcon/falcon/LearningModules/Router/Usage/Route.swift (in target 'falcon' from project 'falcon')

SwiftCompile normal x86_64 /Users/zhouming/Desktop/falcon/falcon/LearningModules/Router/Encapsulation/RouteError.swift (in target 'falcon' from project 'falcon')
    cd /Users/zhouming/Desktop/falcon
    

SwiftCompile normal x86_64 /Users/zhouming/Desktop/falcon/falcon/LearningModules/Router/Encapsulation/RouteParser.swift (in target 'falcon' from project 'falcon')
    cd /Users/zhouming/Desktop/falcon
    

SwiftCompile normal x86_64 /Users/zhouming/Desktop/falcon/falcon/LearningModules/Router/Encapsulation/SimpleRouter.swift (in target 'falcon' from project 'falcon')
    cd /Users/zhouming/Desktop/falcon
    

SwiftCompile normal x86_64 /Users/zhouming/Desktop/falcon/falcon/LearningModules/Router/Usage/Route.swift (in target 'falcon' from project 'falcon')
    cd /Users/zhouming/Desktop/falcon
    

SwiftDriverJobDiscovery normal x86_64 Compiling KingfisherSessionDelegate.swift, falconWrapper.swift, Navigationer.swift, RouteCompatible.swift (in target 'falcon' from project 'falcon')

SwiftCompile normal x86_64 Compiling\ PerformanceCPUDemoViewController.swift /Users/zhouming/Desktop/falcon/falcon/Demos/Performance/PerformanceCPUDemoViewController.swift (in target 'falcon' from project 'falcon')

SwiftCompile normal x86_64 /Users/zhouming/Desktop/falcon/falcon/Demos/Performance/PerformanceCPUDemoViewController.swift (in target 'falcon' from project 'falcon')
    cd /Users/zhouming/Desktop/falcon
    

SwiftDriverJobDiscovery normal x86_64 Compiling QueueViewController.swift, UsageTimerViewController.swift (in target 'falcon' from project 'falcon')

SwiftCompile normal x86_64 Compiling\ WebError.swift,\ KingfisherManager.swift,\ KFError.swift,\ KingfisherDownloader.swift /Users/zhouming/Desktop/falcon/falcon/LearningModules/Alamofire/Usage/WebError.swift /Users/zhouming/Desktop/falcon/falcon/LearningModules/Kingfisher/Coordinate/KingfisherManager.swift /Users/zhouming/Desktop/falcon/falcon/LearningModules/Kingfisher/Network/KFError.swift /Users/zhouming/Desktop/falcon/falcon/LearningModules/Kingfisher/Network/KingfisherDownloader.swift (in target 'falcon' from project 'falcon')

SwiftCompile normal x86_64 /Users/zhouming/Desktop/falcon/falcon/LearningModules/Alamofire/Usage/WebError.swift (in target 'falcon' from project 'falcon')
    cd /Users/zhouming/Desktop/falcon
    

SwiftCompile normal x86_64 /Users/zhouming/Desktop/falcon/falcon/LearningModules/Kingfisher/Coordinate/KingfisherManager.swift (in target 'falcon' from project 'falcon')
    cd /Users/zhouming/Desktop/falcon
    

SwiftCompile normal x86_64 /Users/zhouming/Desktop/falcon/falcon/LearningModules/Kingfisher/Network/KFError.swift (in target 'falcon' from project 'falcon')
    cd /Users/zhouming/Desktop/falcon
    

SwiftCompile normal x86_64 /Users/zhouming/Desktop/falcon/falcon/LearningModules/Kingfisher/Network/KingfisherDownloader.swift (in target 'falcon' from project 'falcon')
    cd /Users/zhouming/Desktop/falcon
    

SwiftDriverJobDiscovery normal x86_64 Compiling NSRecursiveLockDemo.swift (in target 'falcon' from project 'falcon')

SwiftCompile normal x86_64 Compiling\ JXPagingViewUseViewController.swift /Users/zhouming/Desktop/falcon/falcon/Demos/ThirdParty/JXPagingView/JXPagingViewUseViewController.swift (in target 'falcon' from project 'falcon')

SwiftCompile normal x86_64 /Users/zhouming/Desktop/falcon/falcon/Demos/ThirdParty/JXPagingView/JXPagingViewUseViewController.swift (in target 'falcon' from project 'falcon')
    cd /Users/zhouming/Desktop/falcon
    

SwiftDriverJobDiscovery normal x86_64 Compiling CacheBasicViewController.swift (in target 'falcon' from project 'falcon')

SwiftCompile normal arm64 Compiling\ UIViewController+Extension.swift,\ UIWindow+Extension.swift,\ GCDSimpleCache.swift,\ UIKitBasicViewController.swift,\ UIKitViewController.swift,\ UIKitWindowViewController.swift,\ UserInfo.swift,\ UserInfoSession.swift,\ FileManager+Extension.swift,\ LoginUtil.swift,\ PerformanceMeasurer.swift,\ BaseNavigationController.swift,\ TestAutolayoutViewController.swift,\ DesignSystemDemoViewController.swift,\ DSComplexListViewController.swift,\ UseNavigationBarController.swift,\ ProtocolDemoViewController.swift /Users/zhouming/Desktop/falcon/falcon/Core/UIKitExtension/Encapsulation/UIViewController+Extension.swift /Users/zhouming/Desktop/falcon/falcon/Core/UIKitExtension/Encapsulation/UIWindow+Extension.swift /Users/zhouming/Desktop/falcon/falcon/Core/UIKitExtension/GCDSimpleCache.swift /Users/zhouming/Desktop/falcon/falcon/Core/UIKitExtension/UIKitBasicViewController.swift /Users/zhouming/Desktop/falcon/falcon/Core/UIKitExtension/UIKitViewController.swift /Users/zhouming/Desktop/falcon/falcon/Core/UIKitExtension/UIKitWindowViewController.swift /Users/zhouming/Desktop/falcon/falcon/Core/UserInfo/UserInfo.swift /Users/zhouming/Desktop/falcon/falcon/Core/UserInfo/UserInfoSession.swift /Users/zhouming/Desktop/falcon/falcon/Core/Util/FileManager+Extension.swift /Users/zhouming/Desktop/falcon/falcon/Core/Util/LoginUtil.swift /Users/zhouming/Desktop/falcon/falcon/Core/Util/PerformanceMeasurer.swift /Users/zhouming/Desktop/falcon/falcon/Core/BaseNavigationController.swift /Users/zhouming/Desktop/falcon/falcon/Demos/BasicKnowledge/Autolayout/TestAutolayoutViewController.swift /Users/zhouming/Desktop/falcon/falcon/Demos/BasicKnowledge/DesignSystem/DesignSystemDemoViewController.swift /Users/zhouming/Desktop/falcon/falcon/Demos/BasicKnowledge/DesignSystem/DSComplexListViewController.swift /Users/zhouming/Desktop/falcon/falcon/Demos/BasicKnowledge/Navigation/UseNavigationBarController.swift /Users/zhouming/Desktop/falcon/falcon/Demos/BasicKnowledge/Protocol/ProtocolDemoViewController.swift (in target 'falcon' from project 'falcon')
SwiftCompile normal arm64 /Users/zhouming/Desktop/falcon/falcon/Core/UIKitExtension/Encapsulation/UIViewController+Extension.swift (in target 'falcon' from project 'falcon')
    cd /Users/zhouming/Desktop/falcon
    

SwiftCompile normal arm64 /Users/zhouming/Desktop/falcon/falcon/Core/UIKitExtension/Encapsulation/UIWindow+Extension.swift (in target 'falcon' from project 'falcon')
    cd /Users/zhouming/Desktop/falcon
    

SwiftCompile normal arm64 /Users/zhouming/Desktop/falcon/falcon/Core/UIKitExtension/GCDSimpleCache.swift (in target 'falcon' from project 'falcon')
    cd /Users/zhouming/Desktop/falcon
    

SwiftCompile normal arm64 /Users/zhouming/Desktop/falcon/falcon/Core/UIKitExtension/UIKitBasicViewController.swift (in target 'falcon' from project 'falcon')
    cd /Users/zhouming/Desktop/falcon
    
/Users/zhouming/Desktop/falcon/falcon/Core/UIKitExtension/UIKitBasicViewController.swift:35:27: warning: 'flatMap' is deprecated: Please use compactMap(_:) for the case where closure returns an optional value
        let item8 = item7.flatMap({$0})
                          ^
/Users/zhouming/Desktop/falcon/falcon/Core/UIKitExtension/UIKitBasicViewController.swift:35:27: note: use 'compactMap(_:)' instead
        let item8 = item7.flatMap({$0})
                          ^~~~~~~
                          compactMap
/Users/zhouming/Desktop/falcon/falcon/Core/UIKitExtension/UIKitBasicViewController.swift:45:23: warning: 'flatMap' is deprecated: Please use compactMap(_:) for the case where closure returns an optional value
        let res =  ii.flatMap({ _ in 2 })
                      ^
/Users/zhouming/Desktop/falcon/falcon/Core/UIKitExtension/UIKitBasicViewController.swift:45:23: note: use 'compactMap(_:)' instead
        let res =  ii.flatMap({ _ in 2 })
                      ^~~~~~~
                      compactMap
/Users/zhouming/Desktop/falcon/falcon/Core/UIKitExtension/UIKitBasicViewController.swift:61:42: warning: string interpolation produces a debug description for an optional value; did you mean to make this explicit?
        print("flatMap用于可选值: \(result)")
/Users/zhouming/Desktop/falcon/falcon/Core/UIKitExtension/UIKitBasicViewController.swift:61:42: note: use a default value parameter to avoid this warning
        print("flatMap用于可选值: \(result)")
/Users/zhouming/Desktop/falcon/falcon/Core/UIKitExtension/UIKitBasicViewController.swift:61:42: note: provide a default value to avoid this warning
        print("flatMap用于可选值: \(result)")
/Users/zhouming/Desktop/falcon/falcon/Core/UIKitExtension/UIKitBasicViewController.swift:61:42: note: use 'String(describing:)' to silence this warning
        print("flatMap用于可选值: \(result)")
/Users/zhouming/Desktop/falcon/falcon/Core/UIKitExtension/UIKitBasicViewController.swift:65:22: warning: string interpolation produces a debug description for an optional value; did you mean to make this explicit?
        print("map:\(re)")
                     ^~
/Users/zhouming/Desktop/falcon/falcon/Core/UIKitExtension/UIKitBasicViewController.swift:65:22: note: provide a default value to avoid this warning
        print("map:\(re)")
                     ^~
                        ?? <#default value#>
/Users/zhouming/Desktop/falcon/falcon/Core/UIKitExtension/UIKitBasicViewController.swift:65:22: note: use 'String(describing:)' to silence this warning
        print("map:\(re)")
                     ^~
                     String(describing:  )
/Users/zhouming/Desktop/falcon/falcon/Core/UIKitExtension/UIKitBasicViewController.swift:49:13: warning: initialization of immutable value 'item555' was never used; consider replacing with assignment to '_' or removing it
        let item555 = [1, 2, 3, nil]
        ~~~~^~~~~~~
        _
/Users/zhouming/Desktop/falcon/falcon/Core/UIKitExtension/UIKitBasicViewController.swift:77:12: warning: initialization of immutable value 'timestamp3' was never used; consider replacing with assignment to '_' or removing it
       let timestamp3 = Date().timeIntervalSince1970
       ~~~~^~~~~~~~~~
       _

SwiftCompile normal arm64 /Users/zhouming/Desktop/falcon/falcon/Core/UIKitExtension/UIKitViewController.swift (in target 'falcon' from project 'falcon')
    cd /Users/zhouming/Desktop/falcon
    

SwiftCompile normal arm64 /Users/zhouming/Desktop/falcon/falcon/Core/UIKitExtension/UIKitWindowViewController.swift (in target 'falcon' from project 'falcon')
    cd /Users/zhouming/Desktop/falcon
    
/Users/zhouming/Desktop/falcon/falcon/Core/UIKitExtension/UIKitWindowViewController.swift:20:26: warning: string interpolation produces a debug description for an optional value; did you mean to make this explicit?
        print("1:window\(window)")
                         ^~~~~~
/Users/zhouming/Desktop/falcon/falcon/Core/UIKitExtension/UIKitWindowViewController.swift:20:26: note: use a default value parameter to avoid this warning
        print("1:window\(window)")
                         ^~~~~~
                               , default: <#default value#>
/Users/zhouming/Desktop/falcon/falcon/Core/UIKitExtension/UIKitWindowViewController.swift:20:26: note: provide a default value to avoid this warning
        print("1:window\(window)")
                         ^~~~~~
                                ?? <#default value#>
/Users/zhouming/Desktop/falcon/falcon/Core/UIKitExtension/UIKitWindowViewController.swift:20:26: note: use 'String(describing:)' to silence this warning
        print("1:window\(window)")
                         ^~~~~~
                         String(describing:  )
/Users/zhouming/Desktop/falcon/falcon/Core/UIKitExtension/UIKitWindowViewController.swift:24:27: warning: string interpolation produces a debug description for an optional value; did you mean to make this explicit?
        print("2:current\(current)")
                          ^~~~~~~
/Users/zhouming/Desktop/falcon/falcon/Core/UIKitExtension/UIKitWindowViewController.swift:24:27: note: use a default value parameter to avoid this warning
        print("2:current\(current)")
                          ^~~~~~~
                                 , default: <#default value#>
/Users/zhouming/Desktop/falcon/falcon/Core/UIKitExtension/UIKitWindowViewController.swift:24:27: note: provide a default value to avoid this warning
        print("2:current\(current)")
                          ^~~~~~~
                                  ?? <#default value#>
/Users/zhouming/Desktop/falcon/falcon/Core/UIKitExtension/UIKitWindowViewController.swift:24:27: note: use 'String(describing:)' to silence this warning
        print("2:current\(current)")
                          ^~~~~~~
                          String(describing:  )
/Users/zhouming/Desktop/falcon/falcon/Core/UIKitExtension/UIKitWindowViewController.swift:28:30: warning: string interpolation produces a debug description for an optional value; did you mean to make this explicit?
        print("4:view.widow\(self.view.window)")
                             ^~~~~~~~~~~~~~~~
/Users/zhouming/Desktop/falcon/falcon/Core/UIKitExtension/UIKitWindowViewController.swift:28:40: note: use a default value parameter to avoid this warning
        print("4:view.widow\(self.view.window)")
                             ~~~~~~~~~~^~~~~~
                                             , default: <#default value#>
/Users/zhouming/Desktop/falcon/falcon/Core/UIKitExtension/UIKitWindowViewController.swift:28:40: note: provide a default value to avoid this warning
        print("4:view.widow\(self.view.window)")
                             ~~~~~~~~~~^~~~~~
                                              ?? <#default value#>
/Users/zhouming/Desktop/falcon/falcon/Core/UIKitExtension/UIKitWindowViewController.swift:28:40: note: use 'String(describing:)' to silence this warning
        print("4:view.widow\(self.view.window)")
                             ~~~~~~~~~~^~~~~~
                             String(describing:  )
/Users/zhouming/Desktop/falcon/falcon/Core/UIKitExtension/UIKitWindowViewController.swift:34:44: warning: string interpolation produces a debug description for an optional value; did you mean to make this explicit?
        print("5:viewDidAppear view.widow\(self.view.window)")
                                           ^~~~~~~~~~~~~~~~
/Users/zhouming/Desktop/falcon/falcon/Core/UIKitExtension/UIKitWindowViewController.swift:34:54: note: use a default value parameter to avoid this warning
        print("5:viewDidAppear view.widow\(self.view.window)")
                                           ~~~~~~~~~~^~~~~~
                                                           , default: <#default value#>
/Users/zhouming/Desktop/falcon/falcon/Core/UIKitExtension/UIKitWindowViewController.swift:34:54: note: provide a default value to avoid this warning
        print("5:viewDidAppear view.widow\(self.view.window)")
                                           ~~~~~~~~~~^~~~~~
                                                            ?? <#default value#>
/Users/zhouming/Desktop/falcon/falcon/Core/UIKitExtension/UIKitWindowViewController.swift:34:54: note: use 'String(describing:)' to silence this warning
        print("5:viewDidAppear view.widow\(self.view.window)")
                                           ~~~~~~~~~~^~~~~~
                                           String(describing:  )

SwiftCompile normal arm64 /Users/zhouming/Desktop/falcon/falcon/Core/UserInfo/UserInfo.swift (in target 'falcon' from project 'falcon')
    cd /Users/zhouming/Desktop/falcon
    

SwiftCompile normal arm64 /Users/zhouming/Desktop/falcon/falcon/Core/UserInfo/UserInfoSession.swift (in target 'falcon' from project 'falcon')
    cd /Users/zhouming/Desktop/falcon
    

SwiftCompile normal arm64 /Users/zhouming/Desktop/falcon/falcon/Core/Util/FileManager+Extension.swift (in target 'falcon' from project 'falcon')
    cd /Users/zhouming/Desktop/falcon
    

SwiftCompile normal arm64 /Users/zhouming/Desktop/falcon/falcon/Core/Util/LoginUtil.swift (in target 'falcon' from project 'falcon')
    cd /Users/zhouming/Desktop/falcon
    

SwiftCompile normal arm64 /Users/zhouming/Desktop/falcon/falcon/Core/Util/PerformanceMeasurer.swift (in target 'falcon' from project 'falcon')
    cd /Users/zhouming/Desktop/falcon
    

SwiftCompile normal arm64 /Users/zhouming/Desktop/falcon/falcon/Core/BaseNavigationController.swift (in target 'falcon' from project 'falcon')
    cd /Users/zhouming/Desktop/falcon
    

SwiftCompile normal arm64 /Users/zhouming/Desktop/falcon/falcon/Demos/BasicKnowledge/Autolayout/TestAutolayoutViewController.swift (in target 'falcon' from project 'falcon')
    cd /Users/zhouming/Desktop/falcon
    

SwiftCompile normal arm64 /Users/zhouming/Desktop/falcon/falcon/Demos/BasicKnowledge/DesignSystem/DesignSystemDemoViewController.swift (in target 'falcon' from project 'falcon')
    cd /Users/zhouming/Desktop/falcon
    

SwiftCompile normal arm64 /Users/zhouming/Desktop/falcon/falcon/Demos/BasicKnowledge/DesignSystem/DSComplexListViewController.swift (in target 'falcon' from project 'falcon')
    cd /Users/zhouming/Desktop/falcon
    
/Users/zhouming/Desktop/falcon/falcon/Demos/BasicKnowledge/DesignSystem/DSComplexListViewController.swift:221:17: warning: 'contentEdgeInsets' was deprecated in iOS 15.0: This property is ignored when using UIButtonConfiguration
            btn.contentEdgeInsets = UIEdgeInsets(top: 0, left: 12, bottom: 0, right: 12)
                ^

SwiftCompile normal arm64 /Users/zhouming/Desktop/falcon/falcon/Demos/BasicKnowledge/Navigation/UseNavigationBarController.swift (in target 'falcon' from project 'falcon')
    cd /Users/zhouming/Desktop/falcon
    

SwiftCompile normal arm64 /Users/zhouming/Desktop/falcon/falcon/Demos/BasicKnowledge/Protocol/ProtocolDemoViewController.swift (in target 'falcon' from project 'falcon')
    cd /Users/zhouming/Desktop/falcon
    

SwiftDriverJobDiscovery normal x86_64 Compiling UIViewController+MDFullscreenPopGestureExtension.swift, MDScrollView.swift, CacheManager.swift, NetworkInterceptor.swift, APIRouter.swift (in target 'falcon' from project 'falcon')

SwiftCompile normal x86_64 Compiling\ AlamofireFirstViewController.swift,\ AlamofireFourViewController.swift,\ AlamofireSecondViewController.swift,\ AlamofireViewController.swift,\ AlamofireZeroViewController.swift /Users/zhouming/Desktop/falcon/falcon/LearningModules/Alamofire/Usage/AlamofireFirstViewController.swift /Users/zhouming/Desktop/falcon/falcon/LearningModules/Alamofire/Usage/AlamofireFourViewController.swift /Users/zhouming/Desktop/falcon/falcon/LearningModules/Alamofire/Usage/AlamofireSecondViewController.swift /Users/zhouming/Desktop/falcon/falcon/LearningModules/Alamofire/Usage/AlamofireViewController.swift /Users/zhouming/Desktop/falcon/falcon/LearningModules/Alamofire/Usage/AlamofireZeroViewController.swift (in target 'falcon' from project 'falcon')

SwiftCompile normal x86_64 /Users/zhouming/Desktop/falcon/falcon/LearningModules/Alamofire/Usage/AlamofireFirstViewController.swift (in target 'falcon' from project 'falcon')
    cd /Users/zhouming/Desktop/falcon
    
/Users/zhouming/Desktop/falcon/falcon/LearningModules/Alamofire/Usage/AlamofireFirstViewController.swift:42:12: warning: result of call to 'request(_:interceptor:)' is unused
        AF.request(userAPI)
           ^      ~~~~~~~~~
/Users/zhouming/Desktop/falcon/falcon/LearningModules/Alamofire/Usage/AlamofireFirstViewController.swift:89:21: warning: 'responseJSON(queue:dataPreprocessor:emptyResponseCodes:emptyRequestMethods:options:completionHandler:)' is deprecated: responseJSON deprecated and will be removed in Alamofire 6. Use responseDecodable instead.
        dataRequest.responseJSON { response in
                    ^
/Users/zhouming/Desktop/falcon/falcon/LearningModules/Alamofire/Usage/AlamofireFirstViewController.swift:222:37: warning: conditional cast from 'AFError' to 'AFError' always succeeds
                let error = failure as? AFError
                                    ^
/Users/zhouming/Desktop/falcon/falcon/LearningModules/Alamofire/Usage/AlamofireFirstViewController.swift:217:31: warning: result of call to 'sendCodable(_:decodeType:interceptor:needCache:completionHandler:)' is unused
        NetworkManager.shared.sendCodable(HttpBinAPI.get, decodeType: HResponse.self) { result in
                              ^          ~~~~~~~~~~~~~~~~~~~~~~~~~~~~~~~~~~~~~~~~~~~~~~~~~~~~~~~~
/Users/zhouming/Desktop/falcon/falcon/LearningModules/Alamofire/Usage/AlamofireFirstViewController.swift:27:13: warning: initialization of immutable value 'dataRequest11' was never used; consider replacing with assignment to '_' or removing it
        let dataRequest11 = AF.request("https://httpbin.org/get", parameters: ["age": "25"])
        ~~~~^~~~~~~~~~~~~
        _
/Users/zhouming/Desktop/falcon/falcon/LearningModules/Alamofire/Usage/AlamofireFirstViewController.swift:30:13: warning: initialization of immutable value 'dataRequest12' was never used; consider replacing with assignment to '_' or removing it
        let dataRequest12 = AF.request("https://httpbin.org/get", parameters: HParams(name: "zhou",  age: "25"))
        ~~~~^~~~~~~~~~~~~
        _
/Users/zhouming/Desktop/falcon/falcon/LearningModules/Alamofire/Usage/AlamofireFirstViewController.swift:35:17: warning: initialization of immutable value 'dataRequest13' was never used; consider replacing with assignment to '_' or removing it
            let dataRequest13 = AF.request(request)
            ~~~~^~~~~~~~~~~~~
            _
/Users/zhouming/Desktop/falcon/falcon/LearningModules/Alamofire/Usage/AlamofireFirstViewController.swift:82:31: warning: immutable value 'error' was never used; consider replacing with '_' or removing it
            case .failure(let error):
                          ~~~~^~~~~
                          _
/Users/zhouming/Desktop/falcon/falcon/LearningModules/Alamofire/Usage/AlamofireFirstViewController.swift:93:31: warning: immutable value 'error' was never used; consider replacing with '_' or removing it
            case .failure(let error):
                          ~~~~^~~~~
                          _
/Users/zhouming/Desktop/falcon/falcon/LearningModules/Alamofire/Usage/AlamofireFirstViewController.swift:103:31: warning: immutable value 'error' was never used; consider replacing with '_' or removing it
            case .failure(let error):
                          ~~~~^~~~~
                          _
/Users/zhouming/Desktop/falcon/falcon/LearningModules/Alamofire/Usage/AlamofireFirstViewController.swift:113:31: warning: immutable value 'error' was never used; consider replacing with '_' or removing it
            case .failure(let error):
                          ~~~~^~~~~
                          _
/Users/zhouming/Desktop/falcon/falcon/LearningModules/Alamofire/Usage/AlamofireFirstViewController.swift:130:31: warning: immutable value 'error' was never used; consider replacing with '_' or removing it
            case .failure(let error):
                          ~~~~^~~~~
                          _
/Users/zhouming/Desktop/falcon/falcon/LearningModules/Alamofire/Usage/AlamofireFirstViewController.swift:165:31: warning: immutable value 'error' was never used; consider replacing with '_' or removing it
            case .failure(let error):
                          ~~~~^~~~~
                          _
/Users/zhouming/Desktop/falcon/falcon/LearningModules/Alamofire/Usage/AlamofireFirstViewController.swift:176:31: warning: immutable value 'error' was never used; consider replacing with '_' or removing it
            case .failure(let error):
                          ~~~~^~~~~
                          _
/Users/zhouming/Desktop/falcon/falcon/LearningModules/Alamofire/Usage/AlamofireFirstViewController.swift:188:31: warning: immutable value 'error' was never used; consider replacing with '_' or removing it
            case .failure(let error):
                          ~~~~^~~~~
                          _
/Users/zhouming/Desktop/falcon/falcon/LearningModules/Alamofire/Usage/AlamofireFirstViewController.swift:198:31: warning: immutable value 'error' was never used; consider replacing with '_' or removing it
            case .failure(let error):
                          ~~~~^~~~~
                          _
/Users/zhouming/Desktop/falcon/falcon/LearningModules/Alamofire/Usage/AlamofireFirstViewController.swift:222:21: warning: initialization of immutable value 'error' was never used; consider replacing with assignment to '_' or removing it
                let error = failure as? AFError
                ~~~~^~~~~
                _

SwiftCompile normal x86_64 /Users/zhouming/Desktop/falcon/falcon/LearningModules/Alamofire/Usage/AlamofireFourViewController.swift (in target 'falcon' from project 'falcon')
    cd /Users/zhouming/Desktop/falcon
    

SwiftCompile normal x86_64 /Users/zhouming/Desktop/falcon/falcon/LearningModules/Alamofire/Usage/AlamofireSecondViewController.swift (in target 'falcon' from project 'falcon')
    cd /Users/zhouming/Desktop/falcon
    

SwiftCompile normal x86_64 /Users/zhouming/Desktop/falcon/falcon/LearningModules/Alamofire/Usage/AlamofireViewController.swift (in target 'falcon' from project 'falcon')
    cd /Users/zhouming/Desktop/falcon
    

SwiftCompile normal x86_64 /Users/zhouming/Desktop/falcon/falcon/LearningModules/Alamofire/Usage/AlamofireZeroViewController.swift (in target 'falcon' from project 'falcon')
    cd /Users/zhouming/Desktop/falcon
    
/Users/zhouming/Desktop/falcon/falcon/LearningModules/Alamofire/Usage/AlamofireZeroViewController.swift:35:37: warning: string interpolation produces a debug description for an optional value; did you mean to make this explicit?
        print("修改已有的URL:\(request1.url)")
/Users/zhouming/Desktop/falcon/falcon/LearningModules/Alamofire/Usage/AlamofireZeroViewController.swift:35:46: note: use a default value parameter to avoid this warning
        print("修改已有的URL:\(request1.url)")
/Users/zhouming/Desktop/falcon/falcon/LearningModules/Alamofire/Usage/AlamofireZeroViewController.swift:35:46: note: provide a default value to avoid this warning
        print("修改已有的URL:\(request1.url)")
/Users/zhouming/Desktop/falcon/falcon/LearningModules/Alamofire/Usage/AlamofireZeroViewController.swift:35:46: note: use 'String(describing:)' to silence this warning
        print("修改已有的URL:\(request1.url)")
/Users/zhouming/Desktop/falcon/falcon/LearningModules/Alamofire/Usage/AlamofireZeroViewController.swift:46:55: warning: string interpolation produces a debug description for an optional value; did you mean to make this explicit?
        print("使用components22给URL添加参数:\(components22.url)")
/Users/zhouming/Desktop/falcon/falcon/LearningModules/Alamofire/Usage/AlamofireZeroViewController.swift:46:68: note: use a default value parameter to avoid this warning
        print("使用components22给URL添加参数:\(components22.url)")
/Users/zhouming/Desktop/falcon/falcon/LearningModules/Alamofire/Usage/AlamofireZeroViewController.swift:46:68: note: provide a default value to avoid this warning
        print("使用components22给URL添加参数:\(components22.url)")
/Users/zhouming/Desktop/falcon/falcon/LearningModules/Alamofire/Usage/AlamofireZeroViewController.swift:46:68: note: use 'String(describing:)' to silence this warning
        print("使用components22给URL添加参数:\(components22.url)")
/Users/zhouming/Desktop/falcon/falcon/LearningModules/Alamofire/Usage/AlamofireZeroViewController.swift:58:34: warning: string interpolation produces a debug description for an optional value; did you mean to make this explicit?
        print("optional的 map:\(request1.url)")
/Users/zhouming/Desktop/falcon/falcon/LearningModules/Alamofire/Usage/AlamofireZeroViewController.swift:58:43: note: use a default value parameter to avoid this warning
        print("optional的 map:\(request1.url)")
/Users/zhouming/Desktop/falcon/falcon/LearningModules/Alamofire/Usage/AlamofireZeroViewController.swift:58:43: note: provide a default value to avoid this warning
        print("optional的 map:\(request1.url)")
/Users/zhouming/Desktop/falcon/falcon/LearningModules/Alamofire/Usage/AlamofireZeroViewController.swift:58:43: note: use 'String(describing:)' to silence this warning
        print("optional的 map:\(request1.url)")
/Users/zhouming/Desktop/falcon/falcon/LearningModules/Alamofire/Usage/AlamofireZeroViewController.swift:95:13: warning: constant 'result111' inferred to have type '()?', which may be unexpected
        let result111 = try? load(url: "")
            ^
/Users/zhouming/Desktop/falcon/falcon/LearningModules/Alamofire/Usage/AlamofireZeroViewController.swift:95:13: note: add an explicit type annotation to silence this warning
        let result111 = try? load(url: "")
            ^
                     : ()?
/Users/zhouming/Desktop/falcon/falcon/LearningModules/Alamofire/Usage/AlamofireZeroViewController.swift:96:15: warning: expression implicitly coerced from '()?' to 'Any'
        print(result111)
              ^~~~~~~~~
/Users/zhouming/Desktop/falcon/falcon/LearningModules/Alamofire/Usage/AlamofireZeroViewController.swift:96:15: note: provide a default value to avoid this warning
        print(result111)
              ^~~~~~~~~
                        ?? <#default value#>
/Users/zhouming/Desktop/falcon/falcon/LearningModules/Alamofire/Usage/AlamofireZeroViewController.swift:96:15: note: force-unwrap the value to avoid this warning
        print(result111)
              ^~~~~~~~~
                       !
/Users/zhouming/Desktop/falcon/falcon/LearningModules/Alamofire/Usage/AlamofireZeroViewController.swift:96:15: note: explicitly cast to 'Any' with 'as Any' to silence this warning
        print(result111)
              ^~~~~~~~~
                        as Any
/Users/zhouming/Desktop/falcon/falcon/LearningModules/Alamofire/Usage/AlamofireZeroViewController.swift:45:13: warning: initialization of immutable value 'result' was never used; consider replacing with assignment to '_' or removing it
        let result = components22.url
        ~~~~^~~~~~
        _
/Users/zhouming/Desktop/falcon/falcon/LearningModules/Alamofire/Usage/AlamofireZeroViewController.swift:53:13: warning: variable 'request2' was never mutated; consider changing to 'let' constant
        var request2 = URLRequest(url: URL4)
        ~~~ ^
        let
/Users/zhouming/Desktop/falcon/falcon/LearningModules/Alamofire/Usage/AlamofireZeroViewController.swift:149:31: warning: immutable value 'error' was never used; consider replacing with '_' or removing it
            case .failure(let error):
                          ~~~~^~~~~
                          _

SwiftDriverJobDiscovery normal x86_64 Compiling SimpleDiskCache.swift (in target 'falcon' from project 'falcon')

SwiftCompile normal x86_64 Compiling\ SceneDelegate.swift /Users/zhouming/Desktop/falcon/falcon/SceneDelegate.swift (in target 'falcon' from project 'falcon')

SwiftCompile normal x86_64 /Users/zhouming/Desktop/falcon/falcon/SceneDelegate.swift (in target 'falcon' from project 'falcon')
    cd /Users/zhouming/Desktop/falcon
    

SwiftDriverJobDiscovery normal x86_64 Compiling SegmentedViewUseViewController.swift (in target 'falcon' from project 'falcon')

SwiftCompile normal x86_64 Compiling\ LockBenchmarkViewController.swift,\ LockBlockingViewController.swift,\ ThreadUnsafeDemoViewController.swift,\ FeedViewController.swift /Users/zhouming/Desktop/falcon/falcon/LearningModules/YYCache/Usage/LockBenchmarkViewController.swift /Users/zhouming/Desktop/falcon/falcon/LearningModules/YYCache/Usage/LockBlockingViewController.swift /Users/zhouming/Desktop/falcon/falcon/LearningModules/YYCache/Usage/ThreadUnsafeDemoViewController.swift /Users/zhouming/Desktop/falcon/falcon/LearningModules/YYText/FeedViewController.swift (in target 'falcon' from project 'falcon')

SwiftCompile normal x86_64 /Users/zhouming/Desktop/falcon/falcon/LearningModules/YYCache/Usage/LockBenchmarkViewController.swift (in target 'falcon' from project 'falcon')
    cd /Users/zhouming/Desktop/falcon
    
/Users/zhouming/Desktop/falcon/falcon/LearningModules/YYCache/Usage/LockBenchmarkViewController.swift:194:25: warning: mutation of captured var 'count' in concurrently-executing code; this is an error in the Swift 6 language mode
                        count += 1
                        ^

SwiftCompile normal x86_64 /Users/zhouming/Desktop/falcon/falcon/LearningModules/YYCache/Usage/LockBlockingViewController.swift (in target 'falcon' from project 'falcon')
    cd /Users/zhouming/Desktop/falcon
    

SwiftCompile normal x86_64 /Users/zhouming/Desktop/falcon/falcon/LearningModules/YYCache/Usage/ThreadUnsafeDemoViewController.swift (in target 'falcon' from project 'falcon')
    cd /Users/zhouming/Desktop/falcon
    

SwiftCompile normal x86_64 /Users/zhouming/Desktop/falcon/falcon/LearningModules/YYText/FeedViewController.swift (in target 'falcon' from project 'falcon')
    cd /Users/zhouming/Desktop/falcon
    

SwiftDriverJobDiscovery normal x86_64 Compiling WebError.swift, KingfisherManager.swift, KFError.swift, KingfisherDownloader.swift (in target 'falcon' from project 'falcon')

SwiftCompile normal x86_64 Compiling\ YYTextAttributeViewController.swift,\ YYTextController.swift,\ YYTextLayoutViewController.swift,\ GeneratedAssetSymbols.swift /Users/zhouming/Desktop/falcon/falcon/LearningModules/YYText/YYTextAttributeViewController.swift /Users/zhouming/Desktop/falcon/falcon/LearningModules/YYText/YYTextController.swift /Users/zhouming/Desktop/falcon/falcon/LearningModules/YYText/YYTextLayoutViewController.swift /Users/zhouming/Library/Developer/Xcode/DerivedData/falcon-gsoilikaxsflzjexzrtqkcenvrbo/Build/Intermediates.noindex/falcon.build/Release-iphonesimulator/falcon.build/DerivedSources/GeneratedAssetSymbols.swift (in target 'falcon' from project 'falcon')

SwiftCompile normal x86_64 /Users/zhouming/Desktop/falcon/falcon/LearningModules/YYText/YYTextAttributeViewController.swift (in target 'falcon' from project 'falcon')
    cd /Users/zhouming/Desktop/falcon
    
/Users/zhouming/Desktop/falcon/falcon/LearningModules/YYText/YYTextAttributeViewController.swift:64:13: warning: variable 'container' was never mutated; consider changing to 'let' constant
        var container = YYTextContainer(size: CGSize(width: UIScreen.main.bounds.size.width, height: .greatestFiniteMagnitude))
        ~~~ ^
        let
/Users/zhouming/Desktop/falcon/falcon/LearningModules/YYText/YYTextAttributeViewController.swift:66:13: warning: variable 'textlayout' was never mutated; consider changing to 'let' constant
        var textlayout = YYTextLayout(container: container, text: attributeString(item: item))
        ~~~ ^
        let

SwiftCompile normal x86_64 /Users/zhouming/Desktop/falcon/falcon/LearningModules/YYText/YYTextController.swift (in target 'falcon' from project 'falcon')
    cd /Users/zhouming/Desktop/falcon
    

SwiftCompile normal x86_64 /Users/zhouming/Desktop/falcon/falcon/LearningModules/YYText/YYTextLayoutViewController.swift (in target 'falcon' from project 'falcon')
    cd /Users/zhouming/Desktop/falcon
    
/Users/zhouming/Desktop/falcon/falcon/LearningModules/YYText/YYTextLayoutViewController.swift:73:13: warning: variable 'container' was never mutated; consider changing to 'let' constant
        var container = YYTextContainer(size: CGSize(width: UIScreen.main.bounds.size.width, height: .greatestFiniteMagnitude))
        ~~~ ^
        let
/Users/zhouming/Desktop/falcon/falcon/LearningModules/YYText/YYTextLayoutViewController.swift:75:13: warning: variable 'textlayout' was never mutated; consider changing to 'let' constant
        var textlayout = YYTextLayout(container: container, text: attributeString(item: item.item))
        ~~~ ^
        let

SwiftCompile normal x86_64 /Users/zhouming/Library/Developer/Xcode/DerivedData/falcon-gsoilikaxsflzjexzrtqkcenvrbo/Build/Intermediates.noindex/falcon.build/Release-iphonesimulator/falcon.build/DerivedSources/GeneratedAssetSymbols.swift (in target 'falcon' from project 'falcon')
    cd /Users/zhouming/Desktop/falcon
    

SwiftDriverJobDiscovery normal x86_64 Compiling RouteError.swift, RouteParser.swift, SimpleRouter.swift, Route.swift (in target 'falcon' from project 'falcon')

SwiftCompile normal x86_64 Compiling\ OnlySuperLock.swift,\ RunLoopDemoViewController.swift,\ AssociatedObjectViewController.swift,\ MethodSwizzlingViewController.swift,\ TabbarAppearanceDemoViewController.swift /Users/zhouming/Desktop/falcon/falcon/Demos/BasicKnowledge/Queue/LockGranularity/OnlySuperLock.swift /Users/zhouming/Desktop/falcon/falcon/Demos/BasicKnowledge/RunLoop/RunLoopDemoViewController.swift /Users/zhouming/Desktop/falcon/falcon/Demos/BasicKnowledge/Runtime/AssociatedObjectViewController.swift /Users/zhouming/Desktop/falcon/falcon/Demos/BasicKnowledge/Runtime/MethodSwizzlingViewController.swift /Users/zhouming/Desktop/falcon/falcon/Demos/BasicKnowledge/Tabbar/Appearance/TabbarAppearanceDemoViewController.swift (in target 'falcon' from project 'falcon')

SwiftCompile normal x86_64 /Users/zhouming/Desktop/falcon/falcon/Demos/BasicKnowledge/Queue/LockGranularity/OnlySuperLock.swift (in target 'falcon' from project 'falcon')
    cd /Users/zhouming/Desktop/falcon
    

SwiftCompile normal x86_64 /Users/zhouming/Desktop/falcon/falcon/Demos/BasicKnowledge/RunLoop/RunLoopDemoViewController.swift (in target 'falcon' from project 'falcon')
    cd /Users/zhouming/Desktop/falcon
    

SwiftCompile normal x86_64 /Users/zhouming/Desktop/falcon/falcon/Demos/BasicKnowledge/Runtime/AssociatedObjectViewController.swift (in target 'falcon' from project 'falcon')
    cd /Users/zhouming/Desktop/falcon
    

SwiftCompile normal x86_64 /Users/zhouming/Desktop/falcon/falcon/Demos/BasicKnowledge/Runtime/MethodSwizzlingViewController.swift (in target 'falcon' from project 'falcon')
    cd /Users/zhouming/Desktop/falcon
    

SwiftCompile normal x86_64 /Users/zhouming/Desktop/falcon/falcon/Demos/BasicKnowledge/Tabbar/Appearance/TabbarAppearanceDemoViewController.swift (in target 'falcon' from project 'falcon')
    cd /Users/zhouming/Desktop/falcon
    

SwiftDriverJobDiscovery normal x86_64 Compiling SceneDelegate.swift (in target 'falcon' from project 'falcon')

SwiftCompile normal x86_64 Compiling\ BaseResponse.swift,\ NetworkConfig.swift,\ NetworkError.swift,\ NetworkManager.swift,\ AlamofireThirdViewController.swift /Users/zhouming/Desktop/falcon/falcon/LearningModules/Alamofire/Encapsulation/BaseResponse.swift /Users/zhouming/Desktop/falcon/falcon/LearningModules/Alamofire/Encapsulation/NetworkConfig.swift /Users/zhouming/Desktop/falcon/falcon/LearningModules/Alamofire/Encapsulation/NetworkError.swift /Users/zhouming/Desktop/falcon/falcon/LearningModules/Alamofire/Encapsulation/NetworkManager.swift /Users/zhouming/Desktop/falcon/falcon/LearningModules/Alamofire/Usage/AlamofireThirdViewController.swift (in target 'falcon' from project 'falcon')

SwiftCompile normal x86_64 /Users/zhouming/Desktop/falcon/falcon/LearningModules/Alamofire/Encapsulation/BaseResponse.swift (in target 'falcon' from project 'falcon')
    cd /Users/zhouming/Desktop/falcon
    

SwiftCompile normal x86_64 /Users/zhouming/Desktop/falcon/falcon/LearningModules/Alamofire/Encapsulation/NetworkConfig.swift (in target 'falcon' from project 'falcon')
    cd /Users/zhouming/Desktop/falcon
    

SwiftCompile normal x86_64 /Users/zhouming/Desktop/falcon/falcon/LearningModules/Alamofire/Encapsulation/NetworkError.swift (in target 'falcon' from project 'falcon')
    cd /Users/zhouming/Desktop/falcon
    

SwiftCompile normal x86_64 /Users/zhouming/Desktop/falcon/falcon/LearningModules/Alamofire/Encapsulation/NetworkManager.swift (in target 'falcon' from project 'falcon')
    cd /Users/zhouming/Desktop/falcon
    
/Users/zhouming/Desktop/falcon/falcon/LearningModules/Alamofire/Encapsulation/NetworkManager.swift:80:56: warning: capture of 'decodeType' with non-Sendable type 'T.Type' in a '@Sendable' closure
            self?.handleResponse(res: res, decodeType: decodeType, needCache: needCache,completionHandler: completionHandler)
                                                       ^
/Users/zhouming/Desktop/falcon/falcon/LearningModules/Alamofire/Encapsulation/NetworkManager.swift:98:56: warning: capture of 'decodeType' with non-Sendable type 'T.Type' in a '@Sendable' closure
            self?.handleResponse(res: res, decodeType: decodeType, needCache: needCache, completionHandler: completionHandler)
                                                       ^
/Users/zhouming/Desktop/falcon/falcon/LearningModules/Alamofire/Encapsulation/NetworkManager.swift:106:56: warning: capture of 'decodeType' with non-Sendable type 'T.Type' in a '@Sendable' closure
            self?.handleResponse(res: res, decodeType: decodeType, needCache: needCache, completionHandler: completionHandler)
                                                       ^
/Users/zhouming/Desktop/falcon/falcon/LearningModules/Alamofire/Encapsulation/NetworkManager.swift:166:13: warning: initialization of immutable value 'metrics' was never used; consider replacing with assignment to '_' or removing it
        let metrics = response.metrics
        ~~~~^~~~~~~
        _

SwiftCompile normal x86_64 /Users/zhouming/Desktop/falcon/falcon/LearningModules/Alamofire/Usage/AlamofireThirdViewController.swift (in target 'falcon' from project 'falcon')
    cd /Users/zhouming/Desktop/falcon
    

SwiftDriverJobDiscovery normal x86_64 Compiling PerformanceCPUDemoViewController.swift (in target 'falcon' from project 'falcon')

SwiftCompile normal x86_64 Compiling\ LoginUtil.swift,\ PerformanceMeasurer.swift,\ BaseNavigationController.swift,\ TestAutolayoutViewController.swift /Users/zhouming/Desktop/falcon/falcon/Core/Util/LoginUtil.swift /Users/zhouming/Desktop/falcon/falcon/Core/Util/PerformanceMeasurer.swift /Users/zhouming/Desktop/falcon/falcon/Core/BaseNavigationController.swift /Users/zhouming/Desktop/falcon/falcon/Demos/BasicKnowledge/Autolayout/TestAutolayoutViewController.swift (in target 'falcon' from project 'falcon')

SwiftCompile normal x86_64 /Users/zhouming/Desktop/falcon/falcon/Core/Util/LoginUtil.swift (in target 'falcon' from project 'falcon')
    cd /Users/zhouming/Desktop/falcon
    

SwiftCompile normal x86_64 /Users/zhouming/Desktop/falcon/falcon/Core/Util/PerformanceMeasurer.swift (in target 'falcon' from project 'falcon')
    cd /Users/zhouming/Desktop/falcon
    

SwiftCompile normal x86_64 /Users/zhouming/Desktop/falcon/falcon/Core/BaseNavigationController.swift (in target 'falcon' from project 'falcon')
    cd /Users/zhouming/Desktop/falcon
    

SwiftCompile normal x86_64 /Users/zhouming/Desktop/falcon/falcon/Demos/BasicKnowledge/Autolayout/TestAutolayoutViewController.swift (in target 'falcon' from project 'falcon')
    cd /Users/zhouming/Desktop/falcon
    

SwiftDriverJobDiscovery normal x86_64 Compiling JXPagingViewUseViewController.swift (in target 'falcon' from project 'falcon')

SwiftCompile normal x86_64 Compiling\ UsageThirdPartyViewController.swift /Users/zhouming/Desktop/falcon/falcon/Demos/ThirdParty/UsageThirdPartyViewController.swift (in target 'falcon' from project 'falcon')

SwiftCompile normal x86_64 /Users/zhouming/Desktop/falcon/falcon/Demos/ThirdParty/UsageThirdPartyViewController.swift (in target 'falcon' from project 'falcon')
    cd /Users/zhouming/Desktop/falcon
    

SwiftDriverJobDiscovery normal x86_64 Compiling KingfisherBasicViewController.swift, KingfisherSessionDelegateViewController.swift, KingfisherUseNetworkLayerViewController.swift, KingfisherViewController.swift, FAProgressHUD.swift (in target 'falcon' from project 'falcon')

SwiftDriverJobDiscovery normal x86_64 Compiling YYTextAttributeViewController.swift, YYTextController.swift, YYTextLayoutViewController.swift, GeneratedAssetSymbols.swift (in target 'falcon' from project 'falcon')

SwiftDriverJobDiscovery normal x86_64 Compiling UsageThirdPartyViewController.swift (in target 'falcon' from project 'falcon')

SwiftDriverJobDiscovery normal x86_64 Compiling OnlySuperLock.swift, RunLoopDemoViewController.swift, AssociatedObjectViewController.swift, MethodSwizzlingViewController.swift, TabbarAppearanceDemoViewController.swift (in target 'falcon' from project 'falcon')

SwiftDriverJobDiscovery normal x86_64 Compiling LoginUtil.swift, PerformanceMeasurer.swift, BaseNavigationController.swift, TestAutolayoutViewController.swift (in target 'falcon' from project 'falcon')

SwiftDriverJobDiscovery normal x86_64 Compiling BaseResponse.swift, NetworkConfig.swift, NetworkError.swift, NetworkManager.swift, AlamofireThirdViewController.swift (in target 'falcon' from project 'falcon')

SwiftDriverJobDiscovery normal x86_64 Compiling LockBenchmarkViewController.swift, LockBlockingViewController.swift, ThreadUnsafeDemoViewController.swift, FeedViewController.swift (in target 'falcon' from project 'falcon')

SwiftDriverJobDiscovery normal x86_64 Compiling AlamofireFirstViewController.swift, AlamofireFourViewController.swift, AlamofireSecondViewController.swift, AlamofireViewController.swift, AlamofireZeroViewController.swift (in target 'falcon' from project 'falcon')

SwiftDriver\ Compilation falcon normal x86_64 com.apple.xcode.tools.swift.compiler (in target 'falcon' from project 'falcon')
    cd /Users/zhouming/Desktop/falcon
    builtin-Swift-Compilation -- /Applications/Xcode.app/Contents/Developer/Toolchains/XcodeDefault.xctoolchain/usr/bin/swiftc -module-name falcon -O -enforce-exclusivity\=checked @/Users/zhouming/Library/Developer/Xcode/DerivedData/falcon-gsoilikaxsflzjexzrtqkcenvrbo/Build/Intermediates.noindex/falcon.build/Release-iphonesimulator/falcon.build/Objects-normal/x86_64/falcon.SwiftFileList -D COCOAPODS -default-isolation\=MainActor -enable-bare-slash-regex -enable-upcoming-feature DisableOutwardActorInference -enable-upcoming-feature InferSendableFromCaptures -enable-upcoming-feature GlobalActorIsolatedTypesUsability -enable-upcoming-feature MemberImportVisibility -enable-upcoming-feature InferIsolatedConformances -enable-upcoming-feature NonisolatedNonsendingByDefault -enable-experimental-feature DebugDescriptionMacro -sdk /Applications/Xcode.app/Contents/Developer/Platforms/iPhoneSimulator.platform/Developer/SDKs/iPhoneSimulator26.0.sdk -target x86_64-apple-ios15.5-simulator -g -module-cache-path /Users/zhouming/Library/Developer/Xcode/DerivedData/ModuleCache.noindex -Xfrontend -serialize-debugging-options -profile-coverage-mapping -profile-generate -swift-version 5 -I /Users/zhouming/Library/Developer/Xcode/DerivedData/falcon-gsoilikaxsflzjexzrtqkcenvrbo/Build/Products/Release-iphonesimulator -F /Users/zhouming/Library/Developer/Xcode/DerivedData/falcon-gsoilikaxsflzjexzrtqkcenvrbo/Build/Products/Release-iphonesimulator -F /Users/zhouming/Library/Developer/Xcode/DerivedData/falcon-gsoilikaxsflzjexzrtqkcenvrbo/Build/Products/Release-iphonesimulator/Alamofire -F /Users/zhouming/Library/Developer/Xcode/DerivedData/falcon-gsoilikaxsflzjexzrtqkcenvrbo/Build/Products/Release-iphonesimulator/Cache -F /Users/zhouming/Library/Developer/Xcode/DerivedData/falcon-gsoilikaxsflzjexzrtqkcenvrbo/Build/Products/Release-iphonesimulator/DZNEmptyDataSet -F /Users/zhouming/Library/Developer/Xcode/DerivedData/falcon-gsoilikaxsflzjexzrtqkcenvrbo/Build/Products/Release-iphonesimulator/DisplayCriteria -F /Users/zhouming/Library/Developer/Xcode/DerivedData/falcon-gsoilikaxsflzjexzrtqkcenvrbo/Build/Products/Release-iphonesimulator/ESTabBarController-swift -F /Users/zhouming/Library/Developer/Xcode/DerivedData/falcon-gsoilikaxsflzjexzrtqkcenvrbo/Build/Products/Release-iphonesimulator/FFmpegKit -F /Users/zhouming/Library/Developer/Xcode/DerivedData/falcon-gsoilikaxsflzjexzrtqkcenvrbo/Build/Products/Release-iphonesimulator/IQKeyboardCore -F /Users/zhouming/Library/Developer/Xcode/DerivedData/falcon-gsoilikaxsflzjexzrtqkcenvrbo/Build/Products/Release-iphonesimulator/IQKeyboardManagerSwift -F /Users/zhouming/Library/Developer/Xcode/DerivedData/falcon-gsoilikaxsflzjexzrtqkcenvrbo/Build/Products/Release-iphonesimulator/IQKeyboardNotification -F /Users/zhouming/Library/Developer/Xcode/DerivedData/falcon-gsoilikaxsflzjexzrtqkcenvrbo/Build/Products/Release-iphonesimulator/IQKeyboardReturnManager -F /Users/zhouming/Library/Developer/Xcode/DerivedData/falcon-gsoilikaxsflzjexzrtqkcenvrbo/Build/Products/Release-iphonesimulator/IQKeyboardToolbar -F /Users/zhouming/Library/Developer/Xcode/DerivedData/falcon-gsoilikaxsflzjexzrtqkcenvrbo/Build/Products/Release-iphonesimulator/IQKeyboardToolbarManager -F /Users/zhouming/Library/Developer/Xcode/DerivedData/falcon-gsoilikaxsflzjexzrtqkcenvrbo/Build/Products/Release-iphonesimulator/IQTextInputViewNotification -F /Users/zhouming/Library/Developer/Xcode/DerivedData/falcon-gsoilikaxsflzjexzrtqkcenvrbo/Build/Products/Release-iphonesimulator/IQTextView -F /Users/zhouming/Library/Developer/Xcode/DerivedData/falcon-gsoilikaxsflzjexzrtqkcenvrbo/Build/Products/Release-iphonesimulator/JXPagingView -F /Users/zhouming/Library/Developer/Xcode/DerivedData/falcon-gsoilikaxsflzjexzrtqkcenvrbo/Build/Products/Release-iphonesimulator/JXSegmentedView -F /Users/zhouming/Library/Developer/Xcode/DerivedData/falcon-gsoilikaxsflzjexzrtqkcenvrbo/Build/Products/Release-iphonesimulator/KSPlayer -F /Users/zhouming/Library/Developer/Xcode/DerivedData/falcon-gsoilikaxsflzjexzrtqkcenvrbo/Build/Products/Release-iphonesimulator/Kingfisher -F /Users/zhouming/Library/Developer/Xcode/DerivedData/falcon-gsoilikaxsflzjexzrtqkcenvrbo/Build/Products/Release-iphonesimulator/MBProgressHUD -F /Users/zhouming/Library/Developer/Xcode/DerivedData/falcon-gsoilikaxsflzjexzrtqkcenvrbo/Build/Products/Release-iphonesimulator/SnapKit -F /Users/zhouming/Library/Developer/Xcode/DerivedData/falcon-gsoilikaxsflzjexzrtqkcenvrbo/Build/Products/Release-iphonesimulator/Toast -F /Users/zhouming/Library/Developer/Xcode/DerivedData/falcon-gsoilikaxsflzjexzrtqkcenvrbo/Build/Products/Release-iphonesimulator/YQKingfisher -F /Users/zhouming/Library/Developer/Xcode/DerivedData/falcon-gsoilikaxsflzjexzrtqkcenvrbo/Build/Products/Release-iphonesimulator/YQPhotoBrowser -F /Users/zhouming/Library/Developer/Xcode/DerivedData/falcon-gsoilikaxsflzjexzrtqkcenvrbo/Build/Products/Release-iphonesimulator/YYCache -F /Users/zhouming/Library/Developer/Xcode/DerivedData/falcon-gsoilikaxsflzjexzrtqkcenvrbo/Build/Products/Release-iphonesimulator/YYText -F /Users/zhouming/Library/Developer/Xcode/DerivedData/falcon-gsoilikaxsflzjexzrtqkcenvrbo/Build/Products/Release-iphonesimulator/ZLPhotoBrowser -F /Users/zhouming/Library/Developer/Xcode/DerivedData/falcon-gsoilikaxsflzjexzrtqkcenvrbo/Build/Products/Release-iphonesimulator/lottie-ios -F /Users/zhouming/Desktop/falcon/Pods/FFmpegKit/Sources -F /Users/zhouming/Desktop/falcon/Pods/Libass/Sources -F /Users/zhouming/Library/Developer/Xcode/DerivedData/falcon-gsoilikaxsflzjexzrtqkcenvrbo/Build/Products/Release-iphonesimulator/XCFrameworkIntermediates/FFmpegKit/FFmpegKit -F /Users/zhouming/Library/Developer/Xcode/DerivedData/falcon-gsoilikaxsflzjexzrtqkcenvrbo/Build/Products/Release-iphonesimulator/XCFrameworkIntermediates/Libass/Libass -emit-localized-strings -emit-localized-strings-path /Users/zhouming/Library/Developer/Xcode/DerivedData/falcon-gsoilikaxsflzjexzrtqkcenvrbo/Build/Intermediates.noindex/falcon.build/Release-iphonesimulator/falcon.build/Objects-normal/x86_64 -c -j8 -enable-batch-mode -incremental -Xcc -ivfsstatcache -Xcc /Users/zhouming/Library/Developer/Xcode/DerivedData/SDKStatCaches.noindex/iphonesimulator26.0-23A339-3885c01c3e6b6a337905948deab2002e26257891a6c027eb51374368541b8346.sdkstatcache -output-file-map /Users/zhouming/Library/Developer/Xcode/DerivedData/falcon-gsoilikaxsflzjexzrtqkcenvrbo/Build/Intermediates.noindex/falcon.build/Release-iphonesimulator/falcon.build/Objects-normal/x86_64/falcon-OutputFileMap.json -use-frontend-parseable-output -save-temps -no-color-diagnostics -explicit-module-build -module-cache-path /Users/zhouming/Library/Developer/Xcode/DerivedData/falcon-gsoilikaxsflzjexzrtqkcenvrbo/Build/Intermediates.noindex/SwiftExplicitPrecompiledModules -clang-scanner-module-cache-path /Users/zhouming/Library/Developer/Xcode/DerivedData/ModuleCache.noindex -sdk-module-cache-path /Users/zhouming/Library/Developer/Xcode/DerivedData/ModuleCache.noindex -serialize-diagnostics -emit-dependencies -emit-module -emit-module-path /Users/zhouming/Library/Developer/Xcode/DerivedData/falcon-gsoilikaxsflzjexzrtqkcenvrbo/Build/Intermediates.noindex/falcon.build/Release-iphonesimulator/falcon.build/Objects-normal/x86_64/falcon.swiftmodule -validate-clang-modules-once -clang-build-session-file /Users/zhouming/Library/Developer/Xcode/DerivedData/ModuleCache.noindex/Session.modulevalidation -Xcc -I/Users/zhouming/Library/Developer/Xcode/DerivedData/falcon-gsoilikaxsflzjexzrtqkcenvrbo/Build/Intermediates.noindex/falcon.build/Release-iphonesimulator/falcon.build/swift-overrides.hmap -emit-const-values -Xfrontend -const-gather-protocols-file -Xfrontend /Users/zhouming/Library/Developer/Xcode/DerivedData/falcon-gsoilikaxsflzjexzrtqkcenvrbo/Build/Intermediates.noindex/falcon.build/Release-iphonesimulator/falcon.build/Objects-normal/x86_64/falcon_const_extract_protocols.json -Xcc -iquote -Xcc /Users/zhouming/Library/Developer/Xcode/DerivedData/falcon-gsoilikaxsflzjexzrtqkcenvrbo/Build/Intermediates.noindex/falcon.build/Release-iphonesimulator/falcon.build/falcon-generated-files.hmap -Xcc -I/Users/zhouming/Library/Developer/Xcode/DerivedData/falcon-gsoilikaxsflzjexzrtqkcenvrbo/Build/Intermediates.noindex/falcon.build/Release-iphonesimulator/falcon.build/falcon-own-target-headers.hmap -Xcc -I/Users/zhouming/Library/Developer/Xcode/DerivedData/falcon-gsoilikaxsflzjexzrtqkcenvrbo/Build/Intermediates.noindex/falcon.build/Release-iphonesimulator/falcon.build/falcon-all-non-framework-target-headers.hmap -Xcc -ivfsoverlay -Xcc /Users/zhouming/Library/Developer/Xcode/DerivedData/falcon-gsoilikaxsflzjexzrtqkcenvrbo/Build/Intermediates.noindex/falcon.build/Release-iphonesimulator/falcon-0daf7a28aeb72ccd5ee13e2bf2731ec9-VFS-iphonesimulator/all-product-headers.yaml -Xcc -iquote -Xcc /Users/zhouming/Library/Developer/Xcode/DerivedData/falcon-gsoilikaxsflzjexzrtqkcenvrbo/Build/Intermediates.noindex/falcon.build/Release-iphonesimulator/falcon.build/falcon-project-headers.hmap -Xcc -I/Users/zhouming/Library/Developer/Xcode/DerivedData/falcon-gsoilikaxsflzjexzrtqkcenvrbo/Build/Products/Release-iphonesimulator/include -Xcc -I/Users/zhouming/Library/Developer/Xcode/DerivedData/falcon-gsoilikaxsflzjexzrtqkcenvrbo/Build/Products/Release-iphonesimulator/Alamofire/Alamofire.framework/Headers -Xcc -I/Users/zhouming/Library/Developer/Xcode/DerivedData/falcon-gsoilikaxsflzjexzrtqkcenvrbo/Build/Products/Release-iphonesimulator/Cache/Cache.framework/Headers -Xcc -I/Users/zhouming/Library/Developer/Xcode/DerivedData/falcon-gsoilikaxsflzjexzrtqkcenvrbo/Build/Products/Release-iphonesimulator/DZNEmptyDataSet/DZNEmptyDataSet.framework/Headers -Xcc -I/Users/zhouming/Library/Developer/Xcode/DerivedData/falcon-gsoilikaxsflzjexzrtqkcenvrbo/Build/Products/Release-iphonesimulator/DisplayCriteria/DisplayCriteria.framework/Headers -Xcc -I/Users/zhouming/Library/Developer/Xcode/DerivedData/falcon-gsoilikaxsflzjexzrtqkcenvrbo/Build/Products/Release-iphonesimulator/ESTabBarController-swift/ESTabBarController_swift.framework/Headers -Xcc -I/Users/zhouming/Library/Developer/Xcode/DerivedData/falcon-gsoilikaxsflzjexzrtqkcenvrbo/Build/Products/Release-iphonesimulator/FFmpegKit/FFmpegKit.framework/Headers -Xcc -I/Users/zhouming/Library/Developer/Xcode/DerivedData/falcon-gsoilikaxsflzjexzrtqkcenvrbo/Build/Products/Release-iphonesimulator/IQKeyboardCore/IQKeyboardCore.framework/Headers -Xcc -I/Users/zhouming/Library/Developer/Xcode/DerivedData/falcon-gsoilikaxsflzjexzrtqkcenvrbo/Build/Products/Release-iphonesimulator/IQKeyboardManagerSwift/IQKeyboardManagerSwift.framework/Headers -Xcc -I/Users/zhouming/Library/Developer/Xcode/DerivedData/falcon-gsoilikaxsflzjexzrtqkcenvrbo/Build/Products/Release-iphonesimulator/IQKeyboardNotification/IQKeyboardNotification.framework/Headers -Xcc -I/Users/zhouming/Library/Developer/Xcode/DerivedData/falcon-gsoilikaxsflzjexzrtqkcenvrbo/Build/Products/Release-iphonesimulator/IQKeyboardReturnManager/IQKeyboardReturnManager.framework/Headers -Xcc -I/Users/zhouming/Library/Developer/Xcode/DerivedData/falcon-gsoilikaxsflzjexzrtqkcenvrbo/Build/Products/Release-iphonesimulator/IQKeyboardToolbar/IQKeyboardToolbar.framework/Headers -Xcc -I/Users/zhouming/Library/Developer/Xcode/DerivedData/falcon-gsoilikaxsflzjexzrtqkcenvrbo/Build/Products/Release-iphonesimulator/IQKeyboardToolbarManager/IQKeyboardToolbarManager.framework/Headers -Xcc -I/Users/zhouming/Library/Developer/Xcode/DerivedData/falcon-gsoilikaxsflzjexzrtqkcenvrbo/Build/Products/Release-iphonesimulator/IQTextInputViewNotification/IQTextInputViewNotification.framework/Headers -Xcc -I/Users/zhouming/Library/Developer/Xcode/DerivedData/falcon-gsoilikaxsflzjexzrtqkcenvrbo/Build/Products/Release-iphonesimulator/IQTextView/IQTextView.framework/Headers -Xcc -I/Users/zhouming/Library/Developer/Xcode/DerivedData/falcon-gsoilikaxsflzjexzrtqkcenvrbo/Build/Products/Release-iphonesimulator/JXPagingView/JXPagingView.framework/Headers -Xcc -I/Users/zhouming/Library/Developer/Xcode/DerivedData/falcon-gsoilikaxsflzjexzrtqkcenvrbo/Build/Products/Release-iphonesimulator/JXSegmentedView/JXSegmentedView.framework/Headers -Xcc -I/Users/zhouming/Library/Developer/Xcode/DerivedData/falcon-gsoilikaxsflzjexzrtqkcenvrbo/Build/Products/Release-iphonesimulator/KSPlayer/KSPlayer.framework/Headers -Xcc -I/Users/zhouming/Library/Developer/Xcode/DerivedData/falcon-gsoilikaxsflzjexzrtqkcenvrbo/Build/Products/Release-iphonesimulator/Kingfisher/Kingfisher.framework/Headers -Xcc -I/Users/zhouming/Library/Developer/Xcode/DerivedData/falcon-gsoilikaxsflzjexzrtqkcenvrbo/Build/Products/Release-iphonesimulator/MBProgressHUD/MBProgressHUD.framework/Headers -Xcc -I/Users/zhouming/Library/Developer/Xcode/DerivedData/falcon-gsoilikaxsflzjexzrtqkcenvrbo/Build/Products/Release-iphonesimulator/SnapKit/SnapKit.framework/Headers -Xcc -I/Users/zhouming/Library/Developer/Xcode/DerivedData/falcon-gsoilikaxsflzjexzrtqkcenvrbo/Build/Products/Release-iphonesimulator/Toast/Toast.framework/Headers -Xcc -I/Users/zhouming/Library/Developer/Xcode/DerivedData/falcon-gsoilikaxsflzjexzrtqkcenvrbo/Build/Products/Release-iphonesimulator/YQKingfisher/YQKingfisher.framework/Headers -Xcc -I/Users/zhouming/Library/Developer/Xcode/DerivedData/falcon-gsoilikaxsflzjexzrtqkcenvrbo/Build/Products/Release-iphonesimulator/YQPhotoBrowser/YQPhotoBrowser.framework/Headers -Xcc -I/Users/zhouming/Library/Developer/Xcode/DerivedData/falcon-gsoilikaxsflzjexzrtqkcenvrbo/Build/Products/Release-iphonesimulator/YYCache/YYCache.framework/Headers -Xcc -I/Users/zhouming/Library/Developer/Xcode/DerivedData/falcon-gsoilikaxsflzjexzrtqkcenvrbo/Build/Products/Release-iphonesimulator/YYText/YYText.framework/Headers -Xcc -I/Users/zhouming/Library/Developer/Xcode/DerivedData/falcon-gsoilikaxsflzjexzrtqkcenvrbo/Build/Products/Release-iphonesimulator/ZLPhotoBrowser/ZLPhotoBrowser.framework/Headers -Xcc -I/Users/zhouming/Library/Developer/Xcode/DerivedData/falcon-gsoilikaxsflzjexzrtqkcenvrbo/Build/Products/Release-iphonesimulator/lottie-ios/Lottie.framework/Headers -Xcc -I/Users/zhouming/Library/Developer/Xcode/DerivedData/falcon-gsoilikaxsflzjexzrtqkcenvrbo/Build/Products/Release-iphonesimulator/XCFrameworkIntermediates/FFmpegKit/FFmpegKit/Headers -Xcc -I/Users/zhouming/Library/Developer/Xcode/DerivedData/falcon-gsoilikaxsflzjexzrtqkcenvrbo/Build/Intermediates.noindex/falcon.build/Release-iphonesimulator/falcon.build/DerivedSources-normal/x86_64 -Xcc -I/Users/zhouming/Library/Developer/Xcode/DerivedData/falcon-gsoilikaxsflzjexzrtqkcenvrbo/Build/Intermediates.noindex/falcon.build/Release-iphonesimulator/falcon.build/DerivedSources/x86_64 -Xcc -I/Users/zhouming/Library/Developer/Xcode/DerivedData/falcon-gsoilikaxsflzjexzrtqkcenvrbo/Build/Intermediates.noindex/falcon.build/Release-iphonesimulator/falcon.build/DerivedSources -Xcc -DCOCOAPODS\=1 -emit-objc-header -emit-objc-header-path /Users/zhouming/Library/Developer/Xcode/DerivedData/falcon-gsoilikaxsflzjexzrtqkcenvrbo/Build/Intermediates.noindex/falcon.build/Release-iphonesimulator/falcon.build/Objects-normal/x86_64/falcon-Swift.h -working-directory /Users/zhouming/Desktop/falcon -experimental-emit-module-separately -disable-cmo

Ld /Users/zhouming/Library/Developer/Xcode/DerivedData/falcon-gsoilikaxsflzjexzrtqkcenvrbo/Build/Intermediates.noindex/falcon.build/Release-iphonesimulator/falcon.build/Objects-normal/x86_64/Binary/falcon normal x86_64 (in target 'falcon' from project 'falcon')
    cd /Users/zhouming/Desktop/falcon
    /Applications/Xcode.app/Contents/Developer/Toolchains/XcodeDefault.xctoolchain/usr/bin/clang -Xlinker -reproducible -target x86_64-apple-ios15.5-simulator -isysroot /Applications/Xcode.app/Contents/Developer/Platforms/iPhoneSimulator.platform/Developer/SDKs/iPhoneSimulator26.0.sdk -Os -L/Users/zhouming/Library/Developer/Xcode/DerivedData/falcon-gsoilikaxsflzjexzrtqkcenvrbo/Build/Intermediates.noindex/EagerLinkingTBDs/Release-iphonesimulator -L/Users/zhouming/Library/Developer/Xcode/DerivedData/falcon-gsoilikaxsflzjexzrtqkcenvrbo/Build/Products/Release-iphonesimulator -L/Users/zhouming/Library/Developer/Xcode/DerivedData/falcon-gsoilikaxsflzjexzrtqkcenvrbo/Build/Products/Release-iphonesimulator/XCFrameworkIntermediates/FFmpegKit/FFmpegKit -L/var/run/com.apple.security.cryptexd/mnt/com.apple.MobileAsset.MetalToolchain-v17.1.324.0.BoBwdl/Metal.xctoolchain/usr/lib/swift/iphonesimulator -L/Applications/Xcode.app/Contents/Developer/Platforms/iPhoneSimulator.platform/Developer/SDKs/iPhoneSimulator26.0.sdk/usr/lib/swift -L/Applications/Xcode.app/Contents/Developer/Platforms/iPhoneSimulator.platform/Developer/SDKs/iPhoneSimulator26.0.sdk/usr/lib/swift -F/Users/zhouming/Library/Developer/Xcode/DerivedData/falcon-gsoilikaxsflzjexzrtqkcenvrbo/Build/Intermediates.noindex/EagerLinkingTBDs/Release-iphonesimulator -F/Users/zhouming/Library/Developer/Xcode/DerivedData/falcon-gsoilikaxsflzjexzrtqkcenvrbo/Build/Products/Release-iphonesimulator -F/Users/zhouming/Library/Developer/Xcode/DerivedData/falcon-gsoilikaxsflzjexzrtqkcenvrbo/Build/Products/Release-iphonesimulator/Alamofire -F/Users/zhouming/Library/Developer/Xcode/DerivedData/falcon-gsoilikaxsflzjexzrtqkcenvrbo/Build/Products/Release-iphonesimulator/Cache -F/Users/zhouming/Library/Developer/Xcode/DerivedData/falcon-gsoilikaxsflzjexzrtqkcenvrbo/Build/Products/Release-iphonesimulator/DZNEmptyDataSet -F/Users/zhouming/Library/Developer/Xcode/DerivedData/falcon-gsoilikaxsflzjexzrtqkcenvrbo/Build/Products/Release-iphonesimulator/DisplayCriteria -F/Users/zhouming/Library/Developer/Xcode/DerivedData/falcon-gsoilikaxsflzjexzrtqkcenvrbo/Build/Products/Release-iphonesimulator/ESTabBarController-swift -F/Users/zhouming/Library/Developer/Xcode/DerivedData/falcon-gsoilikaxsflzjexzrtqkcenvrbo/Build/Products/Release-iphonesimulator/FFmpegKit -F/Users/zhouming/Library/Developer/Xcode/DerivedData/falcon-gsoilikaxsflzjexzrtqkcenvrbo/Build/Products/Release-iphonesimulator/IQKeyboardCore -F/Users/zhouming/Library/Developer/Xcode/DerivedData/falcon-gsoilikaxsflzjexzrtqkcenvrbo/Build/Products/Release-iphonesimulator/IQKeyboardManagerSwift -F/Users/zhouming/Library/Developer/Xcode/DerivedData/falcon-gsoilikaxsflzjexzrtqkcenvrbo/Build/Products/Release-iphonesimulator/IQKeyboardNotification -F/Users/zhouming/Library/Developer/Xcode/DerivedData/falcon-gsoilikaxsflzjexzrtqkcenvrbo/Build/Products/Release-iphonesimulator/IQKeyboardReturnManager -F/Users/zhouming/Library/Developer/Xcode/DerivedData/falcon-gsoilikaxsflzjexzrtqkcenvrbo/Build/Products/Release-iphonesimulator/IQKeyboardToolbar -F/Users/zhouming/Library/Developer/Xcode/DerivedData/falcon-gsoilikaxsflzjexzrtqkcenvrbo/Build/Products/Release-iphonesimulator/IQKeyboardToolbarManager -F/Users/zhouming/Library/Developer/Xcode/DerivedData/falcon-gsoilikaxsflzjexzrtqkcenvrbo/Build/Products/Release-iphonesimulator/IQTextInputViewNotification -F/Users/zhouming/Library/Developer/Xcode/DerivedData/falcon-gsoilikaxsflzjexzrtqkcenvrbo/Build/Products/Release-iphonesimulator/IQTextView -F/Users/zhouming/Library/Developer/Xcode/DerivedData/falcon-gsoilikaxsflzjexzrtqkcenvrbo/Build/Products/Release-iphonesimulator/JXPagingView -F/Users/zhouming/Library/Developer/Xcode/DerivedData/falcon-gsoilikaxsflzjexzrtqkcenvrbo/Build/Products/Release-iphonesimulator/JXSegmentedView -F/Users/zhouming/Library/Developer/Xcode/DerivedData/falcon-gsoilikaxsflzjexzrtqkcenvrbo/Build/Products/Release-iphonesimulator/KSPlayer -F/Users/zhouming/Library/Developer/Xcode/DerivedData/falcon-gsoilikaxsflzjexzrtqkcenvrbo/Build/Products/Release-iphonesimulator/Kingfisher -F/Users/zhouming/Library/Developer/Xcode/DerivedData/falcon-gsoilikaxsflzjexzrtqkcenvrbo/Build/Products/Release-iphonesimulator/MBProgressHUD -F/Users/zhouming/Library/Developer/Xcode/DerivedData/falcon-gsoilikaxsflzjexzrtqkcenvrbo/Build/Products/Release-iphonesimulator/SnapKit -F/Users/zhouming/Library/Developer/Xcode/DerivedData/falcon-gsoilikaxsflzjexzrtqkcenvrbo/Build/Products/Release-iphonesimulator/Toast -F/Users/zhouming/Library/Developer/Xcode/DerivedData/falcon-gsoilikaxsflzjexzrtqkcenvrbo/Build/Products/Release-iphonesimulator/YQKingfisher -F/Users/zhouming/Library/Developer/Xcode/DerivedData/falcon-gsoilikaxsflzjexzrtqkcenvrbo/Build/Products/Release-iphonesimulator/YQPhotoBrowser -F/Users/zhouming/Library/Developer/Xcode/DerivedData/falcon-gsoilikaxsflzjexzrtqkcenvrbo/Build/Products/Release-iphonesimulator/YYCache -F/Users/zhouming/Library/Developer/Xcode/DerivedData/falcon-gsoilikaxsflzjexzrtqkcenvrbo/Build/Products/Release-iphonesimulator/YYText -F/Users/zhouming/Library/Developer/Xcode/DerivedData/falcon-gsoilikaxsflzjexzrtqkcenvrbo/Build/Products/Release-iphonesimulator/ZLPhotoBrowser -F/Users/zhouming/Library/Developer/Xcode/DerivedData/falcon-gsoilikaxsflzjexzrtqkcenvrbo/Build/Products/Release-iphonesimulator/lottie-ios -F/Users/zhouming/Desktop/falcon/Pods/FFmpegKit/Sources -F/Users/zhouming/Desktop/falcon/Pods/Libass/Sources -F/Users/zhouming/Library/Developer/Xcode/DerivedData/falcon-gsoilikaxsflzjexzrtqkcenvrbo/Build/Products/Release-iphonesimulator/XCFrameworkIntermediates/FFmpegKit/FFmpegKit -F/Users/zhouming/Library/Developer/Xcode/DerivedData/falcon-gsoilikaxsflzjexzrtqkcenvrbo/Build/Products/Release-iphonesimulator/XCFrameworkIntermediates/Libass/Libass -filelist /Users/zhouming/Library/Developer/Xcode/DerivedData/falcon-gsoilikaxsflzjexzrtqkcenvrbo/Build/Intermediates.noindex/falcon.build/Release-iphonesimulator/falcon.build/Objects-normal/x86_64/falcon.LinkFileList -Xlinker -rpath -Xlinker /usr/lib/swift -Xlinker -rpath -Xlinker @executable_path/Frameworks -Xlinker -rpath -Xlinker @loader_path/Frameworks -dead_strip -Xlinker -object_path_lto -Xlinker /Users/zhouming/Library/Developer/Xcode/DerivedData/falcon-gsoilikaxsflzjexzrtqkcenvrbo/Build/Intermediates.noindex/falcon.build/Release-iphonesimulator/falcon.build/Objects-normal/x86_64/falcon_lto.o -Xlinker -objc_abi_version -Xlinker 2 -Xlinker -debug_variant -Xlinker -dependency_info -Xlinker /Users/zhouming/Library/Developer/Xcode/DerivedData/falcon-gsoilikaxsflzjexzrtqkcenvrbo/Build/Intermediates.noindex/falcon.build/Release-iphonesimulator/falcon.build/Objects-normal/x86_64/falcon_dependency_info.dat -fobjc-link-runtime -fprofile-instr-generate -L/Applications/Xcode.app/Contents/Developer/Toolchains/XcodeDefault.xctoolchain/usr/lib/swift/iphonesimulator -L/usr/lib/swift -Xlinker -add_ast_path -Xlinker /Users/zhouming/Library/Developer/Xcode/DerivedData/falcon-gsoilikaxsflzjexzrtqkcenvrbo/Build/Intermediates.noindex/falcon.build/Release-iphonesimulator/falcon.build/Objects-normal/x86_64/falcon.swiftmodule @/Users/zhouming/Library/Developer/Xcode/DerivedData/falcon-gsoilikaxsflzjexzrtqkcenvrbo/Build/Intermediates.noindex/falcon.build/Release-iphonesimulator/falcon.build/Objects-normal/x86_64/falcon-linker-args.resp -ObjC -lMoltenVK -lbz2 -lc++ -liconv -lresolv -lsqlite3 -lswiftCoreGraphics -lxml2 -lz -framework AVFoundation -framework Accelerate -framework Alamofire -framework AudioToolbox -framework CFNetwork -framework Cache -framework Combine -framework CoreFoundation -framework CoreGraphics -framework CoreMedia -framework CoreMotion -framework CoreText -framework DZNEmptyDataSet -framework DisplayCriteria -framework ESTabBarController_swift -framework FFmpegKit -framework Foundation -framework IQKeyboardCore -framework IQKeyboardManagerSwift -framework IQKeyboardNotification -framework IQKeyboardReturnManager -framework IQKeyboardToolbar -framework IQKeyboardToolbarManager -framework IQTextInputViewNotification -framework IQTextView -framework JXPagingView -framework JXSegmentedView -framework KSPlayer -framework Kingfisher -framework Libavcodec -framework Libavdevice -framework Libavfilter -framework Libavformat -framework Libavutil -framework Libswresample -framework Libswscale -framework Lottie -framework MBProgressHUD -framework MobileCoreServices -framework Photos -framework PhotosUI -framework QuartzCore -framework SnapKit -framework Toast -framework UIKit -framework VideoToolbox -framework YQKingfisher -framework YQPhotoBrowser -framework YYCache -framework YYText -framework ZLPhotoBrowser -framework gmp -framework gnutls -framework hogweed -framework lcms2 -framework libass -framework libdav1d -framework libfontconfig -framework libfreetype -framework libfribidi -framework libharfbuzz -framework libplacebo -framework libshaderc_combined -framework libsmbclient -framework libsrt -framework libzvbi -framework nettle -weak_framework Combine -weak_framework MetalKit -weak_framework SwiftUI -Xlinker -sectcreate -Xlinker __TEXT -Xlinker __entitlements -Xlinker /Users/zhouming/Library/Developer/Xcode/DerivedData/falcon-gsoilikaxsflzjexzrtqkcenvrbo/Build/Intermediates.noindex/falcon.build/Release-iphonesimulator/falcon.build/falcon.app-Simulated.xcent -Xlinker -sectcreate -Xlinker __TEXT -Xlinker __ents_der -Xlinker /Users/zhouming/Library/Developer/Xcode/DerivedData/falcon-gsoilikaxsflzjexzrtqkcenvrbo/Build/Intermediates.noindex/falcon.build/Release-iphonesimulator/falcon.build/falcon.app-Simulated.xcent.der -framework Pods_falcon -Xlinker -no_adhoc_codesign -o /Users/zhouming/Library/Developer/Xcode/DerivedData/falcon-gsoilikaxsflzjexzrtqkcenvrbo/Build/Intermediates.noindex/falcon.build/Release-iphonesimulator/falcon.build/Objects-normal/x86_64/Binary/falcon
ld: warning: search path '/var/run/com.apple.security.cryptexd/mnt/com.apple.MobileAsset.MetalToolchain-v17.1.324.0.BoBwdl/Metal.xctoolchain/usr/lib/swift/iphonesimulator' not found
ld: warning: alignment (2) of atom 'l___const.dns_negotiate_sec_ctx.nt_host_oid_desc' (/Users/zhouming/Library/Developer/Xcode/DerivedData/falcon-gsoilikaxsflzjexzrtqkcenvrbo/Build/Products/Release-iphonesimulator/XCFrameworkIntermediates/FFmpegKit/FFmpegKit/libsmbclient.framework/libsmbclient[x86_64][302](dnsgss.c.1.o)) is too small and may result in unaligned pointers 
ld: warning: alignment (2) of atom 'l___const.dns_negotiate_gss_ctx_int.krb5_oid_desc' (/Users/zhouming/Library/Developer/Xcode/DerivedData/falcon-gsoilikaxsflzjexzrtqkcenvrbo/Build/Products/Release-iphonesimulator/XCFrameworkIntermediates/FFmpegKit/FFmpegKit/libsmbclient.framework/libsmbclient[x86_64][302](dnsgss.c.1.o)) is too small and may result in unaligned pointers 
ld: warning: alignment (2) of atom '_gse_sesskey_inq_oid' (/Users/zhouming/Library/Developer/Xcode/DerivedData/falcon-gsoilikaxsflzjexzrtqkcenvrbo/Build/Products/Release-iphonesimulator/XCFrameworkIntermediates/FFmpegKit/FFmpegKit/libsmbclient.framework/libsmbclient[x86_64][356](gssapi_pac.c.1.o)) is too small and may result in unaligned pointers 
ld: warning: alignment (2) of atom '_gse_sesskeytype_oid' (/Users/zhouming/Library/Developer/Xcode/DerivedData/falcon-gsoilikaxsflzjexzrtqkcenvrbo/Build/Products/Release-iphonesimulator/XCFrameworkIntermediates/FFmpegKit/FFmpegKit/libsmbclient.framework/libsmbclient[x86_64][356](gssapi_pac.c.1.o)) is too small and may result in unaligned pointers 
ld: warning: alignment (2) of atom 'l___const.gssapi_obtain_pac_blob.pac_data_oid' (/Users/zhouming/Library/Developer/Xcode/DerivedData/falcon-gsoilikaxsflzjexzrtqkcenvrbo/Build/Products/Release-iphonesimulator/XCFrameworkIntermediates/FFmpegKit/FFmpegKit/libsmbclient.framework/libsmbclient[x86_64][356](gssapi_pac.c.1.o)) is too small and may result in unaligned pointers 
ld: warning: no platform load command found in '/Users/zhouming/Library/Developer/Xcode/DerivedData/falcon-gsoilikaxsflzjexzrtqkcenvrbo/Build/Products/Release-iphonesimulator/XCFrameworkIntermediates/FFmpegKit/FFmpegKit/libdav1d.framework/libdav1d[x86_64][2](cpuid.obj)', assuming: iOS-simulator
ld: warning: no platform load command found in '/Users/zhouming/Library/Developer/Xcode/DerivedData/falcon-gsoilikaxsflzjexzrtqkcenvrbo/Build/Products/Release-iphonesimulator/XCFrameworkIntermediates/FFmpegKit/FFmpegKit/libdav1d.framework/libdav1d[x86_64][3](msac.obj)', assuming: iOS-simulator
ld: warning: no platform load command found in '/Users/zhouming/Library/Developer/Xcode/DerivedData/falcon-gsoilikaxsflzjexzrtqkcenvrbo/Build/Products/Release-iphonesimulator/XCFrameworkIntermediates/FFmpegKit/FFmpegKit/libdav1d.framework/libdav1d[x86_64][4](refmvs.obj)', assuming: iOS-simulator
ld: warning: no platform load command found in '/Users/zhouming/Library/Developer/Xcode/DerivedData/falcon-gsoilikaxsflzjexzrtqkcenvrbo/Build/Products/Release-iphonesimulator/XCFrameworkIntermediates/FFmpegKit/FFmpegKit/libdav1d.framework/libdav1d[x86_64][5](itx_avx512.obj)', assuming: iOS-simulator
ld: warning: no platform load command found in '/Users/zhouming/Library/Developer/Xcode/DerivedData/falcon-gsoilikaxsflzjexzrtqkcenvrbo/Build/Products/Release-iphonesimulator/XCFrameworkIntermediates/FFmpegKit/FFmpegKit/libdav1d.framework/libdav1d[x86_64][6](cdef_avx2.obj)', assuming: iOS-simulator
ld: warning: no platform load command found in '/Users/zhouming/Library/Developer/Xcode/DerivedData/falcon-gsoilikaxsflzjexzrtqkcenvrbo/Build/Products/Release-iphonesimulator/XCFrameworkIntermediates/FFmpegKit/FFmpegKit/libdav1d.framework/libdav1d[x86_64][7](itx_avx2.obj)', assuming: iOS-simulator
ld: warning: no platform load command found in '/Users/zhouming/Library/Developer/Xcode/DerivedData/falcon-gsoilikaxsflzjexzrtqkcenvrbo/Build/Products/Release-iphonesimulator/XCFrameworkIntermediates/FFmpegKit/FFmpegKit/libdav1d.framework/libdav1d[x86_64][8](looprestoration_avx2.obj)', assuming: iOS-simulator
ld: warning: no platform load command found in '/Users/zhouming/Library/Developer/Xcode/DerivedData/falcon-gsoilikaxsflzjexzrtqkcenvrbo/Build/Products/Release-iphonesimulator/XCFrameworkIntermediates/FFmpegKit/FFmpegKit/libdav1d.framework/libdav1d[x86_64][9](cdef_sse.obj)', assuming: iOS-simulator
ld: warning: no platform load command found in '/Users/zhouming/Library/Developer/Xcode/DerivedData/falcon-gsoilikaxsflzjexzrtqkcenvrbo/Build/Products/Release-iphonesimulator/XCFrameworkIntermediates/FFmpegKit/FFmpegKit/libdav1d.framework/libdav1d[x86_64][10](itx_sse.obj)', assuming: iOS-simulator
ld: warning: no platform load command found in '/Users/zhouming/Library/Developer/Xcode/DerivedData/falcon-gsoilikaxsflzjexzrtqkcenvrbo/Build/Products/Release-iphonesimulator/XCFrameworkIntermediates/FFmpegKit/FFmpegKit/libdav1d.framework/libdav1d[x86_64][11](cdef_avx512.obj)', assuming: iOS-simulator
ld: warning: no platform load command found in '/Users/zhouming/Library/Developer/Xcode/DerivedData/falcon-gsoilikaxsflzjexzrtqkcenvrbo/Build/Products/Release-iphonesimulator/XCFrameworkIntermediates/FFmpegKit/FFmpegKit/libdav1d.framework/libdav1d[x86_64][12](filmgrain_avx512.obj)', assuming: iOS-simulator
ld: warning: no platform load command found in '/Users/zhouming/Library/Developer/Xcode/DerivedData/falcon-gsoilikaxsflzjexzrtqkcenvrbo/Build/Products/Release-iphonesimulator/XCFrameworkIntermediates/FFmpegKit/FFmpegKit/libdav1d.framework/libdav1d[x86_64][13](ipred_avx512.obj)', assuming: iOS-simulator
ld: warning: no platform load command found in '/Users/zhouming/Library/Developer/Xcode/DerivedData/falcon-gsoilikaxsflzjexzrtqkcenvrbo/Build/Products/Release-iphonesimulator/XCFrameworkIntermediates/FFmpegKit/FFmpegKit/libdav1d.framework/libdav1d[x86_64][14](loopfilter_avx512.obj)', assuming: iOS-simulator
ld: warning: no platform load command found in '/Users/zhouming/Library/Developer/Xcode/DerivedData/falcon-gsoilikaxsflzjexzrtqkcenvrbo/Build/Products/Release-iphonesimulator/XCFrameworkIntermediates/FFmpegKit/FFmpegKit/libdav1d.framework/libdav1d[x86_64][15](looprestoration_avx512.obj)', assuming: iOS-simulator
ld: warning: no platform load command found in '/Users/zhouming/Library/Developer/Xcode/DerivedData/falcon-gsoilikaxsflzjexzrtqkcenvrbo/Build/Products/Release-iphonesimulator/XCFrameworkIntermediates/FFmpegKit/FFmpegKit/libdav1d.framework/libdav1d[x86_64][16](mc_avx512.obj)', assuming: iOS-simulator
ld: warning: no platform load command found in '/Users/zhouming/Library/Developer/Xcode/DerivedData/falcon-gsoilikaxsflzjexzrtqkcenvrbo/Build/Products/Release-iphonesimulator/XCFrameworkIntermediates/FFmpegKit/FFmpegKit/libdav1d.framework/libdav1d[x86_64][17](filmgrain_avx2.obj)', assuming: iOS-simulator
ld: warning: no platform load command found in '/Users/zhouming/Library/Developer/Xcode/DerivedData/falcon-gsoilikaxsflzjexzrtqkcenvrbo/Build/Products/Release-iphonesimulator/XCFrameworkIntermediates/FFmpegKit/FFmpegKit/libdav1d.framework/libdav1d[x86_64][18](ipred_avx2.obj)', assuming: iOS-simulator
ld: warning: no platform load command found in '/Users/zhouming/Library/Developer/Xcode/DerivedData/falcon-gsoilikaxsflzjexzrtqkcenvrbo/Build/Products/Release-iphonesimulator/XCFrameworkIntermediates/FFmpegKit/FFmpegKit/libdav1d.framework/libdav1d[x86_64][19](loopfilter_avx2.obj)', assuming: iOS-simulator
ld: warning: no platform load command found in '/Users/zhouming/Library/Developer/Xcode/DerivedData/falcon-gsoilikaxsflzjexzrtqkcenvrbo/Build/Products/Release-iphonesimulator/XCFrameworkIntermediates/FFmpegKit/FFmpegKit/libdav1d.framework/libdav1d[x86_64][20](mc_avx2.obj)', assuming: iOS-simulator
ld: warning: no platform load command found in '/Users/zhouming/Library/Developer/Xcode/DerivedData/falcon-gsoilikaxsflzjexzrtqkcenvrbo/Build/Products/Release-iphonesimulator/XCFrameworkIntermediates/FFmpegKit/FFmpegKit/libdav1d.framework/libdav1d[x86_64][21](filmgrain_sse.obj)', assuming: iOS-simulator
ld: warning: no platform load command found in '/Users/zhouming/Library/Developer/Xcode/DerivedData/falcon-gsoilikaxsflzjexzrtqkcenvrbo/Build/Products/Release-iphonesimulator/XCFrameworkIntermediates/FFmpegKit/FFmpegKit/libdav1d.framework/libdav1d[x86_64][22](ipred_sse.obj)', assuming: iOS-simulator
ld: warning: no platform load command found in '/Users/zhouming/Library/Developer/Xcode/DerivedData/falcon-gsoilikaxsflzjexzrtqkcenvrbo/Build/Products/Release-iphonesimulator/XCFrameworkIntermediates/FFmpegKit/FFmpegKit/libdav1d.framework/libdav1d[x86_64][23](loopfilter_sse.obj)', assuming: iOS-simulator
ld: warning: no platform load command found in '/Users/zhouming/Library/Developer/Xcode/DerivedData/falcon-gsoilikaxsflzjexzrtqkcenvrbo/Build/Products/Release-iphonesimulator/XCFrameworkIntermediates/FFmpegKit/FFmpegKit/libdav1d.framework/libdav1d[x86_64][24](looprestoration_sse.obj)', assuming: iOS-simulator
ld: warning: no platform load command found in '/Users/zhouming/Library/Developer/Xcode/DerivedData/falcon-gsoilikaxsflzjexzrtqkcenvrbo/Build/Products/Release-iphonesimulator/XCFrameworkIntermediates/FFmpegKit/FFmpegKit/libdav1d.framework/libdav1d[x86_64][25](mc_sse.obj)', assuming: iOS-simulator
ld: warning: no platform load command found in '/Users/zhouming/Library/Developer/Xcode/DerivedData/falcon-gsoilikaxsflzjexzrtqkcenvrbo/Build/Products/Release-iphonesimulator/XCFrameworkIntermediates/FFmpegKit/FFmpegKit/libdav1d.framework/libdav1d[x86_64][26](cdef16_avx512.obj)', assuming: iOS-simulator
ld: warning: no platform load command found in '/Users/zhouming/Library/Developer/Xcode/DerivedData/falcon-gsoilikaxsflzjexzrtqkcenvrbo/Build/Products/Release-iphonesimulator/XCFrameworkIntermediates/FFmpegKit/FFmpegKit/libdav1d.framework/libdav1d[x86_64][27](filmgrain16_avx512.obj)', assuming: iOS-simulator
ld: warning: no platform load command found in '/Users/zhouming/Library/Developer/Xcode/DerivedData/falcon-gsoilikaxsflzjexzrtqkcenvrbo/Build/Products/Release-iphonesimulator/XCFrameworkIntermediates/FFmpegKit/FFmpegKit/libdav1d.framework/libdav1d[x86_64][28](ipred16_avx512.obj)', assuming: iOS-simulator
ld: warning: no platform load command found in '/Users/zhouming/Library/Developer/Xcode/DerivedData/falcon-gsoilikaxsflzjexzrtqkcenvrbo/Build/Products/Release-iphonesimulator/XCFrameworkIntermediates/FFmpegKit/FFmpegKit/libdav1d.framework/libdav1d[x86_64][29](itx16_avx512.obj)', assuming: iOS-simulator
ld: warning: no platform load command found in '/Users/zhouming/Library/Developer/Xcode/DerivedData/falcon-gsoilikaxsflzjexzrtqkcenvrbo/Build/Products/Release-iphonesimulator/XCFrameworkIntermediates/FFmpegKit/FFmpegKit/libdav1d.framework/libdav1d[x86_64][30](loopfilter16_avx512.obj)', assuming: iOS-simulator
ld: warning: no platform load command found in '/Users/zhouming/Library/Developer/Xcode/DerivedData/falcon-gsoilikaxsflzjexzrtqkcenvrbo/Build/Products/Release-iphonesimulator/XCFrameworkIntermediates/FFmpegKit/FFmpegKit/libdav1d.framework/libdav1d[x86_64][31](looprestoration16_avx512.obj)', assuming: iOS-simulator
ld: warning: no platform load command found in '/Users/zhouming/Library/Developer/Xcode/DerivedData/falcon-gsoilikaxsflzjexzrtqkcenvrbo/Build/Products/Release-iphonesimulator/XCFrameworkIntermediates/FFmpegKit/FFmpegKit/libdav1d.framework/libdav1d[x86_64][32](mc16_avx512.obj)', assuming: iOS-simulator
ld: warning: no platform load command found in '/Users/zhouming/Library/Developer/Xcode/DerivedData/falcon-gsoilikaxsflzjexzrtqkcenvrbo/Build/Products/Release-iphonesimulator/XCFrameworkIntermediates/FFmpegKit/FFmpegKit/libdav1d.framework/libdav1d[x86_64][33](cdef16_avx2.obj)', assuming: iOS-simulator
ld: warning: no platform load command found in '/Users/zhouming/Library/Developer/Xcode/DerivedData/falcon-gsoilikaxsflzjexzrtqkcenvrbo/Build/Products/Release-iphonesimulator/XCFrameworkIntermediates/FFmpegKit/FFmpegKit/libdav1d.framework/libdav1d[x86_64][34](filmgrain16_avx2.obj)', assuming: iOS-simulator
ld: warning: no platform load command found in '/Users/zhouming/Library/Developer/Xcode/DerivedData/falcon-gsoilikaxsflzjexzrtqkcenvrbo/Build/Products/Release-iphonesimulator/XCFrameworkIntermediates/FFmpegKit/FFmpegKit/libdav1d.framework/libdav1d[x86_64][35](ipred16_avx2.obj)', assuming: iOS-simulator
ld: warning: no platform load command found in '/Users/zhouming/Library/Developer/Xcode/DerivedData/falcon-gsoilikaxsflzjexzrtqkcenvrbo/Build/Products/Release-iphonesimulator/XCFrameworkIntermediates/FFmpegKit/FFmpegKit/libdav1d.framework/libdav1d[x86_64][36](itx16_avx2.obj)', assuming: iOS-simulator
ld: warning: no platform load command found in '/Users/zhouming/Library/Developer/Xcode/DerivedData/falcon-gsoilikaxsflzjexzrtqkcenvrbo/Build/Products/Release-iphonesimulator/XCFrameworkIntermediates/FFmpegKit/FFmpegKit/libdav1d.framework/libdav1d[x86_64][37](loopfilter16_avx2.obj)', assuming: iOS-simulator
ld: warning: no platform load command found in '/Users/zhouming/Library/Developer/Xcode/DerivedData/falcon-gsoilikaxsflzjexzrtqkcenvrbo/Build/Products/Release-iphonesimulator/XCFrameworkIntermediates/FFmpegKit/FFmpegKit/libdav1d.framework/libdav1d[x86_64][38](looprestoration16_avx2.obj)', assuming: iOS-simulator
ld: warning: no platform load command found in '/Users/zhouming/Library/Developer/Xcode/DerivedData/falcon-gsoilikaxsflzjexzrtqkcenvrbo/Build/Products/Release-iphonesimulator/XCFrameworkIntermediates/FFmpegKit/FFmpegKit/libdav1d.framework/libdav1d[x86_64][39](mc16_avx2.obj)', assuming: iOS-simulator
ld: warning: no platform load command found in '/Users/zhouming/Library/Developer/Xcode/DerivedData/falcon-gsoilikaxsflzjexzrtqkcenvrbo/Build/Products/Release-iphonesimulator/XCFrameworkIntermediates/FFmpegKit/FFmpegKit/libdav1d.framework/libdav1d[x86_64][40](cdef16_sse.obj)', assuming: iOS-simulator
ld: warning: no platform load command found in '/Users/zhouming/Library/Developer/Xcode/DerivedData/falcon-gsoilikaxsflzjexzrtqkcenvrbo/Build/Products/Release-iphonesimulator/XCFrameworkIntermediates/FFmpegKit/FFmpegKit/libdav1d.framework/libdav1d[x86_64][41](filmgrain16_sse.obj)', assuming: iOS-simulator
ld: warning: no platform load command found in '/Users/zhouming/Library/Developer/Xcode/DerivedData/falcon-gsoilikaxsflzjexzrtqkcenvrbo/Build/Products/Release-iphonesimulator/XCFrameworkIntermediates/FFmpegKit/FFmpegKit/libdav1d.framework/libdav1d[x86_64][42](ipred16_sse.obj)', assuming: iOS-simulator
ld: warning: no platform load command found in '/Users/zhouming/Library/Developer/Xcode/DerivedData/falcon-gsoilikaxsflzjexzrtqkcenvrbo/Build/Products/Release-iphonesimulator/XCFrameworkIntermediates/FFmpegKit/FFmpegKit/libdav1d.framework/libdav1d[x86_64][43](itx16_sse.obj)', assuming: iOS-simulator
ld: warning: no platform load command found in '/Users/zhouming/Library/Developer/Xcode/DerivedData/falcon-gsoilikaxsflzjexzrtqkcenvrbo/Build/Products/Release-iphonesimulator/XCFrameworkIntermediates/FFmpegKit/FFmpegKit/libdav1d.framework/libdav1d[x86_64][44](loopfilter16_sse.obj)', assuming: iOS-simulator
ld: warning: no platform load command found in '/Users/zhouming/Library/Developer/Xcode/DerivedData/falcon-gsoilikaxsflzjexzrtqkcenvrbo/Build/Products/Release-iphonesimulator/XCFrameworkIntermediates/FFmpegKit/FFmpegKit/libdav1d.framework/libdav1d[x86_64][45](looprestoration16_sse.obj)', assuming: iOS-simulator
ld: warning: no platform load command found in '/Users/zhouming/Library/Developer/Xcode/DerivedData/falcon-gsoilikaxsflzjexzrtqkcenvrbo/Build/Products/Release-iphonesimulator/XCFrameworkIntermediates/FFmpegKit/FFmpegKit/libdav1d.framework/libdav1d[x86_64][46](mc16_sse.obj)', assuming: iOS-simulator
ld: warning: disabling chained fixups because of unaligned pointers
ld: warning: pointer not aligned in 'l___const.gssapi_obtain_pac_blob.pac_data_oid'+0x4 (/Users/zhouming/Library/Developer/Xcode/DerivedData/falcon-gsoilikaxsflzjexzrtqkcenvrbo/Build/Products/Release-iphonesimulator/XCFrameworkIntermediates/FFmpegKit/FFmpegKit/libsmbclient.framework/libsmbclient[x86_64][356](gssapi_pac.c.1.o))
ld: warning: pointer not aligned in '_gse_sesskey_inq_oid'+0x4 (/Users/zhouming/Library/Developer/Xcode/DerivedData/falcon-gsoilikaxsflzjexzrtqkcenvrbo/Build/Products/Release-iphonesimulator/XCFrameworkIntermediates/FFmpegKit/FFmpegKit/libsmbclient.framework/libsmbclient[x86_64][356](gssapi_pac.c.1.o))

SwiftDriverJobDiscovery normal arm64 Compiling UIViewController+Extension.swift, UIWindow+Extension.swift, GCDSimpleCache.swift, UIKitBasicViewController.swift, UIKitViewController.swift, UIKitWindowViewController.swift, UserInfo.swift, UserInfoSession.swift, FileManager+Extension.swift, LoginUtil.swift, PerformanceMeasurer.swift, BaseNavigationController.swift, TestAutolayoutViewController.swift, DesignSystemDemoViewController.swift, DSComplexListViewController.swift, UseNavigationBarController.swift, ProtocolDemoViewController.swift (in target 'falcon' from project 'falcon')

SwiftDriver\ Compilation falcon normal arm64 com.apple.xcode.tools.swift.compiler (in target 'falcon' from project 'falcon')
    cd /Users/zhouming/Desktop/falcon
    builtin-Swift-Compilation -- /Applications/Xcode.app/Contents/Developer/Toolchains/XcodeDefault.xctoolchain/usr/bin/swiftc -module-name falcon -O -enforce-exclusivity\=checked @/Users/zhouming/Library/Developer/Xcode/DerivedData/falcon-gsoilikaxsflzjexzrtqkcenvrbo/Build/Intermediates.noindex/falcon.build/Release-iphonesimulator/falcon.build/Objects-normal/arm64/falcon.SwiftFileList -D COCOAPODS -default-isolation\=MainActor -enable-bare-slash-regex -enable-upcoming-feature DisableOutwardActorInference -enable-upcoming-feature InferSendableFromCaptures -enable-upcoming-feature GlobalActorIsolatedTypesUsability -enable-upcoming-feature MemberImportVisibility -enable-upcoming-feature InferIsolatedConformances -enable-upcoming-feature NonisolatedNonsendingByDefault -enable-experimental-feature DebugDescriptionMacro -sdk /Applications/Xcode.app/Contents/Developer/Platforms/iPhoneSimulator.platform/Developer/SDKs/iPhoneSimulator26.0.sdk -target arm64-apple-ios15.5-simulator -g -module-cache-path /Users/zhouming/Library/Developer/Xcode/DerivedData/ModuleCache.noindex -Xfrontend -serialize-debugging-options -profile-coverage-mapping -profile-generate -swift-version 5 -I /Users/zhouming/Library/Developer/Xcode/DerivedData/falcon-gsoilikaxsflzjexzrtqkcenvrbo/Build/Products/Release-iphonesimulator -F /Users/zhouming/Library/Developer/Xcode/DerivedData/falcon-gsoilikaxsflzjexzrtqkcenvrbo/Build/Products/Release-iphonesimulator -F /Users/zhouming/Library/Developer/Xcode/DerivedData/falcon-gsoilikaxsflzjexzrtqkcenvrbo/Build/Products/Release-iphonesimulator/Alamofire -F /Users/zhouming/Library/Developer/Xcode/DerivedData/falcon-gsoilikaxsflzjexzrtqkcenvrbo/Build/Products/Release-iphonesimulator/Cache -F /Users/zhouming/Library/Developer/Xcode/DerivedData/falcon-gsoilikaxsflzjexzrtqkcenvrbo/Build/Products/Release-iphonesimulator/DZNEmptyDataSet -F /Users/zhouming/Library/Developer/Xcode/DerivedData/falcon-gsoilikaxsflzjexzrtqkcenvrbo/Build/Products/Release-iphonesimulator/DisplayCriteria -F /Users/zhouming/Library/Developer/Xcode/DerivedData/falcon-gsoilikaxsflzjexzrtqkcenvrbo/Build/Products/Release-iphonesimulator/ESTabBarController-swift -F /Users/zhouming/Library/Developer/Xcode/DerivedData/falcon-gsoilikaxsflzjexzrtqkcenvrbo/Build/Products/Release-iphonesimulator/FFmpegKit -F /Users/zhouming/Library/Developer/Xcode/DerivedData/falcon-gsoilikaxsflzjexzrtqkcenvrbo/Build/Products/Release-iphonesimulator/IQKeyboardCore -F /Users/zhouming/Library/Developer/Xcode/DerivedData/falcon-gsoilikaxsflzjexzrtqkcenvrbo/Build/Products/Release-iphonesimulator/IQKeyboardManagerSwift -F /Users/zhouming/Library/Developer/Xcode/DerivedData/falcon-gsoilikaxsflzjexzrtqkcenvrbo/Build/Products/Release-iphonesimulator/IQKeyboardNotification -F /Users/zhouming/Library/Developer/Xcode/DerivedData/falcon-gsoilikaxsflzjexzrtqkcenvrbo/Build/Products/Release-iphonesimulator/IQKeyboardReturnManager -F /Users/zhouming/Library/Developer/Xcode/DerivedData/falcon-gsoilikaxsflzjexzrtqkcenvrbo/Build/Products/Release-iphonesimulator/IQKeyboardToolbar -F /Users/zhouming/Library/Developer/Xcode/DerivedData/falcon-gsoilikaxsflzjexzrtqkcenvrbo/Build/Products/Release-iphonesimulator/IQKeyboardToolbarManager -F /Users/zhouming/Library/Developer/Xcode/DerivedData/falcon-gsoilikaxsflzjexzrtqkcenvrbo/Build/Products/Release-iphonesimulator/IQTextInputViewNotification -F /Users/zhouming/Library/Developer/Xcode/DerivedData/falcon-gsoilikaxsflzjexzrtqkcenvrbo/Build/Products/Release-iphonesimulator/IQTextView -F /Users/zhouming/Library/Developer/Xcode/DerivedData/falcon-gsoilikaxsflzjexzrtqkcenvrbo/Build/Products/Release-iphonesimulator/JXPagingView -F /Users/zhouming/Library/Developer/Xcode/DerivedData/falcon-gsoilikaxsflzjexzrtqkcenvrbo/Build/Products/Release-iphonesimulator/JXSegmentedView -F /Users/zhouming/Library/Developer/Xcode/DerivedData/falcon-gsoilikaxsflzjexzrtqkcenvrbo/Build/Products/Release-iphonesimulator/KSPlayer -F /Users/zhouming/Library/Developer/Xcode/DerivedData/falcon-gsoilikaxsflzjexzrtqkcenvrbo/Build/Products/Release-iphonesimulator/Kingfisher -F /Users/zhouming/Library/Developer/Xcode/DerivedData/falcon-gsoilikaxsflzjexzrtqkcenvrbo/Build/Products/Release-iphonesimulator/MBProgressHUD -F /Users/zhouming/Library/Developer/Xcode/DerivedData/falcon-gsoilikaxsflzjexzrtqkcenvrbo/Build/Products/Release-iphonesimulator/SnapKit -F /Users/zhouming/Library/Developer/Xcode/DerivedData/falcon-gsoilikaxsflzjexzrtqkcenvrbo/Build/Products/Release-iphonesimulator/Toast -F /Users/zhouming/Library/Developer/Xcode/DerivedData/falcon-gsoilikaxsflzjexzrtqkcenvrbo/Build/Products/Release-iphonesimulator/YQKingfisher -F /Users/zhouming/Library/Developer/Xcode/DerivedData/falcon-gsoilikaxsflzjexzrtqkcenvrbo/Build/Products/Release-iphonesimulator/YQPhotoBrowser -F /Users/zhouming/Library/Developer/Xcode/DerivedData/falcon-gsoilikaxsflzjexzrtqkcenvrbo/Build/Products/Release-iphonesimulator/YYCache -F /Users/zhouming/Library/Developer/Xcode/DerivedData/falcon-gsoilikaxsflzjexzrtqkcenvrbo/Build/Products/Release-iphonesimulator/YYText -F /Users/zhouming/Library/Developer/Xcode/DerivedData/falcon-gsoilikaxsflzjexzrtqkcenvrbo/Build/Products/Release-iphonesimulator/ZLPhotoBrowser -F /Users/zhouming/Library/Developer/Xcode/DerivedData/falcon-gsoilikaxsflzjexzrtqkcenvrbo/Build/Products/Release-iphonesimulator/lottie-ios -F /Users/zhouming/Desktop/falcon/Pods/FFmpegKit/Sources -F /Users/zhouming/Desktop/falcon/Pods/Libass/Sources -F /Users/zhouming/Library/Developer/Xcode/DerivedData/falcon-gsoilikaxsflzjexzrtqkcenvrbo/Build/Products/Release-iphonesimulator/XCFrameworkIntermediates/FFmpegKit/FFmpegKit -F /Users/zhouming/Library/Developer/Xcode/DerivedData/falcon-gsoilikaxsflzjexzrtqkcenvrbo/Build/Products/Release-iphonesimulator/XCFrameworkIntermediates/Libass/Libass -emit-localized-strings -emit-localized-strings-path /Users/zhouming/Library/Developer/Xcode/DerivedData/falcon-gsoilikaxsflzjexzrtqkcenvrbo/Build/Intermediates.noindex/falcon.build/Release-iphonesimulator/falcon.build/Objects-normal/arm64 -c -j8 -enable-batch-mode -incremental -Xcc -ivfsstatcache -Xcc /Users/zhouming/Library/Developer/Xcode/DerivedData/SDKStatCaches.noindex/iphonesimulator26.0-23A339-3885c01c3e6b6a337905948deab2002e26257891a6c027eb51374368541b8346.sdkstatcache -output-file-map /Users/zhouming/Library/Developer/Xcode/DerivedData/falcon-gsoilikaxsflzjexzrtqkcenvrbo/Build/Intermediates.noindex/falcon.build/Release-iphonesimulator/falcon.build/Objects-normal/arm64/falcon-OutputFileMap.json -use-frontend-parseable-output -save-temps -no-color-diagnostics -explicit-module-build -module-cache-path /Users/zhouming/Library/Developer/Xcode/DerivedData/falcon-gsoilikaxsflzjexzrtqkcenvrbo/Build/Intermediates.noindex/SwiftExplicitPrecompiledModules -clang-scanner-module-cache-path /Users/zhouming/Library/Developer/Xcode/DerivedData/ModuleCache.noindex -sdk-module-cache-path /Users/zhouming/Library/Developer/Xcode/DerivedData/ModuleCache.noindex -serialize-diagnostics -emit-dependencies -emit-module -emit-module-path /Users/zhouming/Library/Developer/Xcode/DerivedData/falcon-gsoilikaxsflzjexzrtqkcenvrbo/Build/Intermediates.noindex/falcon.build/Release-iphonesimulator/falcon.build/Objects-normal/arm64/falcon.swiftmodule -validate-clang-modules-once -clang-build-session-file /Users/zhouming/Library/Developer/Xcode/DerivedData/ModuleCache.noindex/Session.modulevalidation -Xcc -I/Users/zhouming/Library/Developer/Xcode/DerivedData/falcon-gsoilikaxsflzjexzrtqkcenvrbo/Build/Intermediates.noindex/falcon.build/Release-iphonesimulator/falcon.build/swift-overrides.hmap -emit-const-values -Xfrontend -const-gather-protocols-file -Xfrontend /Users/zhouming/Library/Developer/Xcode/DerivedData/falcon-gsoilikaxsflzjexzrtqkcenvrbo/Build/Intermediates.noindex/falcon.build/Release-iphonesimulator/falcon.build/Objects-normal/arm64/falcon_const_extract_protocols.json -Xcc -iquote -Xcc /Users/zhouming/Library/Developer/Xcode/DerivedData/falcon-gsoilikaxsflzjexzrtqkcenvrbo/Build/Intermediates.noindex/falcon.build/Release-iphonesimulator/falcon.build/falcon-generated-files.hmap -Xcc -I/Users/zhouming/Library/Developer/Xcode/DerivedData/falcon-gsoilikaxsflzjexzrtqkcenvrbo/Build/Intermediates.noindex/falcon.build/Release-iphonesimulator/falcon.build/falcon-own-target-headers.hmap -Xcc -I/Users/zhouming/Library/Developer/Xcode/DerivedData/falcon-gsoilikaxsflzjexzrtqkcenvrbo/Build/Intermediates.noindex/falcon.build/Release-iphonesimulator/falcon.build/falcon-all-non-framework-target-headers.hmap -Xcc -ivfsoverlay -Xcc /Users/zhouming/Library/Developer/Xcode/DerivedData/falcon-gsoilikaxsflzjexzrtqkcenvrbo/Build/Intermediates.noindex/falcon.build/Release-iphonesimulator/falcon-0daf7a28aeb72ccd5ee13e2bf2731ec9-VFS-iphonesimulator/all-product-headers.yaml -Xcc -iquote -Xcc /Users/zhouming/Library/Developer/Xcode/DerivedData/falcon-gsoilikaxsflzjexzrtqkcenvrbo/Build/Intermediates.noindex/falcon.build/Release-iphonesimulator/falcon.build/falcon-project-headers.hmap -Xcc -I/Users/zhouming/Library/Developer/Xcode/DerivedData/falcon-gsoilikaxsflzjexzrtqkcenvrbo/Build/Products/Release-iphonesimulator/include -Xcc -I/Users/zhouming/Library/Developer/Xcode/DerivedData/falcon-gsoilikaxsflzjexzrtqkcenvrbo/Build/Products/Release-iphonesimulator/Alamofire/Alamofire.framework/Headers -Xcc -I/Users/zhouming/Library/Developer/Xcode/DerivedData/falcon-gsoilikaxsflzjexzrtqkcenvrbo/Build/Products/Release-iphonesimulator/Cache/Cache.framework/Headers -Xcc -I/Users/zhouming/Library/Developer/Xcode/DerivedData/falcon-gsoilikaxsflzjexzrtqkcenvrbo/Build/Products/Release-iphonesimulator/DZNEmptyDataSet/DZNEmptyDataSet.framework/Headers -Xcc -I/Users/zhouming/Library/Developer/Xcode/DerivedData/falcon-gsoilikaxsflzjexzrtqkcenvrbo/Build/Products/Release-iphonesimulator/DisplayCriteria/DisplayCriteria.framework/Headers -Xcc -I/Users/zhouming/Library/Developer/Xcode/DerivedData/falcon-gsoilikaxsflzjexzrtqkcenvrbo/Build/Products/Release-iphonesimulator/ESTabBarController-swift/ESTabBarController_swift.framework/Headers -Xcc -I/Users/zhouming/Library/Developer/Xcode/DerivedData/falcon-gsoilikaxsflzjexzrtqkcenvrbo/Build/Products/Release-iphonesimulator/FFmpegKit/FFmpegKit.framework/Headers -Xcc -I/Users/zhouming/Library/Developer/Xcode/DerivedData/falcon-gsoilikaxsflzjexzrtqkcenvrbo/Build/Products/Release-iphonesimulator/IQKeyboardCore/IQKeyboardCore.framework/Headers -Xcc -I/Users/zhouming/Library/Developer/Xcode/DerivedData/falcon-gsoilikaxsflzjexzrtqkcenvrbo/Build/Products/Release-iphonesimulator/IQKeyboardManagerSwift/IQKeyboardManagerSwift.framework/Headers -Xcc -I/Users/zhouming/Library/Developer/Xcode/DerivedData/falcon-gsoilikaxsflzjexzrtqkcenvrbo/Build/Products/Release-iphonesimulator/IQKeyboardNotification/IQKeyboardNotification.framework/Headers -Xcc -I/Users/zhouming/Library/Developer/Xcode/DerivedData/falcon-gsoilikaxsflzjexzrtqkcenvrbo/Build/Products/Release-iphonesimulator/IQKeyboardReturnManager/IQKeyboardReturnManager.framework/Headers -Xcc -I/Users/zhouming/Library/Developer/Xcode/DerivedData/falcon-gsoilikaxsflzjexzrtqkcenvrbo/Build/Products/Release-iphonesimulator/IQKeyboardToolbar/IQKeyboardToolbar.framework/Headers -Xcc -I/Users/zhouming/Library/Developer/Xcode/DerivedData/falcon-gsoilikaxsflzjexzrtqkcenvrbo/Build/Products/Release-iphonesimulator/IQKeyboardToolbarManager/IQKeyboardToolbarManager.framework/Headers -Xcc -I/Users/zhouming/Library/Developer/Xcode/DerivedData/falcon-gsoilikaxsflzjexzrtqkcenvrbo/Build/Products/Release-iphonesimulator/IQTextInputViewNotification/IQTextInputViewNotification.framework/Headers -Xcc -I/Users/zhouming/Library/Developer/Xcode/DerivedData/falcon-gsoilikaxsflzjexzrtqkcenvrbo/Build/Products/Release-iphonesimulator/IQTextView/IQTextView.framework/Headers -Xcc -I/Users/zhouming/Library/Developer/Xcode/DerivedData/falcon-gsoilikaxsflzjexzrtqkcenvrbo/Build/Products/Release-iphonesimulator/JXPagingView/JXPagingView.framework/Headers -Xcc -I/Users/zhouming/Library/Developer/Xcode/DerivedData/falcon-gsoilikaxsflzjexzrtqkcenvrbo/Build/Products/Release-iphonesimulator/JXSegmentedView/JXSegmentedView.framework/Headers -Xcc -I/Users/zhouming/Library/Developer/Xcode/DerivedData/falcon-gsoilikaxsflzjexzrtqkcenvrbo/Build/Products/Release-iphonesimulator/KSPlayer/KSPlayer.framework/Headers -Xcc -I/Users/zhouming/Library/Developer/Xcode/DerivedData/falcon-gsoilikaxsflzjexzrtqkcenvrbo/Build/Products/Release-iphonesimulator/Kingfisher/Kingfisher.framework/Headers -Xcc -I/Users/zhouming/Library/Developer/Xcode/DerivedData/falcon-gsoilikaxsflzjexzrtqkcenvrbo/Build/Products/Release-iphonesimulator/MBProgressHUD/MBProgressHUD.framework/Headers -Xcc -I/Users/zhouming/Library/Developer/Xcode/DerivedData/falcon-gsoilikaxsflzjexzrtqkcenvrbo/Build/Products/Release-iphonesimulator/SnapKit/SnapKit.framework/Headers -Xcc -I/Users/zhouming/Library/Developer/Xcode/DerivedData/falcon-gsoilikaxsflzjexzrtqkcenvrbo/Build/Products/Release-iphonesimulator/Toast/Toast.framework/Headers -Xcc -I/Users/zhouming/Library/Developer/Xcode/DerivedData/falcon-gsoilikaxsflzjexzrtqkcenvrbo/Build/Products/Release-iphonesimulator/YQKingfisher/YQKingfisher.framework/Headers -Xcc -I/Users/zhouming/Library/Developer/Xcode/DerivedData/falcon-gsoilikaxsflzjexzrtqkcenvrbo/Build/Products/Release-iphonesimulator/YQPhotoBrowser/YQPhotoBrowser.framework/Headers -Xcc -I/Users/zhouming/Library/Developer/Xcode/DerivedData/falcon-gsoilikaxsflzjexzrtqkcenvrbo/Build/Products/Release-iphonesimulator/YYCache/YYCache.framework/Headers -Xcc -I/Users/zhouming/Library/Developer/Xcode/DerivedData/falcon-gsoilikaxsflzjexzrtqkcenvrbo/Build/Products/Release-iphonesimulator/YYText/YYText.framework/Headers -Xcc -I/Users/zhouming/Library/Developer/Xcode/DerivedData/falcon-gsoilikaxsflzjexzrtqkcenvrbo/Build/Products/Release-iphonesimulator/ZLPhotoBrowser/ZLPhotoBrowser.framework/Headers -Xcc -I/Users/zhouming/Library/Developer/Xcode/DerivedData/falcon-gsoilikaxsflzjexzrtqkcenvrbo/Build/Products/Release-iphonesimulator/lottie-ios/Lottie.framework/Headers -Xcc -I/Users/zhouming/Library/Developer/Xcode/DerivedData/falcon-gsoilikaxsflzjexzrtqkcenvrbo/Build/Products/Release-iphonesimulator/XCFrameworkIntermediates/FFmpegKit/FFmpegKit/Headers -Xcc -I/Users/zhouming/Library/Developer/Xcode/DerivedData/falcon-gsoilikaxsflzjexzrtqkcenvrbo/Build/Intermediates.noindex/falcon.build/Release-iphonesimulator/falcon.build/DerivedSources-normal/arm64 -Xcc -I/Users/zhouming/Library/Developer/Xcode/DerivedData/falcon-gsoilikaxsflzjexzrtqkcenvrbo/Build/Intermediates.noindex/falcon.build/Release-iphonesimulator/falcon.build/DerivedSources/arm64 -Xcc -I/Users/zhouming/Library/Developer/Xcode/DerivedData/falcon-gsoilikaxsflzjexzrtqkcenvrbo/Build/Intermediates.noindex/falcon.build/Release-iphonesimulator/falcon.build/DerivedSources -Xcc -DCOCOAPODS\=1 -emit-objc-header -emit-objc-header-path /Users/zhouming/Library/Developer/Xcode/DerivedData/falcon-gsoilikaxsflzjexzrtqkcenvrbo/Build/Intermediates.noindex/falcon.build/Release-iphonesimulator/falcon.build/Objects-normal/arm64/falcon-Swift.h -working-directory /Users/zhouming/Desktop/falcon -experimental-emit-module-separately -disable-cmo

Ld /Users/zhouming/Library/Developer/Xcode/DerivedData/falcon-gsoilikaxsflzjexzrtqkcenvrbo/Build/Intermediates.noindex/falcon.build/Release-iphonesimulator/falcon.build/Objects-normal/arm64/Binary/falcon normal arm64 (in target 'falcon' from project 'falcon')
    cd /Users/zhouming/Desktop/falcon
    /Applications/Xcode.app/Contents/Developer/Toolchains/XcodeDefault.xctoolchain/usr/bin/clang -Xlinker -reproducible -target arm64-apple-ios15.5-simulator -isysroot /Applications/Xcode.app/Contents/Developer/Platforms/iPhoneSimulator.platform/Developer/SDKs/iPhoneSimulator26.0.sdk -Os -L/Users/zhouming/Library/Developer/Xcode/DerivedData/falcon-gsoilikaxsflzjexzrtqkcenvrbo/Build/Intermediates.noindex/EagerLinkingTBDs/Release-iphonesimulator -L/Users/zhouming/Library/Developer/Xcode/DerivedData/falcon-gsoilikaxsflzjexzrtqkcenvrbo/Build/Products/Release-iphonesimulator -L/Users/zhouming/Library/Developer/Xcode/DerivedData/falcon-gsoilikaxsflzjexzrtqkcenvrbo/Build/Products/Release-iphonesimulator/XCFrameworkIntermediates/FFmpegKit/FFmpegKit -L/var/run/com.apple.security.cryptexd/mnt/com.apple.MobileAsset.MetalToolchain-v17.1.324.0.BoBwdl/Metal.xctoolchain/usr/lib/swift/iphonesimulator -L/Applications/Xcode.app/Contents/Developer/Platforms/iPhoneSimulator.platform/Developer/SDKs/iPhoneSimulator26.0.sdk/usr/lib/swift -L/Applications/Xcode.app/Contents/Developer/Platforms/iPhoneSimulator.platform/Developer/SDKs/iPhoneSimulator26.0.sdk/usr/lib/swift -F/Users/zhouming/Library/Developer/Xcode/DerivedData/falcon-gsoilikaxsflzjexzrtqkcenvrbo/Build/Intermediates.noindex/EagerLinkingTBDs/Release-iphonesimulator -F/Users/zhouming/Library/Developer/Xcode/DerivedData/falcon-gsoilikaxsflzjexzrtqkcenvrbo/Build/Products/Release-iphonesimulator -F/Users/zhouming/Library/Developer/Xcode/DerivedData/falcon-gsoilikaxsflzjexzrtqkcenvrbo/Build/Products/Release-iphonesimulator/Alamofire -F/Users/zhouming/Library/Developer/Xcode/DerivedData/falcon-gsoilikaxsflzjexzrtqkcenvrbo/Build/Products/Release-iphonesimulator/Cache -F/Users/zhouming/Library/Developer/Xcode/DerivedData/falcon-gsoilikaxsflzjexzrtqkcenvrbo/Build/Products/Release-iphonesimulator/DZNEmptyDataSet -F/Users/zhouming/Library/Developer/Xcode/DerivedData/falcon-gsoilikaxsflzjexzrtqkcenvrbo/Build/Products/Release-iphonesimulator/DisplayCriteria -F/Users/zhouming/Library/Developer/Xcode/DerivedData/falcon-gsoilikaxsflzjexzrtqkcenvrbo/Build/Products/Release-iphonesimulator/ESTabBarController-swift -F/Users/zhouming/Library/Developer/Xcode/DerivedData/falcon-gsoilikaxsflzjexzrtqkcenvrbo/Build/Products/Release-iphonesimulator/FFmpegKit -F/Users/zhouming/Library/Developer/Xcode/DerivedData/falcon-gsoilikaxsflzjexzrtqkcenvrbo/Build/Products/Release-iphonesimulator/IQKeyboardCore -F/Users/zhouming/Library/Developer/Xcode/DerivedData/falcon-gsoilikaxsflzjexzrtqkcenvrbo/Build/Products/Release-iphonesimulator/IQKeyboardManagerSwift -F/Users/zhouming/Library/Developer/Xcode/DerivedData/falcon-gsoilikaxsflzjexzrtqkcenvrbo/Build/Products/Release-iphonesimulator/IQKeyboardNotification -F/Users/zhouming/Library/Developer/Xcode/DerivedData/falcon-gsoilikaxsflzjexzrtqkcenvrbo/Build/Products/Release-iphonesimulator/IQKeyboardReturnManager -F/Users/zhouming/Library/Developer/Xcode/DerivedData/falcon-gsoilikaxsflzjexzrtqkcenvrbo/Build/Products/Release-iphonesimulator/IQKeyboardToolbar -F/Users/zhouming/Library/Developer/Xcode/DerivedData/falcon-gsoilikaxsflzjexzrtqkcenvrbo/Build/Products/Release-iphonesimulator/IQKeyboardToolbarManager -F/Users/zhouming/Library/Developer/Xcode/DerivedData/falcon-gsoilikaxsflzjexzrtqkcenvrbo/Build/Products/Release-iphonesimulator/IQTextInputViewNotification -F/Users/zhouming/Library/Developer/Xcode/DerivedData/falcon-gsoilikaxsflzjexzrtqkcenvrbo/Build/Products/Release-iphonesimulator/IQTextView -F/Users/zhouming/Library/Developer/Xcode/DerivedData/falcon-gsoilikaxsflzjexzrtqkcenvrbo/Build/Products/Release-iphonesimulator/JXPagingView -F/Users/zhouming/Library/Developer/Xcode/DerivedData/falcon-gsoilikaxsflzjexzrtqkcenvrbo/Build/Products/Release-iphonesimulator/JXSegmentedView -F/Users/zhouming/Library/Developer/Xcode/DerivedData/falcon-gsoilikaxsflzjexzrtqkcenvrbo/Build/Products/Release-iphonesimulator/KSPlayer -F/Users/zhouming/Library/Developer/Xcode/DerivedData/falcon-gsoilikaxsflzjexzrtqkcenvrbo/Build/Products/Release-iphonesimulator/Kingfisher -F/Users/zhouming/Library/Developer/Xcode/DerivedData/falcon-gsoilikaxsflzjexzrtqkcenvrbo/Build/Products/Release-iphonesimulator/MBProgressHUD -F/Users/zhouming/Library/Developer/Xcode/DerivedData/falcon-gsoilikaxsflzjexzrtqkcenvrbo/Build/Products/Release-iphonesimulator/SnapKit -F/Users/zhouming/Library/Developer/Xcode/DerivedData/falcon-gsoilikaxsflzjexzrtqkcenvrbo/Build/Products/Release-iphonesimulator/Toast -F/Users/zhouming/Library/Developer/Xcode/DerivedData/falcon-gsoilikaxsflzjexzrtqkcenvrbo/Build/Products/Release-iphonesimulator/YQKingfisher -F/Users/zhouming/Library/Developer/Xcode/DerivedData/falcon-gsoilikaxsflzjexzrtqkcenvrbo/Build/Products/Release-iphonesimulator/YQPhotoBrowser -F/Users/zhouming/Library/Developer/Xcode/DerivedData/falcon-gsoilikaxsflzjexzrtqkcenvrbo/Build/Products/Release-iphonesimulator/YYCache -F/Users/zhouming/Library/Developer/Xcode/DerivedData/falcon-gsoilikaxsflzjexzrtqkcenvrbo/Build/Products/Release-iphonesimulator/YYText -F/Users/zhouming/Library/Developer/Xcode/DerivedData/falcon-gsoilikaxsflzjexzrtqkcenvrbo/Build/Products/Release-iphonesimulator/ZLPhotoBrowser -F/Users/zhouming/Library/Developer/Xcode/DerivedData/falcon-gsoilikaxsflzjexzrtqkcenvrbo/Build/Products/Release-iphonesimulator/lottie-ios -F/Users/zhouming/Desktop/falcon/Pods/FFmpegKit/Sources -F/Users/zhouming/Desktop/falcon/Pods/Libass/Sources -F/Users/zhouming/Library/Developer/Xcode/DerivedData/falcon-gsoilikaxsflzjexzrtqkcenvrbo/Build/Products/Release-iphonesimulator/XCFrameworkIntermediates/FFmpegKit/FFmpegKit -F/Users/zhouming/Library/Developer/Xcode/DerivedData/falcon-gsoilikaxsflzjexzrtqkcenvrbo/Build/Products/Release-iphonesimulator/XCFrameworkIntermediates/Libass/Libass -filelist /Users/zhouming/Library/Developer/Xcode/DerivedData/falcon-gsoilikaxsflzjexzrtqkcenvrbo/Build/Intermediates.noindex/falcon.build/Release-iphonesimulator/falcon.build/Objects-normal/arm64/falcon.LinkFileList -Xlinker -rpath -Xlinker /usr/lib/swift -Xlinker -rpath -Xlinker @executable_path/Frameworks -Xlinker -rpath -Xlinker @loader_path/Frameworks -dead_strip -Xlinker -object_path_lto -Xlinker /Users/zhouming/Library/Developer/Xcode/DerivedData/falcon-gsoilikaxsflzjexzrtqkcenvrbo/Build/Intermediates.noindex/falcon.build/Release-iphonesimulator/falcon.build/Objects-normal/arm64/falcon_lto.o -Xlinker -objc_abi_version -Xlinker 2 -Xlinker -debug_variant -Xlinker -dependency_info -Xlinker /Users/zhouming/Library/Developer/Xcode/DerivedData/falcon-gsoilikaxsflzjexzrtqkcenvrbo/Build/Intermediates.noindex/falcon.build/Release-iphonesimulator/falcon.build/Objects-normal/arm64/falcon_dependency_info.dat -fobjc-link-runtime -fprofile-instr-generate -L/Applications/Xcode.app/Contents/Developer/Toolchains/XcodeDefault.xctoolchain/usr/lib/swift/iphonesimulator -L/usr/lib/swift -Xlinker -add_ast_path -Xlinker /Users/zhouming/Library/Developer/Xcode/DerivedData/falcon-gsoilikaxsflzjexzrtqkcenvrbo/Build/Intermediates.noindex/falcon.build/Release-iphonesimulator/falcon.build/Objects-normal/arm64/falcon.swiftmodule @/Users/zhouming/Library/Developer/Xcode/DerivedData/falcon-gsoilikaxsflzjexzrtqkcenvrbo/Build/Intermediates.noindex/falcon.build/Release-iphonesimulator/falcon.build/Objects-normal/arm64/falcon-linker-args.resp -ObjC -lMoltenVK -lbz2 -lc++ -liconv -lresolv -lsqlite3 -lswiftCoreGraphics -lxml2 -lz -framework AVFoundation -framework Accelerate -framework Alamofire -framework AudioToolbox -framework CFNetwork -framework Cache -framework Combine -framework CoreFoundation -framework CoreGraphics -framework CoreMedia -framework CoreMotion -framework CoreText -framework DZNEmptyDataSet -framework DisplayCriteria -framework ESTabBarController_swift -framework FFmpegKit -framework Foundation -framework IQKeyboardCore -framework IQKeyboardManagerSwift -framework IQKeyboardNotification -framework IQKeyboardReturnManager -framework IQKeyboardToolbar -framework IQKeyboardToolbarManager -framework IQTextInputViewNotification -framework IQTextView -framework JXPagingView -framework JXSegmentedView -framework KSPlayer -framework Kingfisher -framework Libavcodec -framework Libavdevice -framework Libavfilter -framework Libavformat -framework Libavutil -framework Libswresample -framework Libswscale -framework Lottie -framework MBProgressHUD -framework MobileCoreServices -framework Photos -framework PhotosUI -framework QuartzCore -framework SnapKit -framework Toast -framework UIKit -framework VideoToolbox -framework YQKingfisher -framework YQPhotoBrowser -framework YYCache -framework YYText -framework ZLPhotoBrowser -framework gmp -framework gnutls -framework hogweed -framework lcms2 -framework libass -framework libdav1d -framework libfontconfig -framework libfreetype -framework libfribidi -framework libharfbuzz -framework libplacebo -framework libshaderc_combined -framework libsmbclient -framework libsrt -framework libzvbi -framework nettle -weak_framework Combine -weak_framework MetalKit -weak_framework SwiftUI -Xlinker -sectcreate -Xlinker __TEXT -Xlinker __entitlements -Xlinker /Users/zhouming/Library/Developer/Xcode/DerivedData/falcon-gsoilikaxsflzjexzrtqkcenvrbo/Build/Intermediates.noindex/falcon.build/Release-iphonesimulator/falcon.build/falcon.app-Simulated.xcent -Xlinker -sectcreate -Xlinker __TEXT -Xlinker __ents_der -Xlinker /Users/zhouming/Library/Developer/Xcode/DerivedData/falcon-gsoilikaxsflzjexzrtqkcenvrbo/Build/Intermediates.noindex/falcon.build/Release-iphonesimulator/falcon.build/falcon.app-Simulated.xcent.der -framework Pods_falcon -Xlinker -no_adhoc_codesign -o /Users/zhouming/Library/Developer/Xcode/DerivedData/falcon-gsoilikaxsflzjexzrtqkcenvrbo/Build/Intermediates.noindex/falcon.build/Release-iphonesimulator/falcon.build/Objects-normal/arm64/Binary/falcon
ld: warning: search path '/var/run/com.apple.security.cryptexd/mnt/com.apple.MobileAsset.MetalToolchain-v17.1.324.0.BoBwdl/Metal.xctoolchain/usr/lib/swift/iphonesimulator' not found

CreateUniversalBinary /Users/zhouming/Library/Developer/Xcode/DerivedData/falcon-gsoilikaxsflzjexzrtqkcenvrbo/Build/Products/Release-iphonesimulator/falcon.app/falcon normal arm64\ x86_64 (in target 'falcon' from project 'falcon')
    cd /Users/zhouming/Desktop/falcon
    /Applications/Xcode.app/Contents/Developer/Toolchains/XcodeDefault.xctoolchain/usr/bin/lipo -create /Users/zhouming/Library/Developer/Xcode/DerivedData/falcon-gsoilikaxsflzjexzrtqkcenvrbo/Build/Intermediates.noindex/falcon.build/Release-iphonesimulator/falcon.build/Objects-normal/arm64/Binary/falcon /Users/zhouming/Library/Developer/Xcode/DerivedData/falcon-gsoilikaxsflzjexzrtqkcenvrbo/Build/Intermediates.noindex/falcon.build/Release-iphonesimulator/falcon.build/Objects-normal/x86_64/Binary/falcon -output /Users/zhouming/Library/Developer/Xcode/DerivedData/falcon-gsoilikaxsflzjexzrtqkcenvrbo/Build/Products/Release-iphonesimulator/falcon.app/falcon

GenerateDSYMFile /Users/zhouming/Library/Developer/Xcode/DerivedData/falcon-gsoilikaxsflzjexzrtqkcenvrbo/Build/Products/Release-iphonesimulator/falcon.app.dSYM /Users/zhouming/Library/Developer/Xcode/DerivedData/falcon-gsoilikaxsflzjexzrtqkcenvrbo/Build/Products/Release-iphonesimulator/falcon.app/falcon (in target 'falcon' from project 'falcon')
    cd /Users/zhouming/Desktop/falcon
    /Applications/Xcode.app/Contents/Developer/Toolchains/XcodeDefault.xctoolchain/usr/bin/dsymutil /Users/zhouming/Library/Developer/Xcode/DerivedData/falcon-gsoilikaxsflzjexzrtqkcenvrbo/Build/Products/Release-iphonesimulator/falcon.app/falcon -o /Users/zhouming/Library/Developer/Xcode/DerivedData/falcon-gsoilikaxsflzjexzrtqkcenvrbo/Build/Products/Release-iphonesimulator/falcon.app.dSYM

PhaseScriptExecution [CP]\ Embed\ Pods\ Frameworks /Users/zhouming/Library/Developer/Xcode/DerivedData/falcon-gsoilikaxsflzjexzrtqkcenvrbo/Build/Intermediates.noindex/falcon.build/Release-iphonesimulator/falcon.build/Script-21F0371800067D4641F8603C.sh (in target 'falcon' from project 'falcon')
    cd /Users/zhouming/Desktop/falcon
    /bin/sh -c /Users/zhouming/Library/Developer/Xcode/DerivedData/falcon-gsoilikaxsflzjexzrtqkcenvrbo/Build/Intermediates.noindex/falcon.build/Release-iphonesimulator/falcon.build/Script-21F0371800067D4641F8603C.sh
mkdir -p /Users/zhouming/Library/Developer/Xcode/DerivedData/falcon-gsoilikaxsflzjexzrtqkcenvrbo/Build/Products/Release-iphonesimulator/falcon.app/Frameworks
rsync --delete -av --filter P .*.?????? --links --filter "- CVS/" --filter "- .svn/" --filter "- .git/" --filter "- .hg/" --filter "- Headers" --filter "- PrivateHeaders" --filter "- Modules" "/Users/zhouming/Library/Developer/Xcode/DerivedData/falcon-gsoilikaxsflzjexzrtqkcenvrbo/Build/Products/Release-iphonesimulator/Alamofire/Alamofire.framework" "/Users/zhouming/Library/Developer/Xcode/DerivedData/falcon-gsoilikaxsflzjexzrtqkcenvrbo/Build/Products/Release-iphonesimulator/falcon.app/Frameworks"
Transfer starting: 8 files
Alamofire.framework/
Alamofire.framework/Alamofire
Alamofire.framework/Info.plist
Alamofire.framework/Alamofire.bundle/
Alamofire.framework/Alamofire.bundle/Info.plist
Alamofire.framework/Alamofire.bundle/PrivacyInfo.xcprivacy
Alamofire.framework/_CodeSignature/
Alamofire.framework/_CodeSignature/CodeResources

sent 7911277 bytes  received 148 bytes  197292394 bytes/sec
total size is 7909405  speedup is 1.00
Code Signing /Users/zhouming/Library/Developer/Xcode/DerivedData/falcon-gsoilikaxsflzjexzrtqkcenvrbo/Build/Products/Release-iphonesimulator/falcon.app/Frameworks/Alamofire.framework with Identity Sign to Run Locally
/usr/bin/codesign --force --sign -  --preserve-metadata=identifier,entitlements '/Users/zhouming/Library/Developer/Xcode/DerivedData/falcon-gsoilikaxsflzjexzrtqkcenvrbo/Build/Products/Release-iphonesimulator/falcon.app/Frameworks/Alamofire.framework'
/Users/zhouming/Library/Developer/Xcode/DerivedData/falcon-gsoilikaxsflzjexzrtqkcenvrbo/Build/Products/Release-iphonesimulator/falcon.app/Frameworks/Alamofire.framework: replacing existing signature
rsync --delete -av --filter P .*.?????? --links --filter "- CVS/" --filter "- .svn/" --filter "- .git/" --filter "- .hg/" --filter "- Headers" --filter "- PrivateHeaders" --filter "- Modules" "/Users/zhouming/Library/Developer/Xcode/DerivedData/falcon-gsoilikaxsflzjexzrtqkcenvrbo/Build/Products/Release-iphonesimulator/Cache/Cache.framework" "/Users/zhouming/Library/Developer/Xcode/DerivedData/falcon-gsoilikaxsflzjexzrtqkcenvrbo/Build/Products/Release-iphonesimulator/falcon.app/Frameworks"
Transfer starting: 5 files
Cache.framework/
Cache.framework/Cache
Cache.framework/Info.plist
Cache.framework/_CodeSignature/
Cache.framework/_CodeSignature/CodeResources

sent 1208680 bytes  received 98 bytes  170250422 bytes/sec
total size is 1207966  speedup is 1.00
Code Signing /Users/zhouming/Library/Developer/Xcode/DerivedData/falcon-gsoilikaxsflzjexzrtqkcenvrbo/Build/Products/Release-iphonesimulator/falcon.app/Frameworks/Cache.framework with Identity Sign to Run Locally
/usr/bin/codesign --force --sign -  --preserve-metadata=identifier,entitlements '/Users/zhouming/Library/Developer/Xcode/DerivedData/falcon-gsoilikaxsflzjexzrtqkcenvrbo/Build/Products/Release-iphonesimulator/falcon.app/Frameworks/Cache.framework'
/Users/zhouming/Library/Developer/Xcode/DerivedData/falcon-gsoilikaxsflzjexzrtqkcenvrbo/Build/Products/Release-iphonesimulator/falcon.app/Frameworks/Cache.framework: replacing existing signature
rsync --delete -av --filter P .*.?????? --links --filter "- CVS/" --filter "- .svn/" --filter "- .git/" --filter "- .hg/" --filter "- Headers" --filter "- PrivateHeaders" --filter "- Modules" "/Users/zhouming/Library/Developer/Xcode/DerivedData/falcon-gsoilikaxsflzjexzrtqkcenvrbo/Build/Products/Release-iphonesimulator/DZNEmptyDataSet/DZNEmptyDataSet.framework" "/Users/zhouming/Library/Developer/Xcode/DerivedData/falcon-gsoilikaxsflzjexzrtqkcenvrbo/Build/Products/Release-iphonesimulator/falcon.app/Frameworks"
Transfer starting: 5 files
DZNEmptyDataSet.framework/
DZNEmptyDataSet.framework/DZNEmptyDataSet
DZNEmptyDataSet.framework/Info.plist
DZNEmptyDataSet.framework/_CodeSignature/
DZNEmptyDataSet.framework/_CodeSignature/CodeResources

sent 399770 bytes  received 98 bytes  128989677 bytes/sec
total size is 399092  speedup is 1.00
Code Signing /Users/zhouming/Library/Developer/Xcode/DerivedData/falcon-gsoilikaxsflzjexzrtqkcenvrbo/Build/Products/Release-iphonesimulator/falcon.app/Frameworks/DZNEmptyDataSet.framework with Identity Sign to Run Locally
/usr/bin/codesign --force --sign -  --preserve-metadata=identifier,entitlements '/Users/zhouming/Library/Developer/Xcode/DerivedData/falcon-gsoilikaxsflzjexzrtqkcenvrbo/Build/Products/Release-iphonesimulator/falcon.app/Frameworks/DZNEmptyDataSet.framework'
/Users/zhouming/Library/Developer/Xcode/DerivedData/falcon-gsoilikaxsflzjexzrtqkcenvrbo/Build/Products/Release-iphonesimulator/falcon.app/Frameworks/DZNEmptyDataSet.framework: replacing existing signature
rsync --delete -av --filter P .*.?????? --links --filter "- CVS/" --filter "- .svn/" --filter "- .git/" --filter "- .hg/" --filter "- Headers" --filter "- PrivateHeaders" --filter "- Modules" "/Users/zhouming/Library/Developer/Xcode/DerivedData/falcon-gsoilikaxsflzjexzrtqkcenvrbo/Build/Products/Release-iphonesimulator/ESTabBarController-swift/ESTabBarController_swift.framework" "/Users/zhouming/Library/Developer/Xcode/DerivedData/falcon-gsoilikaxsflzjexzrtqkcenvrbo/Build/Products/Release-iphonesimulator/falcon.app/Frameworks"
Transfer starting: 7 files
ESTabBarController_swift.framework/
ESTabBarController_swift.framework/ESTabBarController_swift
ESTabBarController_swift.framework/Info.plist
ESTabBarController_swift.framework/_CodeSignature/
ESTabBarController_swift.framework/_CodeSignature/CodeResources
ESTabBarController_swift.framework/en.lproj/
ESTabBarController_swift.framework/en.lproj/Localizable.strings

sent 910785 bytes  received 126 bytes  178610000 bytes/sec
total size is 909785  speedup is 1.00
Code Signing /Users/zhouming/Library/Developer/Xcode/DerivedData/falcon-gsoilikaxsflzjexzrtqkcenvrbo/Build/Products/Release-iphonesimulator/falcon.app/Frameworks/ESTabBarController_swift.framework with Identity Sign to Run Locally
/usr/bin/codesign --force --sign -  --preserve-metadata=identifier,entitlements '/Users/zhouming/Library/Developer/Xcode/DerivedData/falcon-gsoilikaxsflzjexzrtqkcenvrbo/Build/Products/Release-iphonesimulator/falcon.app/Frameworks/ESTabBarController_swift.framework'
/Users/zhouming/Library/Developer/Xcode/DerivedData/falcon-gsoilikaxsflzjexzrtqkcenvrbo/Build/Products/Release-iphonesimulator/falcon.app/Frameworks/ESTabBarController_swift.framework: replacing existing signature
rsync --delete -av --filter P .*.?????? --links --filter "- CVS/" --filter "- .svn/" --filter "- .git/" --filter "- .hg/" --filter "- Headers" --filter "- PrivateHeaders" --filter "- Modules" "/Users/zhouming/Library/Developer/Xcode/DerivedData/falcon-gsoilikaxsflzjexzrtqkcenvrbo/Build/Products/Release-iphonesimulator/IQKeyboardCore/IQKeyboardCore.framework" "/Users/zhouming/Library/Developer/Xcode/DerivedData/falcon-gsoilikaxsflzjexzrtqkcenvrbo/Build/Products/Release-iphonesimulator/falcon.app/Frameworks"
Transfer starting: 8 files
IQKeyboardCore.framework/
IQKeyboardCore.framework/IQKeyboardCore
IQKeyboardCore.framework/Info.plist
IQKeyboardCore.framework/IQKeyboardCore.bundle/
IQKeyboardCore.framework/IQKeyboardCore.bundle/Info.plist
IQKeyboardCore.framework/IQKeyboardCore.bundle/PrivacyInfo.xcprivacy
IQKeyboardCore.framework/_CodeSignature/
IQKeyboardCore.framework/_CodeSignature/CodeResources

sent 400424 bytes  received 148 bytes  129216774 bytes/sec
total size is 399412  speedup is 1.00
Code Signing /Users/zhouming/Library/Developer/Xcode/DerivedData/falcon-gsoilikaxsflzjexzrtqkcenvrbo/Build/Products/Release-iphonesimulator/falcon.app/Frameworks/IQKeyboardCore.framework with Identity Sign to Run Locally
/usr/bin/codesign --force --sign -  --preserve-metadata=identifier,entitlements '/Users/zhouming/Library/Developer/Xcode/DerivedData/falcon-gsoilikaxsflzjexzrtqkcenvrbo/Build/Products/Release-iphonesimulator/falcon.app/Frameworks/IQKeyboardCore.framework'
/Users/zhouming/Library/Developer/Xcode/DerivedData/falcon-gsoilikaxsflzjexzrtqkcenvrbo/Build/Products/Release-iphonesimulator/falcon.app/Frameworks/IQKeyboardCore.framework: replacing existing signature
rsync --delete -av --filter P .*.?????? --links --filter "- CVS/" --filter "- .svn/" --filter "- .git/" --filter "- .hg/" --filter "- Headers" --filter "- PrivateHeaders" --filter "- Modules" "/Users/zhouming/Library/Developer/Xcode/DerivedData/falcon-gsoilikaxsflzjexzrtqkcenvrbo/Build/Products/Release-iphonesimulator/IQKeyboardManagerSwift/IQKeyboardManagerSwift.framework" "/Users/zhouming/Library/Developer/Xcode/DerivedData/falcon-gsoilikaxsflzjexzrtqkcenvrbo/Build/Products/Release-iphonesimulator/falcon.app/Frameworks"
Transfer starting: 8 files
IQKeyboardManagerSwift.framework/
IQKeyboardManagerSwift.framework/IQKeyboardManagerSwift
IQKeyboardManagerSwift.framework/Info.plist
IQKeyboardManagerSwift.framework/IQKeyboardManagerSwift.bundle/
IQKeyboardManagerSwift.framework/IQKeyboardManagerSwift.bundle/Info.plist
IQKeyboardManagerSwift.framework/IQKeyboardManagerSwift.bundle/PrivacyInfo.xcprivacy
IQKeyboardManagerSwift.framework/_CodeSignature/
IQKeyboardManagerSwift.framework/_CodeSignature/CodeResources

sent 1379860 bytes  received 148 bytes  170371358 bytes/sec
total size is 1378632  speedup is 1.00
Code Signing /Users/zhouming/Library/Developer/Xcode/DerivedData/falcon-gsoilikaxsflzjexzrtqkcenvrbo/Build/Products/Release-iphonesimulator/falcon.app/Frameworks/IQKeyboardManagerSwift.framework with Identity Sign to Run Locally
/usr/bin/codesign --force --sign -  --preserve-metadata=identifier,entitlements '/Users/zhouming/Library/Developer/Xcode/DerivedData/falcon-gsoilikaxsflzjexzrtqkcenvrbo/Build/Products/Release-iphonesimulator/falcon.app/Frameworks/IQKeyboardManagerSwift.framework'
/Users/zhouming/Library/Developer/Xcode/DerivedData/falcon-gsoilikaxsflzjexzrtqkcenvrbo/Build/Products/Release-iphonesimulator/falcon.app/Frameworks/IQKeyboardManagerSwift.framework: replacing existing signature
rsync --delete -av --filter P .*.?????? --links --filter "- CVS/" --filter "- .svn/" --filter "- .git/" --filter "- .hg/" --filter "- Headers" --filter "- PrivateHeaders" --filter "- Modules" "/Users/zhouming/Library/Developer/Xcode/DerivedData/falcon-gsoilikaxsflzjexzrtqkcenvrbo/Build/Products/Release-iphonesimulator/IQKeyboardNotification/IQKeyboardNotification.framework" "/Users/zhouming/Library/Developer/Xcode/DerivedData/falcon-gsoilikaxsflzjexzrtqkcenvrbo/Build/Products/Release-iphonesimulator/falcon.app/Frameworks"
Transfer starting: 8 files
IQKeyboardNotification.framework/
IQKeyboardNotification.framework/IQKeyboardNotification
IQKeyboardNotification.framework/Info.plist
IQKeyboardNotification.framework/IQKeyboardNotification.bundle/
IQKeyboardNotification.framework/IQKeyboardNotification.bundle/Info.plist
IQKeyboardNotification.framework/IQKeyboardNotification.bundle/PrivacyInfo.xcprivacy
IQKeyboardNotification.framework/_CodeSignature/
IQKeyboardNotification.framework/_CodeSignature/CodeResources

sent 520476 bytes  received 148 bytes  126981463 bytes/sec
total size is 519352  speedup is 1.00
Code Signing /Users/zhouming/Library/Developer/Xcode/DerivedData/falcon-gsoilikaxsflzjexzrtqkcenvrbo/Build/Products/Release-iphonesimulator/falcon.app/Frameworks/IQKeyboardNotification.framework with Identity Sign to Run Locally
/usr/bin/codesign --force --sign -  --preserve-metadata=identifier,entitlements '/Users/zhouming/Library/Developer/Xcode/DerivedData/falcon-gsoilikaxsflzjexzrtqkcenvrbo/Build/Products/Release-iphonesimulator/falcon.app/Frameworks/IQKeyboardNotification.framework'
/Users/zhouming/Library/Developer/Xcode/DerivedData/falcon-gsoilikaxsflzjexzrtqkcenvrbo/Build/Products/Release-iphonesimulator/falcon.app/Frameworks/IQKeyboardNotification.framework: replacing existing signature
rsync --delete -av --filter P .*.?????? --links --filter "- CVS/" --filter "- .svn/" --filter "- .git/" --filter "- .hg/" --filter "- Headers" --filter "- PrivateHeaders" --filter "- Modules" "/Users/zhouming/Library/Developer/Xcode/DerivedData/falcon-gsoilikaxsflzjexzrtqkcenvrbo/Build/Products/Release-iphonesimulator/IQKeyboardReturnManager/IQKeyboardReturnManager.framework" "/Users/zhouming/Library/Developer/Xcode/DerivedData/falcon-gsoilikaxsflzjexzrtqkcenvrbo/Build/Products/Release-iphonesimulator/falcon.app/Frameworks"
Transfer starting: 8 files
IQKeyboardReturnManager.framework/
IQKeyboardReturnManager.framework/IQKeyboardReturnManager
IQKeyboardReturnManager.framework/Info.plist
IQKeyboardReturnManager.framework/IQKeyboardReturnManager.bundle/
IQKeyboardReturnManager.framework/IQKeyboardReturnManager.bundle/Info.plist
IQKeyboardReturnManager.framework/IQKeyboardReturnManager.bundle/PrivacyInfo.xcprivacy
IQKeyboardReturnManager.framework/_CodeSignature/
IQKeyboardReturnManager.framework/_CodeSignature/CodeResources

sent 682920 bytes  received 148 bytes  166601951 bytes/sec
total size is 681764  speedup is 1.00
Code Signing /Users/zhouming/Library/Developer/Xcode/DerivedData/falcon-gsoilikaxsflzjexzrtqkcenvrbo/Build/Products/Release-iphonesimulator/falcon.app/Frameworks/IQKeyboardReturnManager.framework with Identity Sign to Run Locally
/usr/bin/codesign --force --sign -  --preserve-metadata=identifier,entitlements '/Users/zhouming/Library/Developer/Xcode/DerivedData/falcon-gsoilikaxsflzjexzrtqkcenvrbo/Build/Products/Release-iphonesimulator/falcon.app/Frameworks/IQKeyboardReturnManager.framework'
/Users/zhouming/Library/Developer/Xcode/DerivedData/falcon-gsoilikaxsflzjexzrtqkcenvrbo/Build/Products/Release-iphonesimulator/falcon.app/Frameworks/IQKeyboardReturnManager.framework: replacing existing signature
rsync --delete -av --filter P .*.?????? --links --filter "- CVS/" --filter "- .svn/" --filter "- .git/" --filter "- .hg/" --filter "- Headers" --filter "- PrivateHeaders" --filter "- Modules" "/Users/zhouming/Library/Developer/Xcode/DerivedData/falcon-gsoilikaxsflzjexzrtqkcenvrbo/Build/Products/Release-iphonesimulator/IQKeyboardToolbar/IQKeyboardToolbar.framework" "/Users/zhouming/Library/Developer/Xcode/DerivedData/falcon-gsoilikaxsflzjexzrtqkcenvrbo/Build/Products/Release-iphonesimulator/falcon.app/Frameworks"
Transfer starting: 8 files
IQKeyboardToolbar.framework/
IQKeyboardToolbar.framework/IQKeyboardToolbar
IQKeyboardToolbar.framework/Info.plist
IQKeyboardToolbar.framework/IQKeyboardToolbar.bundle/
IQKeyboardToolbar.framework/IQKeyboardToolbar.bundle/Info.plist
IQKeyboardToolbar.framework/IQKeyboardToolbar.bundle/PrivacyInfo.xcprivacy
IQKeyboardToolbar.framework/_CodeSignature/
IQKeyboardToolbar.framework/_CodeSignature/CodeResources

sent 903140 bytes  received 148 bytes  177115294 bytes/sec
total size is 902028  speedup is 1.00
Code Signing /Users/zhouming/Library/Developer/Xcode/DerivedData/falcon-gsoilikaxsflzjexzrtqkcenvrbo/Build/Products/Release-iphonesimulator/falcon.app/Frameworks/IQKeyboardToolbar.framework with Identity Sign to Run Locally
/usr/bin/codesign --force --sign -  --preserve-metadata=identifier,entitlements '/Users/zhouming/Library/Developer/Xcode/DerivedData/falcon-gsoilikaxsflzjexzrtqkcenvrbo/Build/Products/Release-iphonesimulator/falcon.app/Frameworks/IQKeyboardToolbar.framework'
/Users/zhouming/Library/Developer/Xcode/DerivedData/falcon-gsoilikaxsflzjexzrtqkcenvrbo/Build/Products/Release-iphonesimulator/falcon.app/Frameworks/IQKeyboardToolbar.framework: replacing existing signature
rsync --delete -av --filter P .*.?????? --links --filter "- CVS/" --filter "- .svn/" --filter "- .git/" --filter "- .hg/" --filter "- Headers" --filter "- PrivateHeaders" --filter "- Modules" "/Users/zhouming/Library/Developer/Xcode/DerivedData/falcon-gsoilikaxsflzjexzrtqkcenvrbo/Build/Products/Release-iphonesimulator/IQKeyboardToolbarManager/IQKeyboardToolbarManager.framework" "/Users/zhouming/Library/Developer/Xcode/DerivedData/falcon-gsoilikaxsflzjexzrtqkcenvrbo/Build/Products/Release-iphonesimulator/falcon.app/Frameworks"
Transfer starting: 8 files
IQKeyboardToolbarManager.framework/
IQKeyboardToolbarManager.framework/IQKeyboardToolbarManager
IQKeyboardToolbarManager.framework/Info.plist
IQKeyboardToolbarManager.framework/IQKeyboardToolbarManager.bundle/
IQKeyboardToolbarManager.framework/IQKeyboardToolbarManager.bundle/Info.plist
IQKeyboardToolbarManager.framework/IQKeyboardToolbarManager.bundle/PrivacyInfo.xcprivacy
IQKeyboardToolbarManager.framework/_CodeSignature/
IQKeyboardToolbarManager.framework/_CodeSignature/CodeResources

sent 795244 bytes  received 148 bytes  155959215 bytes/sec
total size is 794064  speedup is 1.00
Code Signing /Users/zhouming/Library/Developer/Xcode/DerivedData/falcon-gsoilikaxsflzjexzrtqkcenvrbo/Build/Products/Release-iphonesimulator/falcon.app/Frameworks/IQKeyboardToolbarManager.framework with Identity Sign to Run Locally
/usr/bin/codesign --force --sign -  --preserve-metadata=identifier,entitlements '/Users/zhouming/Library/Developer/Xcode/DerivedData/falcon-gsoilikaxsflzjexzrtqkcenvrbo/Build/Products/Release-iphonesimulator/falcon.app/Frameworks/IQKeyboardToolbarManager.framework'
/Users/zhouming/Library/Developer/Xcode/DerivedData/falcon-gsoilikaxsflzjexzrtqkcenvrbo/Build/Products/Release-iphonesimulator/falcon.app/Frameworks/IQKeyboardToolbarManager.framework: replacing existing signature
rsync --delete -av --filter P .*.?????? --links --filter "- CVS/" --filter "- .svn/" --filter "- .git/" --filter "- .hg/" --filter "- Headers" --filter "- PrivateHeaders" --filter "- Modules" "/Users/zhouming/Library/Developer/Xcode/DerivedData/falcon-gsoilikaxsflzjexzrtqkcenvrbo/Build/Products/Release-iphonesimulator/IQTextInputViewNotification/IQTextInputViewNotification.framework" "/Users/zhouming/Library/Developer/Xcode/DerivedData/falcon-gsoilikaxsflzjexzrtqkcenvrbo/Build/Products/Release-iphonesimulator/falcon.app/Frameworks"
Transfer starting: 8 files
IQTextInputViewNotification.framework/
IQTextInputViewNotification.framework/IQTextInputViewNotification
IQTextInputViewNotification.framework/Info.plist
IQTextInputViewNotification.framework/IQTextInputViewNotification.bundle/
IQTextInputViewNotification.framework/IQTextInputViewNotification.bundle/Info.plist
IQTextInputViewNotification.framework/IQTextInputViewNotification.bundle/PrivacyInfo.xcprivacy
IQTextInputViewNotification.framework/_CodeSignature/
IQTextInputViewNotification.framework/_CodeSignature/CodeResources

sent 500608 bytes  received 148 bytes  161534193 bytes/sec
total size is 499428  speedup is 1.00
Code Signing /Users/zhouming/Library/Developer/Xcode/DerivedData/falcon-gsoilikaxsflzjexzrtqkcenvrbo/Build/Products/Release-iphonesimulator/falcon.app/Frameworks/IQTextInputViewNotification.framework with Identity Sign to Run Locally
/usr/bin/codesign --force --sign -  --preserve-metadata=identifier,entitlements '/Users/zhouming/Library/Developer/Xcode/DerivedData/falcon-gsoilikaxsflzjexzrtqkcenvrbo/Build/Products/Release-iphonesimulator/falcon.app/Frameworks/IQTextInputViewNotification.framework'
/Users/zhouming/Library/Developer/Xcode/DerivedData/falcon-gsoilikaxsflzjexzrtqkcenvrbo/Build/Products/Release-iphonesimulator/falcon.app/Frameworks/IQTextInputViewNotification.framework: replacing existing signature
rsync --delete -av --filter P .*.?????? --links --filter "- CVS/" --filter "- .svn/" --filter "- .git/" --filter "- .hg/" --filter "- Headers" --filter "- PrivateHeaders" --filter "- Modules" "/Users/zhouming/Library/Developer/Xcode/DerivedData/falcon-gsoilikaxsflzjexzrtqkcenvrbo/Build/Products/Release-iphonesimulator/IQTextView/IQTextView.framework" "/Users/zhouming/Library/Developer/Xcode/DerivedData/falcon-gsoilikaxsflzjexzrtqkcenvrbo/Build/Products/Release-iphonesimulator/falcon.app/Frameworks"
Transfer starting: 8 files
IQTextView.framework/
IQTextView.framework/IQTextView
IQTextView.framework/Info.plist
IQTextView.framework/IQTextView.bundle/
IQTextView.framework/IQTextView.bundle/Info.plist
IQTextView.framework/IQTextView.bundle/PrivacyInfo.xcprivacy
IQTextView.framework/_CodeSignature/
IQTextView.framework/_CodeSignature/CodeResources

sent 408796 bytes  received 148 bytes  99742439 bytes/sec
total size is 407828  speedup is 1.00
Code Signing /Users/zhouming/Library/Developer/Xcode/DerivedData/falcon-gsoilikaxsflzjexzrtqkcenvrbo/Build/Products/Release-iphonesimulator/falcon.app/Frameworks/IQTextView.framework with Identity Sign to Run Locally
/usr/bin/codesign --force --sign -  --preserve-metadata=identifier,entitlements '/Users/zhouming/Library/Developer/Xcode/DerivedData/falcon-gsoilikaxsflzjexzrtqkcenvrbo/Build/Products/Release-iphonesimulator/falcon.app/Frameworks/IQTextView.framework'
/Users/zhouming/Library/Developer/Xcode/DerivedData/falcon-gsoilikaxsflzjexzrtqkcenvrbo/Build/Products/Release-iphonesimulator/falcon.app/Frameworks/IQTextView.framework: replacing existing signature
rsync --delete -av --filter P .*.?????? --links --filter "- CVS/" --filter "- .svn/" --filter "- .git/" --filter "- .hg/" --filter "- Headers" --filter "- PrivateHeaders" --filter "- Modules" "/Users/zhouming/Library/Developer/Xcode/DerivedData/falcon-gsoilikaxsflzjexzrtqkcenvrbo/Build/Products/Release-iphonesimulator/JXPagingView/JXPagingView.framework" "/Users/zhouming/Library/Developer/Xcode/DerivedData/falcon-gsoilikaxsflzjexzrtqkcenvrbo/Build/Products/Release-iphonesimulator/falcon.app/Frameworks"
Transfer starting: 8 files
JXPagingView.framework/
JXPagingView.framework/Info.plist
JXPagingView.framework/JXPagingView
JXPagingView.framework/JXPagingView.bundle/
JXPagingView.framework/JXPagingView.bundle/Info.plist
JXPagingView.framework/JXPagingView.bundle/PrivacyInfo.xcprivacy
JXPagingView.framework/_CodeSignature/
JXPagingView.framework/_CodeSignature/CodeResources

sent 1088700 bytes  received 148 bytes  178499672 bytes/sec
total size is 1087628  speedup is 1.00
Code Signing /Users/zhouming/Library/Developer/Xcode/DerivedData/falcon-gsoilikaxsflzjexzrtqkcenvrbo/Build/Products/Release-iphonesimulator/falcon.app/Frameworks/JXPagingView.framework with Identity Sign to Run Locally
/usr/bin/codesign --force --sign -  --preserve-metadata=identifier,entitlements '/Users/zhouming/Library/Developer/Xcode/DerivedData/falcon-gsoilikaxsflzjexzrtqkcenvrbo/Build/Products/Release-iphonesimulator/falcon.app/Frameworks/JXPagingView.framework'
/Users/zhouming/Library/Developer/Xcode/DerivedData/falcon-gsoilikaxsflzjexzrtqkcenvrbo/Build/Products/Release-iphonesimulator/falcon.app/Frameworks/JXPagingView.framework: replacing existing signature
rsync --delete -av --filter P .*.?????? --links --filter "- CVS/" --filter "- .svn/" --filter "- .git/" --filter "- .hg/" --filter "- Headers" --filter "- PrivateHeaders" --filter "- Modules" "/Users/zhouming/Library/Developer/Xcode/DerivedData/falcon-gsoilikaxsflzjexzrtqkcenvrbo/Build/Products/Release-iphonesimulator/JXSegmentedView/JXSegmentedView.framework" "/Users/zhouming/Library/Developer/Xcode/DerivedData/falcon-gsoilikaxsflzjexzrtqkcenvrbo/Build/Products/Release-iphonesimulator/falcon.app/Frameworks"
Transfer starting: 8 files
JXSegmentedView.framework/
JXSegmentedView.framework/Info.plist
JXSegmentedView.framework/JXSegmentedView
JXSegmentedView.framework/JXSegmentedView.bundle/
JXSegmentedView.framework/JXSegmentedView.bundle/Info.plist
JXSegmentedView.framework/JXSegmentedView.bundle/PrivacyInfo.xcprivacy
JXSegmentedView.framework/_CodeSignature/
JXSegmentedView.framework/_CodeSignature/CodeResources

sent 2627428 bytes  received 148 bytes  200578320 bytes/sec
total size is 2626132  speedup is 1.00
Code Signing /Users/zhouming/Library/Developer/Xcode/DerivedData/falcon-gsoilikaxsflzjexzrtqkcenvrbo/Build/Products/Release-iphonesimulator/falcon.app/Frameworks/JXSegmentedView.framework with Identity Sign to Run Locally
/usr/bin/codesign --force --sign -  --preserve-metadata=identifier,entitlements '/Users/zhouming/Library/Developer/Xcode/DerivedData/falcon-gsoilikaxsflzjexzrtqkcenvrbo/Build/Products/Release-iphonesimulator/falcon.app/Frameworks/JXSegmentedView.framework'
/Users/zhouming/Library/Developer/Xcode/DerivedData/falcon-gsoilikaxsflzjexzrtqkcenvrbo/Build/Products/Release-iphonesimulator/falcon.app/Frameworks/JXSegmentedView.framework: replacing existing signature
rsync --delete -av --filter P .*.?????? --links --filter "- CVS/" --filter "- .svn/" --filter "- .git/" --filter "- .hg/" --filter "- Headers" --filter "- PrivateHeaders" --filter "- Modules" "/Users/zhouming/Library/Developer/Xcode/DerivedData/falcon-gsoilikaxsflzjexzrtqkcenvrbo/Build/Products/Release-iphonesimulator/Kingfisher/Kingfisher.framework" "/Users/zhouming/Library/Developer/Xcode/DerivedData/falcon-gsoilikaxsflzjexzrtqkcenvrbo/Build/Products/Release-iphonesimulator/falcon.app/Frameworks"
Transfer starting: 8 files
Kingfisher.framework/
Kingfisher.framework/Info.plist
Kingfisher.framework/Kingfisher
Kingfisher.framework/Kingfisher.bundle/
Kingfisher.framework/Kingfisher.bundle/Info.plist
Kingfisher.framework/Kingfisher.bundle/PrivacyInfo.xcprivacy
Kingfisher.framework/_CodeSignature/
Kingfisher.framework/_CodeSignature/CodeResources

sent 7188074 bytes  received 148 bytes  210798299 bytes/sec
total size is 7186278  speedup is 1.00
Code Signing /Users/zhouming/Library/Developer/Xcode/DerivedData/falcon-gsoilikaxsflzjexzrtqkcenvrbo/Build/Products/Release-iphonesimulator/falcon.app/Frameworks/Kingfisher.framework with Identity Sign to Run Locally
/usr/bin/codesign --force --sign -  --preserve-metadata=identifier,entitlements '/Users/zhouming/Library/Developer/Xcode/DerivedData/falcon-gsoilikaxsflzjexzrtqkcenvrbo/Build/Products/Release-iphonesimulator/falcon.app/Frameworks/Kingfisher.framework'
/Users/zhouming/Library/Developer/Xcode/DerivedData/falcon-gsoilikaxsflzjexzrtqkcenvrbo/Build/Products/Release-iphonesimulator/falcon.app/Frameworks/Kingfisher.framework: replacing existing signature
rsync --delete -av --filter P .*.?????? --links --filter "- CVS/" --filter "- .svn/" --filter "- .git/" --filter "- .hg/" --filter "- Headers" --filter "- PrivateHeaders" --filter "- Modules" "/Users/zhouming/Library/Developer/Xcode/DerivedData/falcon-gsoilikaxsflzjexzrtqkcenvrbo/Build/Products/Release-iphonesimulator/MBProgressHUD/MBProgressHUD.framework" "/Users/zhouming/Library/Developer/Xcode/DerivedData/falcon-gsoilikaxsflzjexzrtqkcenvrbo/Build/Products/Release-iphonesimulator/falcon.app/Frameworks"
Transfer starting: 5 files
MBProgressHUD.framework/
MBProgressHUD.framework/Info.plist
MBProgressHUD.framework/MBProgressHUD
MBProgressHUD.framework/_CodeSignature/
MBProgressHUD.framework/_CodeSignature/CodeResources

sent 430016 bytes  received 98 bytes  138746451 bytes/sec
total size is 429346  speedup is 1.00
Code Signing /Users/zhouming/Library/Developer/Xcode/DerivedData/falcon-gsoilikaxsflzjexzrtqkcenvrbo/Build/Products/Release-iphonesimulator/falcon.app/Frameworks/MBProgressHUD.framework with Identity Sign to Run Locally
/usr/bin/codesign --force --sign -  --preserve-metadata=identifier,entitlements '/Users/zhouming/Library/Developer/Xcode/DerivedData/falcon-gsoilikaxsflzjexzrtqkcenvrbo/Build/Products/Release-iphonesimulator/falcon.app/Frameworks/MBProgressHUD.framework'
/Users/zhouming/Library/Developer/Xcode/DerivedData/falcon-gsoilikaxsflzjexzrtqkcenvrbo/Build/Products/Release-iphonesimulator/falcon.app/Frameworks/MBProgressHUD.framework: replacing existing signature
rsync --delete -av --filter P .*.?????? --links --filter "- CVS/" --filter "- .svn/" --filter "- .git/" --filter "- .hg/" --filter "- Headers" --filter "- PrivateHeaders" --filter "- Modules" "/Users/zhouming/Library/Developer/Xcode/DerivedData/falcon-gsoilikaxsflzjexzrtqkcenvrbo/Build/Products/Release-iphonesimulator/SnapKit/SnapKit.framework" "/Users/zhouming/Library/Developer/Xcode/DerivedData/falcon-gsoilikaxsflzjexzrtqkcenvrbo/Build/Products/Release-iphonesimulator/falcon.app/Frameworks"
Transfer starting: 8 files
SnapKit.framework/
SnapKit.framework/Info.plist
SnapKit.framework/SnapKit
SnapKit.framework/SnapKit_Privacy.bundle/
SnapKit.framework/SnapKit_Privacy.bundle/Info.plist
SnapKit.framework/SnapKit_Privacy.bundle/PrivacyInfo.xcprivacy
SnapKit.framework/_CodeSignature/
SnapKit.framework/_CodeSignature/CodeResources

sent 1181962 bytes  received 148 bytes  166494366 bytes/sec
total size is 1180914  speedup is 1.00
Code Signing /Users/zhouming/Library/Developer/Xcode/DerivedData/falcon-gsoilikaxsflzjexzrtqkcenvrbo/Build/Products/Release-iphonesimulator/falcon.app/Frameworks/SnapKit.framework with Identity Sign to Run Locally
/usr/bin/codesign --force --sign -  --preserve-metadata=identifier,entitlements '/Users/zhouming/Library/Developer/Xcode/DerivedData/falcon-gsoilikaxsflzjexzrtqkcenvrbo/Build/Products/Release-iphonesimulator/falcon.app/Frameworks/SnapKit.framework'
/Users/zhouming/Library/Developer/Xcode/DerivedData/falcon-gsoilikaxsflzjexzrtqkcenvrbo/Build/Products/Release-iphonesimulator/falcon.app/Frameworks/SnapKit.framework: replacing existing signature
rsync --delete -av --filter P .*.?????? --links --filter "- CVS/" --filter "- .svn/" --filter "- .git/" --filter "- .hg/" --filter "- Headers" --filter "- PrivateHeaders" --filter "- Modules" "/Users/zhouming/Library/Developer/Xcode/DerivedData/falcon-gsoilikaxsflzjexzrtqkcenvrbo/Build/Products/Release-iphonesimulator/Toast/Toast.framework" "/Users/zhouming/Library/Developer/Xcode/DerivedData/falcon-gsoilikaxsflzjexzrtqkcenvrbo/Build/Products/Release-iphonesimulator/falcon.app/Frameworks"
Transfer starting: 8 files
Toast.framework/
Toast.framework/Info.plist
Toast.framework/Toast
Toast.framework/Toast.bundle/
Toast.framework/Toast.bundle/Info.plist
Toast.framework/Toast.bundle/PrivacyInfo.xcprivacy
Toast.framework/_CodeSignature/
Toast.framework/_CodeSignature/CodeResources

sent 366245 bytes  received 148 bytes  118191290 bytes/sec
total size is 365345  speedup is 1.00
Code Signing /Users/zhouming/Library/Developer/Xcode/DerivedData/falcon-gsoilikaxsflzjexzrtqkcenvrbo/Build/Products/Release-iphonesimulator/falcon.app/Frameworks/Toast.framework with Identity Sign to Run Locally
/usr/bin/codesign --force --sign -  --preserve-metadata=identifier,entitlements '/Users/zhouming/Library/Developer/Xcode/DerivedData/falcon-gsoilikaxsflzjexzrtqkcenvrbo/Build/Products/Release-iphonesimulator/falcon.app/Frameworks/Toast.framework'
/Users/zhouming/Library/Developer/Xcode/DerivedData/falcon-gsoilikaxsflzjexzrtqkcenvrbo/Build/Products/Release-iphonesimulator/falcon.app/Frameworks/Toast.framework: replacing existing signature
rsync --delete -av --filter P .*.?????? --links --filter "- CVS/" --filter "- .svn/" --filter "- .git/" --filter "- .hg/" --filter "- Headers" --filter "- PrivateHeaders" --filter "- Modules" "/Users/zhouming/Library/Developer/Xcode/DerivedData/falcon-gsoilikaxsflzjexzrtqkcenvrbo/Build/Products/Release-iphonesimulator/YQKingfisher/YQKingfisher.framework" "/Users/zhouming/Library/Developer/Xcode/DerivedData/falcon-gsoilikaxsflzjexzrtqkcenvrbo/Build/Products/Release-iphonesimulator/falcon.app/Frameworks"
Transfer starting: 5 files
YQKingfisher.framework/
YQKingfisher.framework/Info.plist
YQKingfisher.framework/YQKingfisher
YQKingfisher.framework/_CodeSignature/
YQKingfisher.framework/_CodeSignature/CodeResources

sent 4932052 bytes  received 98 bytes  204653526 bytes/sec
total size is 4930840  speedup is 1.00
Code Signing /Users/zhouming/Library/Developer/Xcode/DerivedData/falcon-gsoilikaxsflzjexzrtqkcenvrbo/Build/Products/Release-iphonesimulator/falcon.app/Frameworks/YQKingfisher.framework with Identity Sign to Run Locally
/usr/bin/codesign --force --sign -  --preserve-metadata=identifier,entitlements '/Users/zhouming/Library/Developer/Xcode/DerivedData/falcon-gsoilikaxsflzjexzrtqkcenvrbo/Build/Products/Release-iphonesimulator/falcon.app/Frameworks/YQKingfisher.framework'
/Users/zhouming/Library/Developer/Xcode/DerivedData/falcon-gsoilikaxsflzjexzrtqkcenvrbo/Build/Products/Release-iphonesimulator/falcon.app/Frameworks/YQKingfisher.framework: replacing existing signature
rsync --delete -av --filter P .*.?????? --links --filter "- CVS/" --filter "- .svn/" --filter "- .git/" --filter "- .hg/" --filter "- Headers" --filter "- PrivateHeaders" --filter "- Modules" "/Users/zhouming/Library/Developer/Xcode/DerivedData/falcon-gsoilikaxsflzjexzrtqkcenvrbo/Build/Products/Release-iphonesimulator/YQPhotoBrowser/YQPhotoBrowser.framework" "/Users/zhouming/Library/Developer/Xcode/DerivedData/falcon-gsoilikaxsflzjexzrtqkcenvrbo/Build/Products/Release-iphonesimulator/falcon.app/Frameworks"
Transfer starting: 8 files
YQPhotoBrowser.framework/
YQPhotoBrowser.framework/Info.plist
YQPhotoBrowser.framework/YQPhotoBrowser
YQPhotoBrowser.framework/YQPhotoBrowser.bundle/
YQPhotoBrowser.framework/YQPhotoBrowser.bundle/Assets.car
YQPhotoBrowser.framework/YQPhotoBrowser.bundle/Info.plist
YQPhotoBrowser.framework/_CodeSignature/
YQPhotoBrowser.framework/_CodeSignature/CodeResources

sent 1090478 bytes  received 148 bytes  178791147 bytes/sec
total size is 1089393  speedup is 1.00
Code Signing /Users/zhouming/Library/Developer/Xcode/DerivedData/falcon-gsoilikaxsflzjexzrtqkcenvrbo/Build/Products/Release-iphonesimulator/falcon.app/Frameworks/YQPhotoBrowser.framework with Identity Sign to Run Locally
/usr/bin/codesign --force --sign -  --preserve-metadata=identifier,entitlements '/Users/zhouming/Library/Developer/Xcode/DerivedData/falcon-gsoilikaxsflzjexzrtqkcenvrbo/Build/Products/Release-iphonesimulator/falcon.app/Frameworks/YQPhotoBrowser.framework'
/Users/zhouming/Library/Developer/Xcode/DerivedData/falcon-gsoilikaxsflzjexzrtqkcenvrbo/Build/Products/Release-iphonesimulator/falcon.app/Frameworks/YQPhotoBrowser.framework: replacing existing signature
rsync --delete -av --filter P .*.?????? --links --filter "- CVS/" --filter "- .svn/" --filter "- .git/" --filter "- .hg/" --filter "- Headers" --filter "- PrivateHeaders" --filter "- Modules" "/Users/zhouming/Library/Developer/Xcode/DerivedData/falcon-gsoilikaxsflzjexzrtqkcenvrbo/Build/Products/Release-iphonesimulator/YYCache/YYCache.framework" "/Users/zhouming/Library/Developer/Xcode/DerivedData/falcon-gsoilikaxsflzjexzrtqkcenvrbo/Build/Products/Release-iphonesimulator/falcon.app/Frameworks"
Transfer starting: 5 files
YYCache.framework/
YYCache.framework/Info.plist
YYCache.framework/YYCache
YYCache.framework/_CodeSignature/
YYCache.framework/_CodeSignature/CodeResources

sent 585112 bytes  received 98 bytes  188777419 bytes/sec
total size is 584462  speedup is 1.00
Code Signing /Users/zhouming/Library/Developer/Xcode/DerivedData/falcon-gsoilikaxsflzjexzrtqkcenvrbo/Build/Products/Release-iphonesimulator/falcon.app/Frameworks/YYCache.framework with Identity Sign to Run Locally
/usr/bin/codesign --force --sign -  --preserve-metadata=identifier,entitlements '/Users/zhouming/Library/Developer/Xcode/DerivedData/falcon-gsoilikaxsflzjexzrtqkcenvrbo/Build/Products/Release-iphonesimulator/falcon.app/Frameworks/YYCache.framework'
/Users/zhouming/Library/Developer/Xcode/DerivedData/falcon-gsoilikaxsflzjexzrtqkcenvrbo/Build/Products/Release-iphonesimulator/falcon.app/Frameworks/YYCache.framework: replacing existing signature
rsync --delete -av --filter P .*.?????? --links --filter "- CVS/" --filter "- .svn/" --filter "- .git/" --filter "- .hg/" --filter "- Headers" --filter "- PrivateHeaders" --filter "- Modules" "/Users/zhouming/Library/Developer/Xcode/DerivedData/falcon-gsoilikaxsflzjexzrtqkcenvrbo/Build/Products/Release-iphonesimulator/YYText/YYText.framework" "/Users/zhouming/Library/Developer/Xcode/DerivedData/falcon-gsoilikaxsflzjexzrtqkcenvrbo/Build/Products/Release-iphonesimulator/falcon.app/Frameworks"
Transfer starting: 5 files
YYText.framework/
YYText.framework/Info.plist
YYText.framework/YYText
YYText.framework/_CodeSignature/
YYText.framework/_CodeSignature/CodeResources

sent 2732444 bytes  received 98 bytes  208590992 bytes/sec
total size is 2731536  speedup is 1.00
Code Signing /Users/zhouming/Library/Developer/Xcode/DerivedData/falcon-gsoilikaxsflzjexzrtqkcenvrbo/Build/Products/Release-iphonesimulator/falcon.app/Frameworks/YYText.framework with Identity Sign to Run Locally
/usr/bin/codesign --force --sign -  --preserve-metadata=identifier,entitlements '/Users/zhouming/Library/Developer/Xcode/DerivedData/falcon-gsoilikaxsflzjexzrtqkcenvrbo/Build/Products/Release-iphonesimulator/falcon.app/Frameworks/YYText.framework'
/Users/zhouming/Library/Developer/Xcode/DerivedData/falcon-gsoilikaxsflzjexzrtqkcenvrbo/Build/Products/Release-iphonesimulator/falcon.app/Frameworks/YYText.framework: replacing existing signature
rsync --delete -av --filter P .*.?????? --links --filter "- CVS/" --filter "- .svn/" --filter "- .git/" --filter "- .hg/" --filter "- Headers" --filter "- PrivateHeaders" --filter "- Modules" "/Users/zhouming/Library/Developer/Xcode/DerivedData/falcon-gsoilikaxsflzjexzrtqkcenvrbo/Build/Products/Release-iphonesimulator/ZLPhotoBrowser/ZLPhotoBrowser.framework" "/Users/zhouming/Library/Developer/Xcode/DerivedData/falcon-gsoilikaxsflzjexzrtqkcenvrbo/Build/Products/Release-iphonesimulator/falcon.app/Frameworks"
Transfer starting: 170 files
ZLPhotoBrowser.framework/
ZLPhotoBrowser.framework/Info.plist
ZLPhotoBrowser.framework/ZLPhotoBrowser
ZLPhotoBrowser.framework/ZLPhotoBrowser.bundle/
ZLPhotoBrowser.framework/ZLPhotoBrowser.bundle/zl_ablumList_arrow@2x.png
ZLPhotoBrowser.framework/ZLPhotoBrowser.bundle/zl_ablumList_arrow@3x.png
ZLPhotoBrowser.framework/ZLPhotoBrowser.bundle/zl_addPhoto@2x.png
ZLPhotoBrowser.framework/ZLPhotoBrowser.bundle/zl_addPhoto@3x.png
ZLPhotoBrowser.framework/ZLPhotoBrowser.bundle/zl_adjust@2x.png
ZLPhotoBrowser.framework/ZLPhotoBrowser.bundle/zl_adjust@3x.png
ZLPhotoBrowser.framework/ZLPhotoBrowser.bundle/zl_adjust_selected@2x.png
ZLPhotoBrowser.framework/ZLPhotoBrowser.bundle/zl_adjust_selected@3x.png
ZLPhotoBrowser.framework/ZLPhotoBrowser.bundle/zl_albumSelect@2x.png
ZLPhotoBrowser.framework/ZLPhotoBrowser.bundle/zl_albumSelect@3x.png
ZLPhotoBrowser.framework/ZLPhotoBrowser.bundle/zl_arrow_down@2x.png
ZLPhotoBrowser.framework/ZLPhotoBrowser.bundle/zl_arrow_down@3x.png
ZLPhotoBrowser.framework/ZLPhotoBrowser.bundle/zl_ashbin@2x.png
ZLPhotoBrowser.framework/ZLPhotoBrowser.bundle/zl_ashbin@3x.png
ZLPhotoBrowser.framework/ZLPhotoBrowser.bundle/zl_ashbin_open@2x.png
ZLPhotoBrowser.framework/ZLPhotoBrowser.bundle/zl_ashbin_open@3x.png
ZLPhotoBrowser.framework/ZLPhotoBrowser.bundle/zl_brightness@2x.png
ZLPhotoBrowser.framework/ZLPhotoBrowser.bundle/zl_brightness@3x.png
ZLPhotoBrowser.framework/ZLPhotoBrowser.bundle/zl_brightness_selected@2x.png
ZLPhotoBrowser.framework/ZLPhotoBrowser.bundle/zl_brightness_selected@3x.png
ZLPhotoBrowser.framework/ZLPhotoBrowser.bundle/zl_btn_original_circle@2x.png
ZLPhotoBrowser.framework/ZLPhotoBrowser.bundle/zl_btn_original_circle@3x.png
ZLPhotoBrowser.framework/ZLPhotoBrowser.bundle/zl_btn_original_selected@2x.png
ZLPhotoBrowser.framework/ZLPhotoBrowser.bundle/zl_btn_original_selected@3x.png
ZLPhotoBrowser.framework/ZLPhotoBrowser.bundle/zl_btn_selected@2x.png
ZLPhotoBrowser.framework/ZLPhotoBrowser.bundle/zl_btn_selected@3x.png
ZLPhotoBrowser.framework/ZLPhotoBrowser.bundle/zl_btn_unselected@2x.png
ZLPhotoBrowser.framework/ZLPhotoBrowser.bundle/zl_btn_unselected@3x.png
ZLPhotoBrowser.framework/ZLPhotoBrowser.bundle/zl_btn_unselected_with_check@2x.png
ZLPhotoBrowser.framework/ZLPhotoBrowser.bundle/zl_btn_unselected_with_check@3x.png
ZLPhotoBrowser.framework/ZLPhotoBrowser.bundle/zl_camera_close@2x.png
ZLPhotoBrowser.framework/ZLPhotoBrowser.bundle/zl_camera_close@3x.png
ZLPhotoBrowser.framework/ZLPhotoBrowser.bundle/zl_clip@2x.png
ZLPhotoBrowser.framework/ZLPhotoBrowser.bundle/zl_clip@3x.png
ZLPhotoBrowser.framework/ZLPhotoBrowser.bundle/zl_close@2x.png
ZLPhotoBrowser.framework/ZLPhotoBrowser.bundle/zl_close@3x.png
ZLPhotoBrowser.framework/ZLPhotoBrowser.bundle/zl_contrast@2x.png
ZLPhotoBrowser.framework/ZLPhotoBrowser.bundle/zl_contrast@3x.png
ZLPhotoBrowser.framework/ZLPhotoBrowser.bundle/zl_contrast_selected@2x.png
ZLPhotoBrowser.framework/ZLPhotoBrowser.bundle/zl_contrast_selected@3x.png
ZLPhotoBrowser.framework/ZLPhotoBrowser.bundle/zl_defaultphoto.png
ZLPhotoBrowser.framework/ZLPhotoBrowser.bundle/zl_downArrow@2x.png
ZLPhotoBrowser.framework/ZLPhotoBrowser.bundle/zl_downArrow@3x.png
ZLPhotoBrowser.framework/ZLPhotoBrowser.bundle/zl_drawLine@2x.png
ZLPhotoBrowser.framework/ZLPhotoBrowser.bundle/zl_drawLine@3x.png
ZLPhotoBrowser.framework/ZLPhotoBrowser.bundle/zl_drawLine_selected@2x.png
ZLPhotoBrowser.framework/ZLPhotoBrowser.bundle/zl_drawLine_selected@3x.png
ZLPhotoBrowser.framework/ZLPhotoBrowser.bundle/zl_editImage_tag@2x.png
ZLPhotoBrowser.framework/ZLPhotoBrowser.bundle/zl_editImage_tag@3x.png
ZLPhotoBrowser.framework/ZLPhotoBrowser.bundle/zl_eraser@2x.png
ZLPhotoBrowser.framework/ZLPhotoBrowser.bundle/zl_eraser@3x.png
ZLPhotoBrowser.framework/ZLPhotoBrowser.bundle/zl_eraser_circle@2x.png
ZLPhotoBrowser.framework/ZLPhotoBrowser.bundle/zl_eraser_circle@3x.png
ZLPhotoBrowser.framework/ZLPhotoBrowser.bundle/zl_filter@2x.png
ZLPhotoBrowser.framework/ZLPhotoBrowser.bundle/zl_filter@3x.png
ZLPhotoBrowser.framework/ZLPhotoBrowser.bundle/zl_filter_selected@2x.png
ZLPhotoBrowser.framework/ZLPhotoBrowser.bundle/zl_filter_selected@3x.png
ZLPhotoBrowser.framework/ZLPhotoBrowser.bundle/zl_flash_off@2x.png
ZLPhotoBrowser.framework/ZLPhotoBrowser.bundle/zl_flash_off@3x.png
ZLPhotoBrowser.framework/ZLPhotoBrowser.bundle/zl_flash_on@2x.png
ZLPhotoBrowser.framework/ZLPhotoBrowser.bundle/zl_flash_on@3x.png
ZLPhotoBrowser.framework/ZLPhotoBrowser.bundle/zl_focus@2x.png
ZLPhotoBrowser.framework/ZLPhotoBrowser.bundle/zl_focus@3x.png
ZLPhotoBrowser.framework/ZLPhotoBrowser.bundle/zl_ic_left@2x.png
ZLPhotoBrowser.framework/ZLPhotoBrowser.bundle/zl_ic_left@3x.png
ZLPhotoBrowser.framework/ZLPhotoBrowser.bundle/zl_ic_right@2x.png
ZLPhotoBrowser.framework/ZLPhotoBrowser.bundle/zl_ic_right@3x.png
ZLPhotoBrowser.framework/ZLPhotoBrowser.bundle/zl_imageSticker@2x.png
ZLPhotoBrowser.framework/ZLPhotoBrowser.bundle/zl_imageSticker@3x.png
ZLPhotoBrowser.framework/ZLPhotoBrowser.bundle/zl_input_font@2x.png
ZLPhotoBrowser.framework/ZLPhotoBrowser.bundle/zl_input_font@3x.png
ZLPhotoBrowser.framework/ZLPhotoBrowser.bundle/zl_input_font_bg@2x.png
ZLPhotoBrowser.framework/ZLPhotoBrowser.bundle/zl_input_font_bg@3x.png
ZLPhotoBrowser.framework/ZLPhotoBrowser.bundle/zl_livePhoto@2x.png
ZLPhotoBrowser.framework/ZLPhotoBrowser.bundle/zl_livePhoto@3x.png
ZLPhotoBrowser.framework/ZLPhotoBrowser.bundle/zl_loading_dark@2x.png
ZLPhotoBrowser.framework/ZLPhotoBrowser.bundle/zl_loading_dark@3x.png
ZLPhotoBrowser.framework/ZLPhotoBrowser.bundle/zl_loading_light@2x.png
ZLPhotoBrowser.framework/ZLPhotoBrowser.bundle/zl_loading_light@3x.png
ZLPhotoBrowser.framework/ZLPhotoBrowser.bundle/zl_mosaic@2x.png
ZLPhotoBrowser.framework/ZLPhotoBrowser.bundle/zl_mosaic@3x.png
ZLPhotoBrowser.framework/ZLPhotoBrowser.bundle/zl_mosaic_selected@2x.png
ZLPhotoBrowser.framework/ZLPhotoBrowser.bundle/zl_mosaic_selected@3x.png
ZLPhotoBrowser.framework/ZLPhotoBrowser.bundle/zl_navBack@2x.png
ZLPhotoBrowser.framework/ZLPhotoBrowser.bundle/zl_navBack@3x.png
ZLPhotoBrowser.framework/ZLPhotoBrowser.bundle/zl_navClose@2x.png
ZLPhotoBrowser.framework/ZLPhotoBrowser.bundle/zl_navClose@3x.png
ZLPhotoBrowser.framework/ZLPhotoBrowser.bundle/zl_pauseButtonWhite@2x.png
ZLPhotoBrowser.framework/ZLPhotoBrowser.bundle/zl_pauseButtonWhite@3x.png
ZLPhotoBrowser.framework/ZLPhotoBrowser.bundle/zl_playButtonWhite@2x.png
ZLPhotoBrowser.framework/ZLPhotoBrowser.bundle/zl_playButtonWhite@3x.png
ZLPhotoBrowser.framework/ZLPhotoBrowser.bundle/zl_playVideo@2x.png
ZLPhotoBrowser.framework/ZLPhotoBrowser.bundle/zl_playVideo@3x.png
ZLPhotoBrowser.framework/ZLPhotoBrowser.bundle/zl_redo@2x.png
ZLPhotoBrowser.framework/ZLPhotoBrowser.bundle/zl_redo@3x.png
ZLPhotoBrowser.framework/ZLPhotoBrowser.bundle/zl_redo_disable@2x.png
ZLPhotoBrowser.framework/ZLPhotoBrowser.bundle/zl_redo_disable@3x.png
ZLPhotoBrowser.framework/ZLPhotoBrowser.bundle/zl_retake@2x.png
ZLPhotoBrowser.framework/ZLPhotoBrowser.bundle/zl_retake@3x.png
ZLPhotoBrowser.framework/ZLPhotoBrowser.bundle/zl_right@2x.png
ZLPhotoBrowser.framework/ZLPhotoBrowser.bundle/zl_right@3x.png
ZLPhotoBrowser.framework/ZLPhotoBrowser.bundle/zl_right_arrow@2x.png
ZLPhotoBrowser.framework/ZLPhotoBrowser.bundle/zl_right_arrow@3x.png
ZLPhotoBrowser.framework/ZLPhotoBrowser.bundle/zl_rotateimage@2x.png
ZLPhotoBrowser.framework/ZLPhotoBrowser.bundle/zl_rotateimage@3x.png
ZLPhotoBrowser.framework/ZLPhotoBrowser.bundle/zl_saturation@2x.png
ZLPhotoBrowser.framework/ZLPhotoBrowser.bundle/zl_saturation@3x.png
ZLPhotoBrowser.framework/ZLPhotoBrowser.bundle/zl_saturation_selected@2x.png
ZLPhotoBrowser.framework/ZLPhotoBrowser.bundle/zl_saturation_selected@3x.png
ZLPhotoBrowser.framework/ZLPhotoBrowser.bundle/zl_shadow@2x.png
ZLPhotoBrowser.framework/ZLPhotoBrowser.bundle/zl_shadow@3x.png
ZLPhotoBrowser.framework/ZLPhotoBrowser.bundle/zl_takePhoto@2x.png
ZLPhotoBrowser.framework/ZLPhotoBrowser.bundle/zl_takePhoto@3x.png
ZLPhotoBrowser.framework/ZLPhotoBrowser.bundle/zl_textSticker@2x.png
ZLPhotoBrowser.framework/ZLPhotoBrowser.bundle/zl_textSticker@3x.png
ZLPhotoBrowser.framework/ZLPhotoBrowser.bundle/zl_toggle_camera@2x.png
ZLPhotoBrowser.framework/ZLPhotoBrowser.bundle/zl_toggle_camera@3x.png
ZLPhotoBrowser.framework/ZLPhotoBrowser.bundle/zl_undo@2x.png
ZLPhotoBrowser.framework/ZLPhotoBrowser.bundle/zl_undo@3x.png
ZLPhotoBrowser.framework/ZLPhotoBrowser.bundle/zl_undo_disable@2x.png
ZLPhotoBrowser.framework/ZLPhotoBrowser.bundle/zl_undo_disable@3x.png
ZLPhotoBrowser.framework/ZLPhotoBrowser.bundle/zl_video@2x.png
ZLPhotoBrowser.framework/ZLPhotoBrowser.bundle/zl_video@3x.png
ZLPhotoBrowser.framework/ZLPhotoBrowser.bundle/zl_videoLoadFailed@2x.png
ZLPhotoBrowser.framework/ZLPhotoBrowser.bundle/zl_videoLoadFailed@3x.png
ZLPhotoBrowser.framework/ZLPhotoBrowser.bundle/zl_warning@2x.png
ZLPhotoBrowser.framework/ZLPhotoBrowser.bundle/zl_warning@3x.png
ZLPhotoBrowser.framework/ZLPhotoBrowser.bundle/ar.lproj/
ZLPhotoBrowser.framework/ZLPhotoBrowser.bundle/ar.lproj/Localizable.strings
ZLPhotoBrowser.framework/ZLPhotoBrowser.bundle/de.lproj/
ZLPhotoBrowser.framework/ZLPhotoBrowser.bundle/de.lproj/Localizable.strings
ZLPhotoBrowser.framework/ZLPhotoBrowser.bundle/en.lproj/
ZLPhotoBrowser.framework/ZLPhotoBrowser.bundle/en.lproj/Localizable.strings
ZLPhotoBrowser.framework/ZLPhotoBrowser.bundle/es-419.lproj/
ZLPhotoBrowser.framework/ZLPhotoBrowser.bundle/es-419.lproj/Localizable.strings
ZLPhotoBrowser.framework/ZLPhotoBrowser.bundle/fr.lproj/
ZLPhotoBrowser.framework/ZLPhotoBrowser.bundle/fr.lproj/Localizable.strings
ZLPhotoBrowser.framework/ZLPhotoBrowser.bundle/id.lproj/
ZLPhotoBrowser.framework/ZLPhotoBrowser.bundle/id.lproj/Localizable.strings
ZLPhotoBrowser.framework/ZLPhotoBrowser.bundle/it.lproj/
ZLPhotoBrowser.framework/ZLPhotoBrowser.bundle/it.lproj/Localizable.strings
ZLPhotoBrowser.framework/ZLPhotoBrowser.bundle/ja-US.lproj/
ZLPhotoBrowser.framework/ZLPhotoBrowser.bundle/ja-US.lproj/Localizable.strings
ZLPhotoBrowser.framework/ZLPhotoBrowser.bundle/ko.lproj/
ZLPhotoBrowser.framework/ZLPhotoBrowser.bundle/ko.lproj/Localizable.strings
ZLPhotoBrowser.framework/ZLPhotoBrowser.bundle/ms.lproj/
ZLPhotoBrowser.framework/ZLPhotoBrowser.bundle/ms.lproj/Localizable.strings
ZLPhotoBrowser.framework/ZLPhotoBrowser.bundle/nl.lproj/
ZLPhotoBrowser.framework/ZLPhotoBrowser.bundle/nl.lproj/Localizable.strings
ZLPhotoBrowser.framework/ZLPhotoBrowser.bundle/pt-BR.lproj/
ZLPhotoBrowser.framework/ZLPhotoBrowser.bundle/pt-BR.lproj/Localizable.strings
ZLPhotoBrowser.framework/ZLPhotoBrowser.bundle/ru.lproj/
ZLPhotoBrowser.framework/ZLPhotoBrowser.bundle/ru.lproj/Localizable.strings
ZLPhotoBrowser.framework/ZLPhotoBrowser.bundle/tr.lproj/
ZLPhotoBrowser.framework/ZLPhotoBrowser.bundle/tr.lproj/Localizable.strings
ZLPhotoBrowser.framework/ZLPhotoBrowser.bundle/vi.lproj/
ZLPhotoBrowser.framework/ZLPhotoBrowser.bundle/vi.lproj/Localizable.strings
ZLPhotoBrowser.framework/ZLPhotoBrowser.bundle/zh-Hans.lproj/
ZLPhotoBrowser.framework/ZLPhotoBrowser.bundle/zh-Hans.lproj/Localizable.strings
ZLPhotoBrowser.framework/ZLPhotoBrowser.bundle/zh-Hant.lproj/
ZLPhotoBrowser.framework/ZLPhotoBrowser.bundle/zh-Hant.lproj/Localizable.strings
ZLPhotoBrowser.framework/ZLPhotoBrowser_Privacy.bundle/
ZLPhotoBrowser.framework/ZLPhotoBrowser_Privacy.bundle/Info.plist
ZLPhotoBrowser.framework/ZLPhotoBrowser_Privacy.bundle/PrivacyInfo.xcprivacy
ZLPhotoBrowser.framework/_CodeSignature/
ZLPhotoBrowser.framework/_CodeSignature/CodeResources

sent 10668464 bytes  received 3424 bytes  142102370 bytes/sec
total size is 10644524  speedup is 1.00
Code Signing /Users/zhouming/Library/Developer/Xcode/DerivedData/falcon-gsoilikaxsflzjexzrtqkcenvrbo/Build/Products/Release-iphonesimulator/falcon.app/Frameworks/ZLPhotoBrowser.framework with Identity Sign to Run Locally
/usr/bin/codesign --force --sign -  --preserve-metadata=identifier,entitlements '/Users/zhouming/Library/Developer/Xcode/DerivedData/falcon-gsoilikaxsflzjexzrtqkcenvrbo/Build/Products/Release-iphonesimulator/falcon.app/Frameworks/ZLPhotoBrowser.framework'
/Users/zhouming/Library/Developer/Xcode/DerivedData/falcon-gsoilikaxsflzjexzrtqkcenvrbo/Build/Products/Release-iphonesimulator/falcon.app/Frameworks/ZLPhotoBrowser.framework: replacing existing signature
rsync --delete -av --filter P .*.?????? --links --filter "- CVS/" --filter "- .svn/" --filter "- .git/" --filter "- .hg/" --filter "- Headers" --filter "- PrivateHeaders" --filter "- Modules" "/Users/zhouming/Library/Developer/Xcode/DerivedData/falcon-gsoilikaxsflzjexzrtqkcenvrbo/Build/Products/Release-iphonesimulator/lottie-ios/Lottie.framework" "/Users/zhouming/Library/Developer/Xcode/DerivedData/falcon-gsoilikaxsflzjexzrtqkcenvrbo/Build/Products/Release-iphonesimulator/falcon.app/Frameworks"
Transfer starting: 8 files
Lottie.framework/
Lottie.framework/Info.plist
Lottie.framework/Lottie
Lottie.framework/LottiePrivacyInfo.bundle/
Lottie.framework/LottiePrivacyInfo.bundle/Info.plist
Lottie.framework/LottiePrivacyInfo.bundle/PrivacyInfo.xcprivacy
Lottie.framework/_CodeSignature/
Lottie.framework/_CodeSignature/CodeResources

sent 13067491 bytes  received 148 bytes  217431597 bytes/sec
total size is 13064994  speedup is 1.00
Code Signing /Users/zhouming/Library/Developer/Xcode/DerivedData/falcon-gsoilikaxsflzjexzrtqkcenvrbo/Build/Products/Release-iphonesimulator/falcon.app/Frameworks/Lottie.framework with Identity Sign to Run Locally
/usr/bin/codesign --force --sign -  --preserve-metadata=identifier,entitlements '/Users/zhouming/Library/Developer/Xcode/DerivedData/falcon-gsoilikaxsflzjexzrtqkcenvrbo/Build/Products/Release-iphonesimulator/falcon.app/Frameworks/Lottie.framework'
/Users/zhouming/Library/Developer/Xcode/DerivedData/falcon-gsoilikaxsflzjexzrtqkcenvrbo/Build/Products/Release-iphonesimulator/falcon.app/Frameworks/Lottie.framework: replacing existing signature

PhaseScriptExecution [CP]\ Copy\ Pods\ Resources /Users/zhouming/Library/Developer/Xcode/DerivedData/falcon-gsoilikaxsflzjexzrtqkcenvrbo/Build/Intermediates.noindex/falcon.build/Release-iphonesimulator/falcon.build/Script-5821056D0FBF83574C4F3620.sh (in target 'falcon' from project 'falcon')
    cd /Users/zhouming/Desktop/falcon
    /bin/sh -c /Users/zhouming/Library/Developer/Xcode/DerivedData/falcon-gsoilikaxsflzjexzrtqkcenvrbo/Build/Intermediates.noindex/falcon.build/Release-iphonesimulator/falcon.build/Script-5821056D0FBF83574C4F3620.sh
/Users/zhouming/Library/Developer/Xcode/DerivedData/falcon-gsoilikaxsflzjexzrtqkcenvrbo/Build/Products/Release-iphonesimulator/KSPlayer/KSPlayer_KSPlayer.bundle
Transfer starting: 4 files
KSPlayer_KSPlayer.bundle/
KSPlayer_KSPlayer.bundle/Info.plist
KSPlayer_KSPlayer.bundle/Shaders.dat
KSPlayer_KSPlayer.bundle/default.metallib

sent 25583 bytes  received 92 bytes  12226190 bytes/sec
total size is 25151  speedup is 0.98

CopySwiftLibs /Users/zhouming/Library/Developer/Xcode/DerivedData/falcon-gsoilikaxsflzjexzrtqkcenvrbo/Build/Products/Release-iphonesimulator/falcon.app (in target 'falcon' from project 'falcon')
    cd /Users/zhouming/Desktop/falcon
    builtin-swiftStdLibTool --copy --verbose --sign - --scan-executable /Users/zhouming/Library/Developer/Xcode/DerivedData/falcon-gsoilikaxsflzjexzrtqkcenvrbo/Build/Products/Release-iphonesimulator/falcon.app/falcon --scan-folder /Users/zhouming/Library/Developer/Xcode/DerivedData/falcon-gsoilikaxsflzjexzrtqkcenvrbo/Build/Products/Release-iphonesimulator/falcon.app/Frameworks --scan-folder /Users/zhouming/Library/Developer/Xcode/DerivedData/falcon-gsoilikaxsflzjexzrtqkcenvrbo/Build/Products/Release-iphonesimulator/falcon.app/PlugIns --scan-folder /Users/zhouming/Library/Developer/Xcode/DerivedData/falcon-gsoilikaxsflzjexzrtqkcenvrbo/Build/Products/Release-iphonesimulator/falcon.app/SystemExtensions --scan-folder /Users/zhouming/Library/Developer/Xcode/DerivedData/falcon-gsoilikaxsflzjexzrtqkcenvrbo/Build/Products/Release-iphonesimulator/falcon.app/Extensions --scan-folder /Users/zhouming/Library/Developer/Xcode/DerivedData/falcon-gsoilikaxsflzjexzrtqkcenvrbo/Build/Products/Release-iphonesimulator/Pods_falcon.framework --platform iphonesimulator --toolchain /var/run/com.apple.security.cryptexd/mnt/com.apple.MobileAsset.MetalToolchain-v17.1.324.0.BoBwdl/Metal.xctoolchain --toolchain /Applications/Xcode.app/Contents/Developer/Toolchains/XcodeDefault.xctoolchain --destination /Users/zhouming/Library/Developer/Xcode/DerivedData/falcon-gsoilikaxsflzjexzrtqkcenvrbo/Build/Products/Release-iphonesimulator/falcon.app/Frameworks --strip-bitcode --strip-bitcode-tool /Applications/Xcode.app/Contents/Developer/Toolchains/XcodeDefault.xctoolchain/usr/bin/bitcode_strip --emit-dependency-info /Users/zhouming/Library/Developer/Xcode/DerivedData/falcon-gsoilikaxsflzjexzrtqkcenvrbo/Build/Intermediates.noindex/falcon.build/Release-iphonesimulator/falcon.build/SwiftStdLibToolInputDependencies.dep --filter-for-swift-os --back-deploy-swift-span

ExtractAppIntentsMetadata (in target 'falcon' from project 'falcon')
    cd /Users/zhouming/Desktop/falcon
    /Applications/Xcode.app/Contents/Developer/Toolchains/XcodeDefault.xctoolchain/usr/bin/appintentsmetadataprocessor --toolchain-dir /var/run/com.apple.security.cryptexd/mnt/com.apple.MobileAsset.MetalToolchain-v17.1.324.0.BoBwdl/Metal.xctoolchain --module-name falcon --sdk-root /Applications/Xcode.app/Contents/Developer/Platforms/iPhoneSimulator.platform/Developer/SDKs/iPhoneSimulator26.0.sdk --xcode-version 17A400 --platform-family iOS --deployment-target 15.5 --bundle-identifier com.ss.ringdemo.falcon --output /Users/zhouming/Library/Developer/Xcode/DerivedData/falcon-gsoilikaxsflzjexzrtqkcenvrbo/Build/Products/Release-iphonesimulator/falcon.app --target-triple arm64-apple-ios15.5-simulator --target-triple x86_64-apple-ios15.5-simulator --binary-file /Users/zhouming/Library/Developer/Xcode/DerivedData/falcon-gsoilikaxsflzjexzrtqkcenvrbo/Build/Products/Release-iphonesimulator/falcon.app/falcon --dependency-file /Users/zhouming/Library/Developer/Xcode/DerivedData/falcon-gsoilikaxsflzjexzrtqkcenvrbo/Build/Intermediates.noindex/falcon.build/Release-iphonesimulator/falcon.build/Objects-normal/arm64/falcon_dependency_info.dat --dependency-file /Users/zhouming/Library/Developer/Xcode/DerivedData/falcon-gsoilikaxsflzjexzrtqkcenvrbo/Build/Intermediates.noindex/falcon.build/Release-iphonesimulator/falcon.build/Objects-normal/x86_64/falcon_dependency_info.dat --stringsdata-file /Users/zhouming/Library/Developer/Xcode/DerivedData/falcon-gsoilikaxsflzjexzrtqkcenvrbo/Build/Intermediates.noindex/falcon.build/Release-iphonesimulator/falcon.build/Objects-normal/arm64/ExtractedAppShortcutsMetadata.stringsdata --stringsdata-file /Users/zhouming/Library/Developer/Xcode/DerivedData/falcon-gsoilikaxsflzjexzrtqkcenvrbo/Build/Intermediates.noindex/falcon.build/Release-iphonesimulator/falcon.build/Objects-normal/x86_64/ExtractedAppShortcutsMetadata.stringsdata --source-file-list /Users/zhouming/Library/Developer/Xcode/DerivedData/falcon-gsoilikaxsflzjexzrtqkcenvrbo/Build/Intermediates.noindex/falcon.build/Release-iphonesimulator/falcon.build/Objects-normal/arm64/falcon.SwiftFileList --source-file-list /Users/zhouming/Library/Developer/Xcode/DerivedData/falcon-gsoilikaxsflzjexzrtqkcenvrbo/Build/Intermediates.noindex/falcon.build/Release-iphonesimulator/falcon.build/Objects-normal/x86_64/falcon.SwiftFileList --metadata-file-list /Users/zhouming/Library/Developer/Xcode/DerivedData/falcon-gsoilikaxsflzjexzrtqkcenvrbo/Build/Intermediates.noindex/falcon.build/Release-iphonesimulator/falcon.build/falcon.DependencyMetadataFileList --static-metadata-file-list /Users/zhouming/Library/Developer/Xcode/DerivedData/falcon-gsoilikaxsflzjexzrtqkcenvrbo/Build/Intermediates.noindex/falcon.build/Release-iphonesimulator/falcon.build/falcon.DependencyStaticMetadataFileList --swift-const-vals-list /Users/zhouming/Library/Developer/Xcode/DerivedData/falcon-gsoilikaxsflzjexzrtqkcenvrbo/Build/Intermediates.noindex/falcon.build/Release-iphonesimulator/falcon.build/Objects-normal/arm64/falcon.SwiftConstValuesFileList --swift-const-vals-list /Users/zhouming/Library/Developer/Xcode/DerivedData/falcon-gsoilikaxsflzjexzrtqkcenvrbo/Build/Intermediates.noindex/falcon.build/Release-iphonesimulator/falcon.build/Objects-normal/x86_64/falcon.SwiftConstValuesFileList --compile-time-extraction --deployment-aware-processing --validate-assistant-intents --no-app-shortcuts-localization
2026-02-13 11:15:28.403 appintentsmetadataprocessor[4227:4303915] Starting appintentsmetadataprocessor export
2026-02-13 11:15:28.413 appintentsmetadataprocessor[4227:4303915] warning: Metadata extraction skipped. No AppIntents.framework dependency found.

AppIntentsSSUTraining (in target 'falcon' from project 'falcon')
    cd /Users/zhouming/Desktop/falcon
    /Applications/Xcode.app/Contents/Developer/Toolchains/XcodeDefault.xctoolchain/usr/bin/appintentsnltrainingprocessor --infoplist-path /Users/zhouming/Library/Developer/Xcode/DerivedData/falcon-gsoilikaxsflzjexzrtqkcenvrbo/Build/Products/Release-iphonesimulator/falcon.app/Info.plist --temp-dir-path /Users/zhouming/Library/Developer/Xcode/DerivedData/falcon-gsoilikaxsflzjexzrtqkcenvrbo/Build/Intermediates.noindex/falcon.build/Release-iphonesimulator/falcon.build/ssu --bundle-id com.ss.ringdemo.falcon --product-path /Users/zhouming/Library/Developer/Xcode/DerivedData/falcon-gsoilikaxsflzjexzrtqkcenvrbo/Build/Products/Release-iphonesimulator/falcon.app --extracted-metadata-path /Users/zhouming/Library/Developer/Xcode/DerivedData/falcon-gsoilikaxsflzjexzrtqkcenvrbo/Build/Products/Release-iphonesimulator/falcon.app/Metadata.appintents --metadata-file-list /Users/zhouming/Library/Developer/Xcode/DerivedData/falcon-gsoilikaxsflzjexzrtqkcenvrbo/Build/Intermediates.noindex/falcon.build/Release-iphonesimulator/falcon.build/falcon.DependencyMetadataFileList --archive-ssu-assets
2026-02-13 11:15:28.437 appintentsnltrainingprocessor[4228:4303921] Parsing options for appintentsnltrainingprocessor
2026-02-13 11:15:28.438 appintentsnltrainingprocessor[4228:4303921] No AppShortcuts found - Skipping.

CodeSign /Users/zhouming/Library/Developer/Xcode/DerivedData/falcon-gsoilikaxsflzjexzrtqkcenvrbo/Build/Products/Release-iphonesimulator/falcon.app (in target 'falcon' from project 'falcon')
    cd /Users/zhouming/Desktop/falcon
    
    Signing Identity:     "Sign to Run Locally"
    
    /usr/bin/codesign --force --sign - --timestamp\=none --generate-entitlement-der /Users/zhouming/Library/Developer/Xcode/DerivedData/falcon-gsoilikaxsflzjexzrtqkcenvrbo/Build/Products/Release-iphonesimulator/falcon.app

RegisterExecutionPolicyException /Users/zhouming/Library/Developer/Xcode/DerivedData/falcon-gsoilikaxsflzjexzrtqkcenvrbo/Build/Products/Release-iphonesimulator/falcon.app (in target 'falcon' from project 'falcon')
    cd /Users/zhouming/Desktop/falcon
    builtin-RegisterExecutionPolicyException /Users/zhouming/Library/Developer/Xcode/DerivedData/falcon-gsoilikaxsflzjexzrtqkcenvrbo/Build/Products/Release-iphonesimulator/falcon.app

Validate /Users/zhouming/Library/Developer/Xcode/DerivedData/falcon-gsoilikaxsflzjexzrtqkcenvrbo/Build/Products/Release-iphonesimulator/falcon.app (in target 'falcon' from project 'falcon')
    cd /Users/zhouming/Desktop/falcon
    builtin-validationUtility /Users/zhouming/Library/Developer/Xcode/DerivedData/falcon-gsoilikaxsflzjexzrtqkcenvrbo/Build/Products/Release-iphonesimulator/falcon.app -validate-for-store -shallow-bundle -infoplist-subpath Info.plist

Touch /Users/zhouming/Library/Developer/Xcode/DerivedData/falcon-gsoilikaxsflzjexzrtqkcenvrbo/Build/Products/Release-iphonesimulator/falcon.app (in target 'falcon' from project 'falcon')
    cd /Users/zhouming/Desktop/falcon
    /usr/bin/touch -c /Users/zhouming/Library/Developer/Xcode/DerivedData/falcon-gsoilikaxsflzjexzrtqkcenvrbo/Build/Products/Release-iphonesimulator/falcon.app

** BUILD SUCCEEDED **

